request_id,requested_items,status,priority,is_urgent,is_from_wholesaler,total_value,price_per_item,order_type
1,28,Approved,medium,False,True,4276.3,152.72,material_for_production
2,5,Rejected,medium,False,False,6867.96,1373.59,material_for_production
3,35,Approved,medium,False,True,6164.85,176.14,office_equipment
4,25,Rejected,medium,True,False,2635.66,105.43,material_for_production
5,14,Rejected,high,False,True,4715.39,336.81,material_for_production
6,21,Rejected,medium,False,True,5130.04,244.29,material_for_production
7,17,Approved,medium,False,True,5427.18,319.25,other
8,33,Rejected,high,False,False,3584.41,108.62,material_for_production
9,33,Rejected,medium,True,True,6507.98,197.21,material_for_production
10,30,Approved,medium,True,True,2622.71,87.42,office_equipment
11,31,Approved,medium,True,False,5650.45,182.27,material_for_production
12,18,Approved,high,False,True,4388.33,243.8,material_for_production
13,14,Rejected,medium,False,True,2943.47,210.25,office_equipment
14,20,Rejected,medium,True,True,3952.29,197.61,material_for_production
15,15,Approved,high,True,True,3145.48,209.7,material_for_production
16,6,Rejected,medium,True,True,6228.94,1038.16,material_for_production
17,12,Approved,low,False,True,4118.82,343.23,material_for_production
18,25,Rejected,high,False,True,6606.96,264.28,office_equipment
19,33,Rejected,medium,True,True,2373.43,71.92,office_equipment
20,14,Approved,medium,True,False,4328.01,309.14,office_equipment
21,7,Rejected,high,True,True,2198.86,314.12,office_equipment
22,22,Approved,medium,True,True,6552.2,297.83,office_equipment
23,17,Approved,medium,True,True,2025.03,119.12,office_equipment
24,32,Rejected,medium,False,True,4637.39,144.92,other
25,10,Approved,medium,False,False,6044.94,604.49,material_for_production
26,26,Rejected,high,False,False,6829.96,262.69,material_for_production
27,39,Rejected,medium,False,True,2779.68,71.27,material_for_production
28,38,Approved,medium,True,False,5284.18,139.06,material_for_production
29,19,Approved,high,True,True,3784.9,199.21,material_for_production
30,6,Rejected,medium,False,True,4731.33,788.55,other
31,33,Approved,high,True,True,4108.04,124.49,office_equipment
32,10,Approved,high,True,True,1607.14,160.71,material_for_production
33,14,Rejected,medium,False,True,2499.95,178.57,office_equipment
34,8,Rejected,medium,False,False,6410.88,801.36,material_for_production
35,30,Approved,medium,False,True,5524.49,184.15,office_equipment
36,19,Rejected,medium,False,True,3132.2,164.85,other
37,34,Approved,medium,True,False,3109.36,91.45,office_equipment
38,26,Approved,medium,False,True,4404.06,169.39,office_equipment
39,18,Rejected,high,True,False,6340.81,352.27,office_equipment
40,31,Approved,medium,False,True,4446.43,143.43,material_for_production
41,34,Rejected,low,True,True,3086.33,90.77,office_equipment
42,14,Rejected,medium,False,True,6376.31,455.45,office_equipment
43,6,Rejected,medium,False,False,6760.77,1126.8,material_for_production
44,24,Approved,high,False,True,6329.4,263.72,material_for_production
45,26,Rejected,medium,True,True,5856.11,225.23,material_for_production
46,24,Approved,high,False,False,4264.42,177.68,material_for_production
47,23,Rejected,high,False,False,4626.38,201.15,office_equipment
48,17,Rejected,medium,True,True,3695.98,217.41,office_equipment
49,37,Approved,medium,True,True,1939.31,52.41,material_for_production
50,10,Rejected,high,True,False,5741.21,574.12,other
51,40,Rejected,medium,False,True,6707.93,167.7,material_for_production
52,9,Approved,medium,True,True,6419.09,713.23,material_for_production
53,17,Approved,high,True,False,6873.04,404.3,material_for_production
54,38,Rejected,high,False,True,6388.58,168.12,material_for_production
55,36,Approved,high,True,False,2870.17,79.73,office_equipment
56,15,Approved,high,True,True,4297.1,286.47,office_equipment
57,32,Approved,medium,True,True,6488.21,202.76,office_equipment
58,25,Rejected,medium,True,False,6784.47,271.38,office_equipment
59,24,Rejected,medium,True,True,3846.14,160.26,other
60,19,Rejected,medium,False,True,2855.54,150.29,material_for_production
61,32,Rejected,medium,True,True,2604.71,81.4,other
62,23,Rejected,medium,False,True,4607.76,200.34,other
63,27,Approved,medium,True,True,5485.07,203.15,material_for_production
64,13,Approved,medium,False,True,2320.02,178.46,material_for_production
65,32,Rejected,low,True,False,5568.99,174.03,material_for_production
66,18,Rejected,medium,False,True,2777.33,154.3,office_equipment
67,35,Rejected,medium,False,True,3818.09,109.09,material_for_production
68,24,Rejected,medium,False,False,5268.05,219.5,other
69,5,Rejected,medium,True,False,2241.75,448.35,office_equipment
70,33,Rejected,medium,True,True,6896.45,208.98,office_equipment
71,31,Approved,medium,True,True,4381.24,141.33,office_equipment
72,32,Rejected,high,False,True,5698.48,178.08,material_for_production
73,37,Approved,high,False,True,4205.79,113.67,other
74,32,Approved,high,True,False,2931.67,91.61,material_for_production
75,13,Approved,high,False,True,4160.22,320.02,material_for_production
76,17,Rejected,low,False,True,3346.7,196.86,material_for_production
77,35,Approved,medium,True,True,2340.57,66.87,office_equipment
78,27,Approved,high,True,False,1544.5,57.2,other
79,23,Approved,medium,True,True,1613.39,70.15,office_equipment
80,16,Approved,high,True,True,4750.23,296.89,other
81,37,Rejected,medium,True,False,4464.66,120.67,office_equipment
82,40,Rejected,high,True,False,4492.78,112.32,material_for_production
83,26,Approved,medium,True,False,4612.75,177.41,material_for_production
84,26,Rejected,medium,False,True,4143.45,159.36,material_for_production
85,25,Approved,medium,True,False,6270.99,250.84,material_for_production
86,28,Approved,medium,False,False,6752.59,241.16,material_for_production
87,6,Approved,medium,True,True,4405.15,734.19,material_for_production
88,32,Approved,medium,False,True,4881.47,152.55,material_for_production
89,36,Rejected,high,True,True,4343.94,120.66,office_equipment
90,34,Approved,high,False,False,1866.62,54.9,office_equipment
91,35,Rejected,low,True,True,3918.05,111.94,office_equipment
92,35,Rejected,high,False,False,4161.75,118.91,material_for_production
93,31,Rejected,medium,False,True,4018.58,129.63,office_equipment
94,22,Rejected,medium,False,True,5947.91,270.36,material_for_production
95,28,Rejected,medium,False,True,4040.01,144.29,material_for_production
96,10,Rejected,medium,True,False,6476.13,647.61,other
97,31,Approved,high,False,True,4857.25,156.69,other
98,26,Approved,high,True,False,5397.23,207.59,other
99,31,Rejected,medium,False,True,3281.48,105.85,other
100,37,Rejected,medium,False,False,5237.34,141.55,office_equipment
101,33,Rejected,low,True,False,1837.68,55.69,material_for_production
102,40,Approved,medium,True,True,2843.9,71.1,office_equipment
103,13,Rejected,medium,True,True,4671.48,359.34,office_equipment
104,34,Approved,medium,True,False,3558.55,104.66,material_for_production
105,8,Rejected,medium,False,True,6730.91,841.36,office_equipment
106,21,Rejected,medium,False,True,2548.87,121.37,material_for_production
107,16,Rejected,high,False,False,6858.88,428.68,office_equipment
108,26,Rejected,medium,True,True,1534.24,59.01,other
109,14,Approved,medium,False,True,2503.4,178.81,other
110,26,Approved,medium,True,False,3490.29,134.24,material_for_production
111,35,Approved,low,True,True,5519.13,157.69,material_for_production
112,21,Approved,medium,False,True,6786.41,323.16,material_for_production
113,12,Rejected,medium,False,True,6377.77,531.48,office_equipment
114,34,Approved,high,True,True,6656.22,195.77,material_for_production
115,10,Rejected,medium,True,True,5083.2,508.32,material_for_production
116,20,Approved,high,True,True,4448.47,222.42,office_equipment
117,10,Rejected,high,True,True,3157.47,315.75,office_equipment
118,29,Rejected,medium,True,True,5100.81,175.89,office_equipment
119,34,Approved,high,True,True,4245.73,124.87,material_for_production
120,25,Approved,medium,True,True,3815.47,152.62,office_equipment
121,34,Approved,medium,True,True,4983.02,146.56,other
122,8,Approved,medium,True,True,4798.44,599.8,office_equipment
123,38,Rejected,medium,False,False,6920.79,182.13,office_equipment
124,7,Approved,medium,True,False,6311.0,901.57,other
125,40,Rejected,high,True,True,5155.5,128.89,material_for_production
126,31,Rejected,medium,False,False,4066.72,131.18,other
127,37,Approved,medium,True,True,5381.96,145.46,office_equipment
128,36,Approved,high,False,False,5133.4,142.59,other
129,26,Approved,medium,True,True,5104.37,196.32,office_equipment
130,36,Approved,medium,True,True,1517.19,42.14,material_for_production
131,17,Approved,high,False,True,1691.34,99.49,material_for_production
132,22,Rejected,medium,False,True,3355.01,152.5,material_for_production
133,19,Rejected,high,False,False,2527.63,133.03,other
134,16,Approved,medium,True,True,6099.03,381.19,material_for_production
135,8,Approved,medium,True,True,5297.03,662.13,material_for_production
136,6,Approved,high,True,True,5039.73,839.95,material_for_production
137,25,Rejected,high,True,False,4963.55,198.54,other
138,29,Approved,high,True,True,5020.47,173.12,other
139,13,Approved,medium,True,False,3539.61,272.28,office_equipment
140,8,Approved,medium,False,True,1865.66,233.21,office_equipment
141,6,Rejected,medium,False,True,4399.2,733.2,office_equipment
142,18,Approved,high,True,True,3177.12,176.51,office_equipment
143,13,Rejected,low,False,True,2943.06,226.39,office_equipment
144,14,Approved,medium,True,True,6222.93,444.5,material_for_production
145,11,Approved,low,False,True,4333.86,393.99,material_for_production
146,26,Rejected,medium,False,True,4908.25,188.78,other
147,17,Rejected,medium,False,True,4487.39,263.96,material_for_production
148,23,Approved,medium,False,True,2706.79,117.69,material_for_production
149,5,Rejected,medium,False,False,5027.78,1005.56,material_for_production
150,13,Approved,medium,False,False,3645.04,280.39,office_equipment
151,18,Rejected,high,False,True,2672.7,148.48,other
152,5,Approved,high,True,False,1612.37,322.47,office_equipment
153,39,Approved,high,True,False,4421.75,113.38,other
154,29,Approved,high,False,True,4095.23,141.21,other
155,34,Rejected,medium,True,False,4530.35,133.25,material_for_production
156,7,Approved,medium,True,True,6462.76,923.25,other
157,36,Rejected,medium,False,True,4908.52,136.35,material_for_production
158,14,Rejected,medium,False,False,6081.46,434.39,other
159,29,Rejected,medium,True,True,6929.36,238.94,office_equipment
160,38,Approved,high,True,True,2903.57,76.41,material_for_production
161,10,Approved,medium,True,True,3899.22,389.92,material_for_production
162,13,Rejected,low,False,False,3804.19,292.63,material_for_production
163,17,Rejected,high,False,True,3246.79,190.99,material_for_production
164,6,Approved,high,True,True,1561.46,260.24,material_for_production
165,40,Approved,medium,True,True,6535.83,163.4,other
166,31,Rejected,medium,True,False,4748.21,153.17,office_equipment
167,6,Approved,medium,False,True,6143.61,1023.93,office_equipment
168,28,Approved,medium,False,True,4327.79,154.56,office_equipment
169,8,Approved,high,True,True,4604.73,575.59,material_for_production
170,37,Approved,medium,False,True,6897.84,186.43,material_for_production
171,16,Approved,medium,False,True,3798.98,237.44,material_for_production
172,16,Rejected,high,False,False,4317.21,269.83,office_equipment
173,17,Rejected,medium,True,True,5231.4,307.73,office_equipment
174,31,Rejected,low,True,False,6190.12,199.68,other
175,15,Approved,medium,False,True,1945.25,129.68,material_for_production
176,26,Rejected,medium,True,True,4722.17,181.62,other
177,22,Approved,high,False,True,4212.3,191.47,office_equipment
178,30,Approved,medium,True,True,4708.93,156.96,material_for_production
179,18,Approved,high,False,False,3541.52,196.75,material_for_production
180,11,Approved,medium,False,True,6807.19,618.84,material_for_production
181,20,Approved,medium,False,True,2598.08,129.9,material_for_production
182,9,Approved,medium,True,False,1614.33,179.37,other
183,29,Approved,medium,False,True,5087.26,175.42,material_for_production
184,19,Approved,medium,False,True,4739.6,249.45,office_equipment
185,34,Rejected,high,False,True,1917.76,56.4,office_equipment
186,7,Approved,medium,False,True,5519.01,788.43,office_equipment
187,28,Rejected,medium,False,True,5826.59,208.09,other
188,14,Rejected,medium,True,False,5606.41,400.46,material_for_production
189,17,Approved,medium,False,True,2523.85,148.46,material_for_production
190,33,Approved,medium,True,True,5847.49,177.2,material_for_production
191,8,Approved,medium,False,True,3042.4,380.3,office_equipment
192,19,Rejected,medium,False,True,3542.25,186.43,office_equipment
193,37,Rejected,high,False,True,5444.25,147.14,office_equipment
194,36,Rejected,high,False,False,5918.89,164.41,material_for_production
195,40,Approved,high,True,True,2290.89,57.27,material_for_production
196,6,Rejected,high,True,False,5613.64,935.61,office_equipment
197,12,Approved,high,True,True,2959.8,246.65,other
198,8,Rejected,medium,False,True,6638.13,829.77,material_for_production
199,38,Approved,low,True,True,1996.83,52.55,material_for_production
200,31,Rejected,high,False,True,5402.65,174.28,material_for_production
201,27,Rejected,high,True,True,5900.79,218.55,other
202,20,Approved,high,True,True,2367.4,118.37,material_for_production
203,40,Approved,medium,True,True,3389.67,84.74,other
204,29,Approved,medium,True,True,1888.86,65.13,office_equipment
205,6,Rejected,medium,True,True,6108.87,1018.14,office_equipment
206,12,Approved,medium,True,True,2330.3,194.19,material_for_production
207,5,Rejected,high,True,True,6453.93,1290.79,material_for_production
208,33,Approved,medium,True,True,1859.96,56.36,other
209,12,Approved,high,True,True,6882.59,573.55,office_equipment
210,25,Rejected,high,True,False,3113.14,124.53,material_for_production
211,8,Rejected,high,False,True,2123.56,265.44,other
212,20,Approved,high,True,True,6322.3,316.12,material_for_production
213,21,Rejected,high,True,False,2650.63,126.22,other
214,14,Rejected,medium,False,False,5146.61,367.61,material_for_production
215,24,Rejected,low,True,True,3934.3,163.93,office_equipment
216,39,Approved,medium,False,True,6801.02,174.39,other
217,36,Approved,medium,True,True,2434.05,67.61,material_for_production
218,32,Approved,low,True,True,2741.25,85.66,material_for_production
219,24,Approved,medium,True,True,4224.28,176.01,material_for_production
220,35,Rejected,medium,True,True,2977.73,85.08,office_equipment
221,34,Rejected,medium,False,False,2332.45,68.6,office_equipment
222,36,Rejected,medium,False,True,6966.44,193.51,other
223,31,Approved,high,True,True,4359.41,140.63,material_for_production
224,26,Approved,medium,True,True,2648.85,101.88,material_for_production
225,13,Approved,medium,False,True,2408.22,185.25,other
226,37,Rejected,medium,False,True,6888.99,186.19,material_for_production
227,27,Rejected,high,False,True,2022.82,74.92,office_equipment
228,10,Approved,high,True,True,2710.25,271.02,material_for_production
229,37,Rejected,high,True,True,5908.37,159.69,office_equipment
230,33,Approved,medium,True,True,3064.0,92.85,other
231,33,Rejected,high,False,True,4818.65,146.02,office_equipment
232,28,Approved,medium,False,True,3551.92,126.85,material_for_production
233,6,Approved,medium,False,True,2469.57,411.6,material_for_production
234,16,Approved,medium,True,True,4597.03,287.31,material_for_production
235,7,Approved,high,False,True,5669.55,809.94,material_for_production
236,34,Rejected,medium,False,True,3452.45,101.54,other
237,14,Rejected,medium,True,True,2598.57,185.61,office_equipment
238,12,Rejected,high,False,True,6095.02,507.92,office_equipment
239,18,Approved,high,False,True,4145.73,230.32,office_equipment
240,32,Approved,medium,True,False,4592.65,143.52,other
241,8,Approved,high,True,False,2704.4,338.05,other
242,20,Approved,medium,True,True,4264.8,213.24,material_for_production
243,27,Rejected,high,True,True,5568.6,206.24,other
244,40,Approved,medium,False,False,2073.34,51.83,material_for_production
245,34,Rejected,medium,False,True,2499.2,73.51,material_for_production
246,8,Rejected,high,True,False,5862.83,732.85,material_for_production
247,29,Approved,medium,True,True,2374.64,81.88,office_equipment
248,30,Rejected,high,False,True,5845.69,194.86,office_equipment
249,29,Approved,medium,True,True,6306.88,217.48,material_for_production
250,32,Approved,medium,False,True,1727.91,54.0,material_for_production
251,40,Approved,medium,True,True,3646.02,91.15,material_for_production
252,11,Approved,medium,True,True,4388.7,398.97,material_for_production
253,7,Rejected,medium,False,True,2815.59,402.23,material_for_production
254,30,Approved,high,True,True,6732.4,224.41,material_for_production
255,7,Approved,medium,False,True,3777.03,539.58,office_equipment
256,34,Approved,medium,True,True,5621.56,165.34,material_for_production
257,18,Approved,medium,False,True,1814.71,100.82,office_equipment
258,22,Rejected,medium,False,True,6049.49,274.98,office_equipment
259,10,Approved,medium,False,True,1661.6,166.16,material_for_production
260,27,Rejected,medium,True,True,1923.99,71.26,material_for_production
261,31,Rejected,medium,False,True,3740.74,120.67,other
262,31,Approved,medium,False,True,6837.04,220.55,material_for_production
263,23,Rejected,medium,False,False,6791.89,295.3,office_equipment
264,38,Rejected,medium,False,True,5151.66,135.57,material_for_production
265,37,Approved,medium,True,True,3235.42,87.44,material_for_production
266,32,Approved,medium,True,True,2631.66,82.24,other
267,25,Approved,medium,True,True,6810.41,272.42,material_for_production
268,9,Rejected,high,True,False,4256.12,472.9,material_for_production
269,14,Rejected,medium,False,True,3784.34,270.31,material_for_production
270,19,Approved,high,False,True,5314.76,279.72,office_equipment
271,18,Approved,medium,True,True,3803.47,211.3,material_for_production
272,39,Approved,medium,True,True,1801.85,46.2,other
273,37,Approved,medium,True,True,4500.65,121.64,office_equipment
274,22,Approved,medium,False,True,3477.28,158.06,office_equipment
275,24,Approved,medium,True,True,6579.21,274.13,office_equipment
276,8,Approved,low,True,True,1931.21,241.4,office_equipment
277,21,Approved,high,False,True,6460.08,307.62,office_equipment
278,33,Rejected,high,True,True,3858.85,116.93,office_equipment
279,15,Rejected,low,True,True,5060.62,337.37,office_equipment
280,26,Approved,medium,True,True,4766.61,183.33,material_for_production
281,35,Approved,high,True,True,2282.4,65.21,office_equipment
282,34,Rejected,medium,False,False,6394.64,188.08,material_for_production
283,7,Rejected,low,True,True,6770.19,967.17,material_for_production
284,37,Rejected,medium,False,False,2502.13,67.63,office_equipment
285,21,Rejected,medium,False,True,5331.34,253.87,other
286,36,Rejected,medium,True,True,4884.94,135.69,other
287,28,Approved,medium,False,False,5799.67,207.13,material_for_production
288,34,Approved,low,True,True,6249.1,183.8,other
289,20,Approved,low,False,True,1831.84,91.59,other
290,36,Approved,high,True,True,3992.83,110.91,material_for_production
291,17,Approved,medium,True,True,5099.72,299.98,other
292,5,Rejected,medium,False,True,5107.02,1021.4,material_for_production
293,37,Rejected,medium,False,True,3765.54,101.77,other
294,17,Approved,medium,True,True,2752.03,161.88,material_for_production
295,30,Approved,high,True,False,1564.11,52.14,material_for_production
296,27,Approved,medium,True,False,5920.91,219.29,material_for_production
297,22,Approved,medium,False,True,1626.2,73.92,material_for_production
298,28,Rejected,low,True,True,4264.83,152.32,other
299,26,Approved,medium,True,False,1604.83,61.72,material_for_production
300,7,Rejected,high,False,False,3589.99,512.86,material_for_production
301,16,Rejected,medium,True,True,5131.33,320.71,material_for_production
302,15,Approved,medium,False,True,3608.16,240.54,office_equipment
303,30,Approved,medium,False,True,2021.16,67.37,material_for_production
304,15,Approved,high,True,True,3318.37,221.22,other
305,38,Rejected,medium,False,True,6862.04,180.58,other
306,28,Approved,medium,False,True,3482.31,124.37,other
307,10,Approved,low,False,False,3231.27,323.13,material_for_production
308,33,Rejected,high,True,False,3291.64,99.75,material_for_production
309,25,Approved,medium,False,True,2960.67,118.43,material_for_production
310,27,Approved,medium,True,True,6398.09,236.97,material_for_production
311,5,Approved,high,True,False,6765.18,1353.04,material_for_production
312,37,Rejected,high,False,True,2497.53,67.5,material_for_production
313,27,Rejected,medium,False,False,1944.43,72.02,material_for_production
314,22,Approved,high,True,True,4315.62,196.16,office_equipment
315,11,Rejected,medium,False,True,5448.09,495.28,material_for_production
316,23,Approved,medium,False,False,3863.87,167.99,material_for_production
317,21,Approved,medium,False,True,1805.63,85.98,office_equipment
318,37,Rejected,high,True,True,2864.7,77.42,material_for_production
319,19,Rejected,high,True,True,5218.45,274.66,office_equipment
320,6,Approved,high,True,True,6917.76,1152.96,material_for_production
321,5,Approved,high,True,True,5547.28,1109.46,material_for_production
322,8,Approved,high,False,False,1917.68,239.71,office_equipment
323,30,Approved,medium,False,False,3518.09,117.27,office_equipment
324,32,Rejected,medium,False,True,2742.31,85.7,office_equipment
325,40,Rejected,medium,True,True,2018.45,50.46,office_equipment
326,27,Approved,medium,True,True,1671.69,61.91,material_for_production
327,18,Rejected,medium,False,True,2026.66,112.59,material_for_production
328,8,Rejected,low,False,False,1901.81,237.73,office_equipment
329,14,Approved,high,False,True,3283.5,234.54,material_for_production
330,26,Rejected,medium,True,False,6230.08,239.62,office_equipment
331,8,Approved,high,False,False,4598.53,574.82,other
332,36,Approved,high,True,True,3072.66,85.35,other
333,8,Approved,high,True,False,2500.69,312.59,material_for_production
334,22,Approved,high,False,True,2512.04,114.18,office_equipment
335,5,Approved,medium,True,True,2390.22,478.04,material_for_production
336,36,Rejected,high,True,True,6753.64,187.6,material_for_production
337,9,Approved,medium,True,True,2511.87,279.1,other
338,30,Approved,high,True,True,3105.52,103.52,other
339,10,Rejected,high,True,True,5845.29,584.53,other
340,31,Rejected,low,False,True,6133.95,197.87,office_equipment
341,37,Rejected,medium,False,False,6649.29,179.71,other
342,31,Rejected,high,True,True,4502.84,145.25,material_for_production
343,19,Approved,medium,False,False,6482.91,341.21,office_equipment
344,35,Approved,high,True,False,5290.42,151.15,material_for_production
345,34,Approved,high,True,True,4365.53,128.4,other
346,22,Approved,medium,False,True,5031.33,228.7,other
347,19,Approved,medium,True,True,2558.68,134.67,material_for_production
348,24,Rejected,high,False,True,6139.0,255.79,material_for_production
349,12,Rejected,high,True,True,1716.17,143.01,material_for_production
350,9,Approved,medium,False,True,2833.3,314.81,material_for_production
351,30,Rejected,high,True,True,1522.89,50.76,other
352,8,Rejected,medium,True,True,2962.66,370.33,other
353,11,Approved,medium,False,True,4944.58,449.51,material_for_production
354,16,Approved,medium,True,True,6311.86,394.49,material_for_production
355,23,Approved,medium,False,True,2060.27,89.58,material_for_production
356,23,Approved,medium,False,True,2227.8,96.86,material_for_production
357,22,Rejected,medium,True,False,3823.07,173.78,other
358,37,Rejected,medium,False,True,3674.11,99.3,material_for_production
359,40,Approved,medium,True,True,1966.49,49.16,office_equipment
360,22,Approved,medium,True,True,1559.59,70.89,office_equipment
361,21,Approved,high,False,True,4068.9,193.76,material_for_production
362,17,Approved,high,True,True,2795.58,164.45,office_equipment
363,30,Rejected,medium,False,True,5736.3,191.21,office_equipment
364,38,Rejected,low,True,True,6425.66,169.1,office_equipment
365,18,Approved,medium,True,True,3520.12,195.56,material_for_production
366,28,Rejected,medium,True,True,6362.28,227.22,other
367,12,Approved,medium,False,True,6876.73,573.06,material_for_production
368,9,Rejected,medium,True,True,2446.81,271.87,office_equipment
369,25,Approved,medium,False,True,4599.78,183.99,material_for_production
370,10,Approved,medium,False,False,2073.7,207.37,material_for_production
371,35,Rejected,medium,True,True,6813.85,194.68,material_for_production
372,9,Rejected,medium,False,True,6355.96,706.22,office_equipment
373,34,Approved,medium,False,True,3881.61,114.17,material_for_production
374,33,Approved,high,True,True,5424.79,164.39,office_equipment
375,30,Rejected,high,True,True,4595.82,153.19,material_for_production
376,35,Approved,high,False,True,2095.85,59.88,material_for_production
377,33,Rejected,low,True,True,5710.59,173.05,material_for_production
378,8,Rejected,medium,False,False,1760.71,220.09,material_for_production
379,8,Approved,medium,True,True,6453.52,806.69,material_for_production
380,32,Approved,medium,False,False,2277.59,71.17,material_for_production
381,36,Approved,medium,True,True,5365.45,149.04,office_equipment
382,25,Rejected,medium,False,True,2801.69,112.07,material_for_production
383,38,Rejected,medium,True,True,5764.78,151.7,material_for_production
384,37,Approved,high,False,True,2806.26,75.84,material_for_production
385,25,Rejected,medium,True,True,3028.23,121.13,other
386,19,Approved,medium,True,True,1636.47,86.13,other
387,27,Rejected,medium,False,True,4153.84,153.85,office_equipment
388,8,Rejected,low,False,True,5739.42,717.43,other
389,21,Approved,medium,True,True,4886.86,232.71,material_for_production
390,23,Rejected,low,False,False,2819.93,122.61,office_equipment
391,11,Rejected,medium,False,True,5656.28,514.21,office_equipment
392,35,Approved,medium,True,False,4917.87,140.51,other
393,25,Approved,medium,True,True,5338.88,213.56,material_for_production
394,35,Rejected,medium,False,True,4072.1,116.35,office_equipment
395,19,Approved,high,True,True,5167.33,271.96,material_for_production
396,5,Approved,medium,True,True,6682.31,1336.46,office_equipment
397,26,Approved,high,True,True,6416.94,246.81,other
398,29,Approved,medium,True,True,3965.57,136.74,office_equipment
399,7,Approved,medium,True,True,3841.08,548.73,material_for_production
400,39,Rejected,medium,True,False,2169.06,55.62,other
401,29,Rejected,high,False,True,3334.34,114.98,office_equipment
402,28,Approved,medium,True,False,4655.27,166.26,material_for_production
403,14,Rejected,low,False,False,5677.5,405.54,material_for_production
404,13,Approved,high,False,False,5619.61,432.28,office_equipment
405,32,Approved,medium,True,True,6534.66,204.21,office_equipment
406,27,Approved,medium,False,True,1651.53,61.17,material_for_production
407,6,Rejected,low,False,True,6092.5,1015.42,office_equipment
408,7,Rejected,high,True,False,4598.5,656.93,office_equipment
409,9,Approved,medium,False,True,5631.62,625.74,material_for_production
410,27,Rejected,high,False,True,5065.67,187.62,other
411,29,Approved,medium,True,True,5764.78,198.79,material_for_production
412,34,Rejected,medium,False,False,6864.11,201.89,office_equipment
413,29,Approved,medium,True,True,3960.41,136.57,material_for_production
414,16,Rejected,medium,False,True,6564.24,410.26,material_for_production
415,34,Approved,low,False,True,6352.29,186.83,other
416,38,Approved,medium,False,True,6774.96,178.29,material_for_production
417,20,Approved,high,True,True,1626.68,81.33,material_for_production
418,37,Approved,medium,True,True,3235.38,87.44,office_equipment
419,40,Rejected,medium,True,True,5122.15,128.05,material_for_production
420,11,Approved,high,True,True,1535.11,139.56,material_for_production
421,17,Approved,high,True,True,1689.81,99.4,office_equipment
422,10,Rejected,high,False,True,6918.59,691.86,other
423,40,Rejected,medium,True,False,2781.25,69.53,material_for_production
424,29,Approved,medium,True,True,4451.04,153.48,other
425,33,Approved,low,False,True,6890.16,208.79,material_for_production
426,32,Approved,medium,False,True,2871.32,89.73,material_for_production
427,6,Rejected,medium,True,False,5800.19,966.7,material_for_production
428,23,Approved,low,True,True,5259.75,228.68,material_for_production
429,10,Approved,medium,False,False,1510.66,151.07,office_equipment
430,7,Approved,high,True,False,5075.08,725.01,material_for_production
431,22,Approved,high,True,False,3719.64,169.07,material_for_production
432,33,Rejected,medium,True,True,3536.07,107.15,material_for_production
433,20,Approved,medium,False,False,1621.39,81.07,material_for_production
434,31,Rejected,medium,False,True,5618.3,181.24,material_for_production
435,10,Rejected,high,False,False,6551.25,655.12,other
436,36,Approved,medium,False,True,2815.87,78.22,office_equipment
437,11,Rejected,high,True,True,6012.22,546.57,other
438,20,Approved,low,True,True,2375.19,118.76,office_equipment
439,27,Approved,high,False,True,6136.61,227.28,material_for_production
440,11,Approved,medium,False,True,5857.37,532.49,other
441,33,Approved,medium,False,False,2787.3,84.46,material_for_production
442,17,Rejected,low,True,True,2523.65,148.45,material_for_production
443,10,Approved,medium,False,False,3791.82,379.18,other
444,34,Rejected,high,False,True,3285.83,96.64,material_for_production
445,27,Approved,medium,False,True,5746.42,212.83,material_for_production
446,15,Rejected,high,False,True,6644.12,442.94,material_for_production
447,13,Rejected,medium,True,True,4299.2,330.71,office_equipment
448,12,Approved,medium,False,True,4431.0,369.25,other
449,17,Rejected,high,False,False,5524.8,324.99,other
450,39,Approved,medium,False,False,3092.55,79.3,material_for_production
451,7,Approved,high,True,True,6159.51,879.93,material_for_production
452,14,Rejected,medium,True,False,2131.07,152.22,material_for_production
453,8,Approved,high,True,True,2572.93,321.62,office_equipment
454,12,Approved,high,False,True,3377.82,281.49,material_for_production
455,33,Rejected,medium,False,False,2860.82,86.69,material_for_production
456,8,Approved,medium,True,True,4029.14,503.64,material_for_production
457,9,Rejected,high,False,True,5889.39,654.38,office_equipment
458,32,Approved,high,False,True,5373.52,167.92,material_for_production
459,39,Rejected,high,True,True,1828.24,46.88,office_equipment
460,10,Rejected,medium,False,False,2744.04,274.4,material_for_production
461,11,Approved,medium,False,True,5408.43,491.68,other
462,5,Approved,medium,False,False,3898.54,779.71,material_for_production
463,9,Rejected,high,False,False,4850.79,538.98,material_for_production
464,6,Approved,medium,True,True,4041.31,673.55,office_equipment
465,7,Approved,high,True,False,6884.71,983.53,office_equipment
466,15,Rejected,medium,True,False,2855.29,190.35,material_for_production
467,27,Approved,medium,False,False,6398.6,236.99,material_for_production
468,17,Rejected,high,False,True,6004.08,353.18,material_for_production
469,9,Approved,medium,False,True,2391.95,265.77,material_for_production
470,25,Rejected,medium,False,False,5486.33,219.45,material_for_production
471,14,Approved,high,False,True,4986.71,356.19,material_for_production
472,40,Rejected,medium,False,True,3433.0,85.83,material_for_production
473,27,Rejected,high,False,True,6493.32,240.49,office_equipment
474,6,Approved,medium,True,False,6985.9,1164.32,material_for_production
475,39,Rejected,low,True,False,6841.96,175.43,office_equipment
476,30,Rejected,medium,True,True,4370.37,145.68,office_equipment
477,33,Rejected,medium,False,True,5785.22,175.31,office_equipment
478,15,Approved,medium,True,True,2486.72,165.78,material_for_production
479,36,Approved,medium,True,False,2718.73,75.52,material_for_production
480,17,Rejected,medium,True,True,6893.04,405.47,office_equipment
481,33,Rejected,low,True,False,5111.42,154.89,other
482,11,Approved,medium,False,False,2270.47,206.41,material_for_production
483,8,Approved,medium,True,True,1599.39,199.92,material_for_production
484,34,Rejected,low,False,True,6235.7,183.4,material_for_production
485,20,Approved,medium,False,True,3402.86,170.14,material_for_production
486,12,Approved,medium,False,False,5026.25,418.85,material_for_production
487,20,Approved,medium,False,False,5627.24,281.36,office_equipment
488,27,Rejected,low,False,True,2023.6,74.95,office_equipment
489,14,Approved,high,False,True,2906.36,207.6,material_for_production
490,27,Approved,high,True,False,5594.19,207.19,material_for_production
491,11,Approved,medium,False,True,3184.57,289.51,material_for_production
492,25,Rejected,medium,False,True,3503.61,140.14,material_for_production
493,32,Rejected,medium,False,False,4045.74,126.43,material_for_production
494,40,Rejected,medium,False,True,4078.59,101.96,material_for_production
495,14,Rejected,medium,True,True,6659.64,475.69,office_equipment
496,30,Rejected,low,False,True,2521.41,84.05,material_for_production
497,29,Rejected,high,True,True,6332.37,218.36,other
498,17,Rejected,medium,True,True,4170.83,245.34,office_equipment
499,28,Approved,medium,False,True,3947.6,140.99,material_for_production
500,10,Approved,high,True,True,4360.54,436.05,other
501,36,Approved,high,True,True,4327.15,120.2,other
502,33,Rejected,high,False,False,6892.4,208.86,other
503,6,Rejected,medium,False,True,6188.34,1031.39,other
504,39,Rejected,medium,False,True,5936.89,152.23,office_equipment
505,18,Approved,low,False,True,1999.27,111.07,material_for_production
506,9,Approved,low,True,False,3381.03,375.67,material_for_production
507,18,Approved,medium,True,True,6232.54,346.25,material_for_production
508,22,Approved,low,False,True,2626.47,119.38,office_equipment
509,30,Approved,medium,True,True,5801.06,193.37,material_for_production
510,30,Rejected,medium,True,True,5989.9,199.66,office_equipment
511,40,Rejected,medium,False,True,3529.3,88.23,office_equipment
512,26,Rejected,medium,True,False,2571.05,98.89,other
513,22,Rejected,medium,False,True,3537.7,160.8,office_equipment
514,17,Approved,medium,False,False,5187.57,305.15,material_for_production
515,34,Rejected,high,False,True,5605.94,164.88,office_equipment
516,28,Rejected,low,False,False,2349.25,83.9,office_equipment
517,7,Approved,high,True,True,2038.97,291.28,material_for_production
518,13,Rejected,medium,True,True,2914.52,224.19,office_equipment
519,22,Approved,medium,True,True,1854.54,84.3,material_for_production
520,7,Approved,medium,False,True,2161.0,308.71,material_for_production
521,8,Approved,medium,True,True,5779.17,722.4,material_for_production
522,17,Approved,high,False,True,1855.91,109.17,office_equipment
523,19,Approved,medium,True,False,2428.4,127.81,material_for_production
524,15,Approved,medium,False,True,2086.36,139.09,office_equipment
525,9,Approved,medium,True,True,6540.17,726.69,office_equipment
526,9,Approved,medium,False,False,1872.9,208.1,office_equipment
527,35,Rejected,medium,False,True,3327.92,95.08,other
528,22,Rejected,medium,False,True,6452.01,293.27,office_equipment
529,30,Approved,medium,True,True,5201.94,173.4,material_for_production
530,38,Rejected,medium,False,False,2225.63,58.57,material_for_production
531,35,Approved,medium,False,True,1939.45,55.41,office_equipment
532,18,Approved,low,True,True,4979.28,276.63,office_equipment
533,25,Approved,low,True,True,3601.58,144.06,other
534,24,Approved,high,True,False,4573.28,190.55,other
535,35,Approved,high,False,False,3253.87,92.97,material_for_production
536,29,Rejected,medium,True,True,6312.81,217.68,other
537,33,Approved,medium,False,True,3051.19,92.46,material_for_production
538,29,Approved,high,True,False,5480.66,188.99,other
539,29,Rejected,medium,True,True,2983.63,102.88,material_for_production
540,14,Approved,high,True,True,5295.78,378.27,material_for_production
541,12,Rejected,medium,True,True,4621.87,385.16,office_equipment
542,21,Rejected,medium,True,False,2806.72,133.65,material_for_production
543,30,Rejected,low,False,True,3200.73,106.69,material_for_production
544,24,Approved,medium,False,True,4486.24,186.93,material_for_production
545,19,Rejected,high,True,True,3151.78,165.88,office_equipment
546,19,Approved,medium,False,True,1705.58,89.77,material_for_production
547,11,Approved,medium,True,False,4322.92,392.99,material_for_production
548,17,Approved,medium,True,True,2998.94,176.41,material_for_production
549,38,Approved,medium,True,True,4542.62,119.54,material_for_production
550,25,Approved,medium,True,False,4592.13,183.69,office_equipment
551,18,Approved,medium,True,True,5910.75,328.38,material_for_production
552,36,Approved,low,False,True,3871.14,107.53,office_equipment
553,9,Approved,low,False,True,2126.9,236.32,material_for_production
554,25,Approved,medium,True,False,3561.14,142.45,material_for_production
555,7,Approved,medium,False,False,6767.79,966.83,material_for_production
556,16,Rejected,medium,True,True,3739.34,233.71,office_equipment
557,32,Rejected,high,True,True,5143.37,160.73,material_for_production
558,22,Rejected,medium,True,True,3838.85,174.49,material_for_production
559,37,Rejected,medium,True,False,3242.01,87.62,material_for_production
560,6,Approved,medium,False,True,2991.91,498.65,material_for_production
561,20,Approved,medium,False,False,2841.13,142.06,material_for_production
562,24,Rejected,medium,False,False,1981.41,82.56,material_for_production
563,6,Rejected,high,True,False,3922.11,653.69,office_equipment
564,8,Approved,medium,True,True,3634.36,454.3,material_for_production
565,17,Rejected,medium,False,True,3372.2,198.36,office_equipment
566,17,Approved,high,True,True,2835.13,166.77,material_for_production
567,23,Rejected,high,True,True,3952.09,171.83,material_for_production
568,12,Approved,high,False,True,1673.96,139.5,office_equipment
569,14,Rejected,medium,False,True,3430.86,245.06,material_for_production
570,6,Rejected,medium,False,False,6101.7,1016.95,other
571,9,Rejected,high,True,True,5653.84,628.2,other
572,33,Approved,high,False,True,5395.35,163.5,material_for_production
573,19,Rejected,low,False,True,6153.98,323.89,other
574,12,Approved,high,False,True,1855.34,154.61,material_for_production
575,20,Approved,medium,False,True,1811.2,90.56,material_for_production
576,32,Approved,medium,True,False,3413.41,106.67,material_for_production
577,6,Approved,medium,True,True,5847.25,974.54,other
578,21,Approved,high,True,False,2454.3,116.87,material_for_production
579,12,Rejected,medium,True,True,5621.31,468.44,material_for_production
580,18,Rejected,medium,False,True,6190.77,343.93,material_for_production
581,19,Approved,medium,False,False,6109.8,321.57,office_equipment
582,27,Rejected,high,False,False,2453.83,90.88,office_equipment
583,25,Rejected,medium,False,True,2552.29,102.09,office_equipment
584,28,Rejected,high,True,True,2723.18,97.26,office_equipment
585,38,Approved,low,False,True,5695.83,149.89,material_for_production
586,12,Approved,medium,True,True,3441.3,286.78,material_for_production
587,15,Approved,low,True,True,3197.16,213.14,other
588,28,Rejected,medium,False,False,6950.41,248.23,office_equipment
589,16,Approved,medium,False,False,5225.13,326.57,other
590,23,Approved,high,True,True,3638.98,158.22,material_for_production
591,25,Approved,high,True,True,4538.49,181.54,other
592,28,Rejected,medium,True,False,2674.42,95.52,material_for_production
593,27,Rejected,medium,False,True,2037.79,75.47,other
594,19,Approved,high,False,False,1964.12,103.37,other
595,23,Approved,medium,False,False,6269.61,272.59,material_for_production
596,13,Rejected,medium,True,True,3681.21,283.17,office_equipment
597,18,Approved,high,True,False,1996.58,110.92,material_for_production
598,33,Approved,medium,True,True,4924.49,149.23,office_equipment
599,6,Approved,high,False,False,1982.25,330.38,office_equipment
600,23,Approved,high,False,False,4551.99,197.91,other
601,33,Rejected,low,True,True,6938.46,210.26,material_for_production
602,10,Approved,high,True,True,6688.79,668.88,office_equipment
603,6,Approved,high,True,True,5356.74,892.79,material_for_production
604,24,Approved,low,True,True,5748.66,239.53,material_for_production
605,18,Approved,high,True,False,2794.19,155.23,material_for_production
606,30,Approved,medium,True,True,4196.94,139.9,material_for_production
607,18,Approved,high,True,True,3302.05,183.45,material_for_production
608,26,Approved,medium,False,True,6427.67,247.22,office_equipment
609,25,Approved,medium,True,True,3119.56,124.78,material_for_production
610,31,Approved,high,True,True,3300.35,106.46,other
611,37,Rejected,high,False,True,5132.09,138.71,other
612,36,Approved,medium,True,True,3394.94,94.3,material_for_production
613,36,Approved,medium,False,True,1881.52,52.26,material_for_production
614,28,Rejected,medium,False,True,1619.3,57.83,office_equipment
615,40,Approved,medium,False,True,4966.27,124.16,office_equipment
616,18,Rejected,medium,False,False,6065.88,336.99,material_for_production
617,33,Approved,high,True,False,4685.02,141.97,other
618,38,Rejected,medium,False,True,1997.82,52.57,material_for_production
619,32,Rejected,medium,False,True,5676.14,177.38,material_for_production
620,21,Rejected,high,True,False,6898.67,328.51,office_equipment
621,17,Approved,medium,False,True,6956.01,409.18,material_for_production
622,35,Approved,high,True,True,6969.52,199.13,office_equipment
623,29,Rejected,medium,True,True,5614.57,193.61,other
624,37,Rejected,high,False,True,4675.13,126.35,material_for_production
625,16,Rejected,medium,True,True,6326.02,395.38,office_equipment
626,26,Approved,high,True,True,5451.82,209.69,office_equipment
627,37,Rejected,high,True,True,4615.34,124.74,office_equipment
628,11,Approved,medium,True,False,6741.12,612.83,material_for_production
629,9,Approved,medium,True,True,1951.43,216.83,material_for_production
630,21,Rejected,low,True,False,3629.37,172.83,material_for_production
631,39,Rejected,medium,False,True,5618.89,144.07,office_equipment
632,21,Rejected,high,False,True,4572.2,217.72,material_for_production
633,27,Approved,high,True,True,6546.78,242.47,material_for_production
634,24,Rejected,medium,False,False,2676.73,111.53,office_equipment
635,29,Approved,medium,True,True,1706.1,58.83,material_for_production
636,38,Approved,high,False,True,4259.7,112.1,material_for_production
637,7,Rejected,high,False,True,3652.61,521.8,material_for_production
638,32,Approved,high,True,True,5262.74,164.46,office_equipment
639,39,Rejected,high,False,False,6624.82,169.87,office_equipment
640,25,Approved,medium,False,True,2933.46,117.34,material_for_production
641,18,Rejected,medium,True,True,6292.32,349.57,material_for_production
642,37,Approved,medium,False,True,4926.68,133.15,material_for_production
643,37,Rejected,medium,False,False,6144.91,166.08,material_for_production
644,7,Rejected,medium,False,True,6844.06,977.72,material_for_production
645,22,Rejected,high,True,True,1657.32,75.33,office_equipment
646,20,Rejected,high,False,False,2005.41,100.27,material_for_production
647,7,Approved,medium,False,True,2041.12,291.59,material_for_production
648,27,Approved,medium,True,True,4759.26,176.27,office_equipment
649,23,Rejected,high,True,True,6335.01,275.44,other
650,8,Approved,high,True,False,2134.76,266.85,office_equipment
651,12,Rejected,medium,True,True,2018.83,168.24,other
652,30,Approved,high,True,True,3139.56,104.65,office_equipment
653,5,Approved,medium,True,True,3187.97,637.59,material_for_production
654,9,Approved,medium,True,True,3274.03,363.78,material_for_production
655,33,Approved,medium,True,True,3854.15,116.79,material_for_production
656,22,Rejected,high,False,False,5288.48,240.39,office_equipment
657,15,Rejected,medium,False,False,6925.99,461.73,other
658,13,Rejected,low,True,True,6122.23,470.94,other
659,33,Approved,low,True,True,2212.74,67.05,material_for_production
660,17,Approved,high,False,False,4964.75,292.04,other
661,34,Approved,medium,False,False,5748.3,169.07,material_for_production
662,7,Approved,high,True,True,4842.34,691.76,material_for_production
663,13,Rejected,medium,False,True,6781.87,521.68,material_for_production
664,33,Approved,medium,True,True,6350.73,192.45,material_for_production
665,23,Approved,high,True,True,4156.65,180.72,other
666,6,Rejected,low,True,True,6783.69,1130.62,other
667,11,Approved,high,True,True,4498.81,408.98,material_for_production
668,36,Rejected,high,True,False,3896.71,108.24,other
669,12,Rejected,medium,True,False,4727.48,393.96,other
670,34,Rejected,low,True,True,6054.71,178.08,material_for_production
671,27,Approved,medium,False,True,2032.72,75.29,office_equipment
672,34,Rejected,low,True,True,5534.97,162.79,material_for_production
673,33,Rejected,medium,True,True,4531.86,137.33,material_for_production
674,9,Approved,medium,True,False,5792.03,643.56,other
675,40,Approved,medium,True,True,3542.04,88.55,office_equipment
676,13,Approved,high,False,True,2512.22,193.25,other
677,28,Rejected,medium,False,False,1622.37,57.94,material_for_production
678,31,Rejected,medium,True,False,2976.08,96.0,office_equipment
679,22,Approved,high,False,True,3833.37,174.24,office_equipment
680,34,Approved,medium,False,True,6411.96,188.59,material_for_production
681,8,Approved,medium,False,True,5029.48,628.68,office_equipment
682,35,Rejected,high,True,True,3700.58,105.73,other
683,11,Rejected,high,False,False,1824.28,165.84,material_for_production
684,23,Rejected,low,False,False,4210.46,183.06,office_equipment
685,8,Approved,medium,True,True,5419.32,677.41,office_equipment
686,15,Rejected,medium,False,True,4442.38,296.16,other
687,38,Rejected,high,True,True,4656.99,122.55,office_equipment
688,15,Approved,medium,False,True,4928.86,328.59,material_for_production
689,20,Rejected,medium,True,False,2118.26,105.91,office_equipment
690,13,Rejected,high,True,True,5436.61,418.2,material_for_production
691,35,Approved,high,False,False,5888.14,168.23,material_for_production
692,37,Rejected,medium,False,False,4619.26,124.84,material_for_production
693,26,Rejected,high,False,False,5827.46,224.13,material_for_production
694,21,Rejected,medium,False,True,6832.52,325.36,material_for_production
695,17,Approved,medium,False,False,1524.48,89.68,office_equipment
696,37,Rejected,medium,True,True,6083.33,164.41,material_for_production
697,21,Approved,high,True,False,3796.2,180.77,other
698,40,Approved,low,True,False,4181.77,104.54,office_equipment
699,15,Rejected,medium,False,False,3375.63,225.04,other
700,26,Rejected,high,False,True,3400.34,130.78,other
701,12,Rejected,medium,True,False,2456.54,204.71,material_for_production
702,31,Approved,high,False,True,5641.09,181.97,material_for_production
703,26,Approved,low,False,True,3114.2,119.78,other
704,12,Rejected,medium,True,True,6698.52,558.21,material_for_production
705,39,Approved,medium,True,False,2249.47,57.68,material_for_production
706,20,Rejected,low,False,False,5107.58,255.38,office_equipment
707,27,Approved,medium,False,False,1553.31,57.53,material_for_production
708,21,Approved,medium,True,False,3511.34,167.21,material_for_production
709,39,Approved,high,True,False,3692.88,94.69,other
710,39,Approved,high,True,True,5124.26,131.39,other
711,39,Rejected,medium,False,False,2976.32,76.32,material_for_production
712,34,Rejected,low,False,True,3994.29,117.48,office_equipment
713,31,Rejected,high,False,False,4157.36,134.11,office_equipment
714,32,Rejected,medium,True,False,4010.15,125.32,office_equipment
715,25,Approved,medium,False,True,6215.96,248.64,material_for_production
716,37,Approved,medium,False,False,4992.51,134.93,material_for_production
717,14,Approved,medium,False,True,3337.27,238.38,material_for_production
718,6,Approved,medium,True,False,6072.11,1012.02,material_for_production
719,39,Approved,medium,False,True,5366.59,137.6,office_equipment
720,26,Approved,medium,True,False,4142.5,159.33,material_for_production
721,40,Approved,medium,False,True,4372.13,109.3,office_equipment
722,12,Rejected,high,True,True,5536.3,461.36,material_for_production
723,16,Rejected,high,False,True,5607.94,350.5,office_equipment
724,8,Rejected,medium,False,True,5286.25,660.78,other
725,23,Rejected,medium,False,False,5269.39,229.1,office_equipment
726,7,Rejected,medium,False,True,4866.11,695.16,office_equipment
727,26,Rejected,medium,False,True,3655.93,140.61,material_for_production
728,16,Rejected,medium,True,True,5838.17,364.89,office_equipment
729,33,Approved,high,False,True,6234.04,188.91,office_equipment
730,25,Approved,low,False,True,4929.52,197.18,material_for_production
731,9,Rejected,medium,False,True,1972.58,219.18,other
732,31,Approved,medium,True,False,6305.5,203.4,office_equipment
733,6,Approved,high,True,True,6432.11,1072.02,office_equipment
734,27,Approved,medium,True,False,2389.07,88.48,other
735,38,Rejected,medium,False,True,1635.99,43.05,office_equipment
736,38,Approved,high,False,True,4167.38,109.67,material_for_production
737,21,Rejected,medium,True,True,6202.39,295.35,office_equipment
738,34,Approved,medium,True,True,1582.0,46.53,material_for_production
739,11,Rejected,medium,False,True,1897.77,172.52,office_equipment
740,33,Approved,medium,True,False,4638.93,140.57,office_equipment
741,36,Rejected,medium,True,True,2312.48,64.24,material_for_production
742,21,Approved,high,True,True,2378.55,113.26,material_for_production
743,27,Approved,medium,True,False,1961.59,72.65,material_for_production
744,36,Approved,high,True,True,2208.52,61.35,material_for_production
745,35,Rejected,medium,False,True,2022.98,57.8,material_for_production
746,37,Rejected,medium,True,False,4755.7,128.53,other
747,20,Approved,medium,True,True,6239.7,311.99,office_equipment
748,20,Approved,medium,True,False,4666.03,233.3,other
749,37,Approved,high,True,True,1964.46,53.09,office_equipment
750,25,Approved,medium,True,True,4508.93,180.36,other
751,24,Approved,high,False,False,1597.15,66.55,material_for_production
752,5,Approved,medium,False,False,2385.33,477.07,material_for_production
753,10,Rejected,high,True,True,6814.41,681.44,material_for_production
754,31,Rejected,low,False,True,6071.05,195.84,other
755,29,Approved,high,False,True,2165.01,74.66,material_for_production
756,37,Rejected,low,False,False,4101.04,110.84,other
757,38,Approved,medium,False,False,3657.56,96.25,material_for_production
758,39,Rejected,low,False,True,6665.99,170.92,other
759,24,Approved,medium,False,True,4372.46,182.19,other
760,35,Approved,medium,True,True,2398.48,68.53,office_equipment
761,14,Approved,low,False,True,4687.95,334.85,material_for_production
762,16,Approved,medium,True,True,4704.9,294.06,office_equipment
763,32,Rejected,high,True,True,3261.0,101.91,material_for_production
764,27,Rejected,high,True,True,4239.58,157.02,office_equipment
765,11,Rejected,medium,True,False,4980.9,452.81,office_equipment
766,15,Approved,high,True,False,6276.68,418.45,material_for_production
767,9,Approved,medium,False,True,3890.14,432.24,office_equipment
768,10,Rejected,high,True,True,2917.85,291.78,material_for_production
769,7,Rejected,medium,False,True,4938.86,705.55,material_for_production
770,18,Rejected,medium,True,False,5843.25,324.62,office_equipment
771,5,Approved,high,False,False,2729.16,545.83,office_equipment
772,40,Approved,medium,False,True,6308.01,157.7,office_equipment
773,32,Rejected,high,False,True,3205.73,100.18,office_equipment
774,22,Approved,high,False,True,3544.81,161.13,material_for_production
775,22,Approved,medium,True,True,1889.16,85.87,material_for_production
776,20,Rejected,medium,False,True,2368.01,118.4,material_for_production
777,14,Rejected,high,False,True,6748.25,482.02,material_for_production
778,20,Approved,medium,True,False,5116.25,255.81,material_for_production
779,25,Approved,low,True,True,1721.73,68.87,office_equipment
780,23,Rejected,high,True,False,5012.04,217.91,office_equipment
781,37,Approved,medium,False,True,6392.89,172.78,material_for_production
782,40,Rejected,medium,False,False,4263.47,106.59,material_for_production
783,32,Approved,medium,True,False,6070.38,189.7,office_equipment
784,5,Rejected,medium,True,True,1659.19,331.84,office_equipment
785,25,Rejected,high,False,True,5619.41,224.78,office_equipment
786,18,Rejected,medium,False,False,2135.21,118.62,material_for_production
787,24,Approved,medium,True,False,3689.46,153.73,office_equipment
788,11,Rejected,medium,True,True,2170.33,197.3,material_for_production
789,21,Approved,medium,True,True,6334.19,301.63,material_for_production
790,31,Rejected,low,False,True,5382.18,173.62,material_for_production
791,5,Approved,high,True,True,1992.28,398.46,material_for_production
792,16,Approved,medium,True,True,4586.77,286.67,office_equipment
793,8,Approved,medium,False,False,2578.58,322.32,material_for_production
794,38,Rejected,medium,True,True,3898.93,102.6,material_for_production
795,35,Approved,medium,True,False,1758.46,50.24,office_equipment
796,25,Rejected,medium,False,False,6048.79,241.95,office_equipment
797,14,Rejected,medium,True,True,6073.4,433.81,material_for_production
798,31,Rejected,medium,False,True,5182.06,167.16,other
799,29,Approved,high,False,True,2375.74,81.92,material_for_production
800,24,Rejected,high,False,True,3758.14,156.59,office_equipment
801,31,Approved,medium,True,True,6717.98,216.71,material_for_production
802,18,Approved,medium,False,False,5012.74,278.49,office_equipment
803,12,Approved,low,False,False,4862.46,405.2,material_for_production
804,32,Approved,low,False,True,1907.74,59.62,other
805,7,Rejected,medium,False,False,2031.36,290.19,other
806,18,Approved,medium,True,True,2484.58,138.03,other
807,29,Approved,high,True,False,6427.13,221.63,material_for_production
808,8,Rejected,low,False,True,6240.64,780.08,material_for_production
809,6,Rejected,medium,True,True,5888.74,981.46,material_for_production
810,23,Approved,high,False,True,5515.6,239.81,material_for_production
811,19,Rejected,medium,True,False,5434.62,286.03,material_for_production
812,22,Approved,medium,True,False,4063.3,184.7,office_equipment
813,38,Rejected,low,False,False,1672.02,44.0,other
814,36,Approved,medium,True,True,1709.09,47.47,office_equipment
815,8,Rejected,medium,True,True,2904.25,363.03,office_equipment
816,13,Rejected,high,False,False,4478.67,344.51,office_equipment
817,39,Approved,medium,True,True,3291.14,84.39,office_equipment
818,25,Approved,high,True,True,6658.11,266.32,office_equipment
819,17,Approved,medium,False,True,3254.93,191.47,other
820,31,Rejected,medium,True,True,3406.52,109.89,material_for_production
821,31,Approved,medium,False,True,3982.01,128.45,office_equipment
822,24,Rejected,low,True,False,1516.14,63.17,other
823,27,Approved,high,True,True,3865.67,143.17,office_equipment
824,18,Rejected,medium,True,True,6196.04,344.22,office_equipment
825,18,Approved,medium,True,False,2251.55,125.09,material_for_production
826,17,Approved,low,False,True,6951.43,408.91,other
827,10,Approved,medium,True,True,1810.78,181.08,other
828,11,Rejected,medium,False,True,6431.36,584.67,office_equipment
829,34,Rejected,medium,False,True,3283.96,96.59,other
830,28,Approved,high,True,True,3151.65,112.56,material_for_production
831,20,Rejected,medium,True,True,2223.37,111.17,material_for_production
832,39,Rejected,medium,True,True,5275.77,135.28,material_for_production
833,29,Rejected,medium,False,True,3190.08,110.0,material_for_production
834,24,Rejected,high,True,False,4562.48,190.1,material_for_production
835,7,Rejected,high,False,True,4519.82,645.69,office_equipment
836,12,Rejected,medium,False,False,6451.26,537.61,other
837,6,Approved,high,True,True,2373.57,395.6,office_equipment
838,6,Rejected,medium,False,False,1965.8,327.63,material_for_production
839,20,Rejected,medium,True,True,3563.97,178.2,other
840,18,Rejected,medium,False,True,5751.63,319.54,office_equipment
841,29,Approved,medium,True,True,3050.93,105.2,other
842,10,Approved,medium,True,False,1834.39,183.44,office_equipment
843,20,Approved,high,True,True,4159.56,207.98,other
844,10,Rejected,high,True,True,3521.15,352.12,office_equipment
845,27,Rejected,high,True,False,6634.98,245.74,office_equipment
846,8,Rejected,high,True,False,5430.55,678.82,material_for_production
847,5,Approved,high,True,True,6006.82,1201.36,material_for_production
848,24,Approved,low,False,True,5660.14,235.84,material_for_production
849,32,Approved,medium,True,True,4677.45,146.17,office_equipment
850,34,Approved,medium,False,False,3088.93,90.85,material_for_production
851,7,Approved,low,True,False,4033.79,576.26,material_for_production
852,18,Approved,high,True,True,2963.63,164.65,office_equipment
853,5,Approved,medium,False,True,4763.6,952.72,material_for_production
854,39,Approved,high,True,True,4161.36,106.7,office_equipment
855,10,Approved,medium,True,True,6648.46,664.85,office_equipment
856,40,Rejected,low,True,True,3776.66,94.42,office_equipment
857,20,Rejected,medium,True,False,2464.19,123.21,other
858,30,Rejected,low,True,True,3507.88,116.93,other
859,38,Rejected,medium,False,True,2904.6,76.44,office_equipment
860,5,Rejected,medium,True,True,5661.55,1132.31,other
861,24,Rejected,medium,True,True,6506.93,271.12,material_for_production
862,31,Approved,medium,True,True,6292.58,202.99,other
863,26,Approved,medium,False,True,3880.68,149.26,office_equipment
864,37,Approved,medium,True,True,4747.11,128.3,material_for_production
865,38,Rejected,medium,False,True,3166.38,83.33,other
866,29,Rejected,medium,False,False,3248.36,112.01,material_for_production
867,25,Approved,medium,False,False,4577.62,183.1,material_for_production
868,29,Approved,medium,True,True,4764.75,164.3,material_for_production
869,15,Approved,medium,False,False,3984.36,265.62,material_for_production
870,40,Rejected,medium,False,False,3741.2,93.53,other
871,40,Rejected,high,False,True,5905.05,147.63,office_equipment
872,34,Rejected,medium,True,True,3733.85,109.82,material_for_production
873,36,Approved,medium,False,True,1715.91,47.66,material_for_production
874,19,Rejected,high,True,False,5047.24,265.64,office_equipment
875,21,Approved,medium,False,True,4102.44,195.35,material_for_production
876,35,Rejected,medium,False,True,2848.12,81.37,material_for_production
877,32,Approved,medium,False,True,6845.85,213.93,material_for_production
878,24,Rejected,medium,False,False,4463.19,185.97,office_equipment
879,25,Approved,medium,False,True,2293.57,91.74,material_for_production
880,39,Approved,medium,False,True,4049.22,103.83,material_for_production
881,30,Approved,high,True,True,6366.92,212.23,other
882,31,Approved,medium,False,True,6783.64,218.83,other
883,36,Approved,high,True,True,6562.07,182.28,material_for_production
884,20,Approved,medium,True,True,2550.93,127.55,other
885,19,Approved,high,True,True,6201.66,326.4,office_equipment
886,19,Rejected,medium,False,True,3205.65,168.72,office_equipment
887,12,Approved,medium,False,True,2636.78,219.73,material_for_production
888,11,Rejected,high,True,True,4356.81,396.07,office_equipment
889,38,Approved,medium,True,False,1704.22,44.85,material_for_production
890,39,Approved,high,False,True,1999.01,51.26,other
891,17,Approved,high,True,False,3042.01,178.94,material_for_production
892,13,Approved,high,True,True,1671.5,128.58,other
893,5,Approved,high,False,True,2026.08,405.22,material_for_production
894,12,Approved,medium,True,True,3283.78,273.65,other
895,37,Approved,medium,False,False,2458.41,66.44,material_for_production
896,24,Rejected,medium,True,True,4116.3,171.51,material_for_production
897,29,Rejected,high,False,True,5799.41,199.98,other
898,5,Rejected,medium,True,True,5642.63,1128.53,material_for_production
899,33,Rejected,medium,False,True,2069.72,62.72,material_for_production
900,25,Approved,high,True,False,6902.32,276.09,office_equipment
901,17,Rejected,medium,False,False,3654.56,214.97,office_equipment
902,5,Approved,high,True,False,4386.69,877.34,other
903,27,Approved,high,False,True,3409.24,126.27,office_equipment
904,31,Approved,medium,False,True,6395.32,206.3,material_for_production
905,17,Approved,high,False,True,4363.83,256.7,material_for_production
906,13,Approved,medium,False,True,1785.86,137.37,office_equipment
907,28,Approved,high,True,True,4887.51,174.55,material_for_production
908,40,Rejected,medium,True,False,4605.11,115.13,other
909,34,Approved,medium,False,False,3715.59,109.28,material_for_production
910,5,Approved,high,False,False,1636.29,327.26,office_equipment
911,19,Approved,high,True,True,1629.07,85.74,material_for_production
912,24,Rejected,high,True,False,4347.23,181.13,other
913,36,Approved,medium,True,True,6788.03,188.56,material_for_production
914,36,Approved,high,False,True,5059.2,140.53,material_for_production
915,38,Rejected,medium,True,False,4532.34,119.27,other
916,21,Approved,medium,True,True,3996.99,190.33,material_for_production
917,31,Approved,medium,False,True,3957.55,127.66,material_for_production
918,28,Approved,high,False,True,4072.86,145.46,other
919,27,Rejected,medium,False,False,3959.12,146.63,other
920,38,Approved,medium,False,True,1937.43,50.98,material_for_production
921,35,Rejected,high,False,True,5407.09,154.49,office_equipment
922,10,Rejected,high,True,True,6734.43,673.44,other
923,16,Rejected,high,True,True,1734.54,108.41,material_for_production
924,28,Approved,low,True,True,5355.38,191.26,other
925,37,Approved,medium,False,True,1805.82,48.81,material_for_production
926,21,Rejected,medium,False,True,5515.27,262.63,material_for_production
927,7,Rejected,medium,False,False,2090.96,298.71,material_for_production
928,8,Rejected,medium,True,True,3640.32,455.04,office_equipment
929,7,Rejected,high,True,False,2569.54,367.08,other
930,18,Approved,medium,True,True,2175.83,120.88,office_equipment
931,6,Approved,medium,False,False,5222.44,870.41,office_equipment
932,33,Rejected,high,False,True,5903.18,178.88,material_for_production
933,33,Approved,high,False,False,3733.24,113.13,office_equipment
934,28,Approved,high,True,True,4923.67,175.85,material_for_production
935,13,Approved,high,True,True,5879.71,452.29,material_for_production
936,40,Approved,high,False,True,1937.69,48.44,material_for_production
937,24,Approved,high,True,False,5623.16,234.3,material_for_production
938,33,Approved,high,False,True,5013.56,151.93,office_equipment
939,28,Rejected,medium,True,True,6758.45,241.37,material_for_production
940,19,Approved,low,False,True,1682.87,88.57,material_for_production
941,27,Rejected,medium,False,False,5365.68,198.73,office_equipment
942,28,Approved,medium,True,False,3914.61,139.81,material_for_production
943,14,Approved,medium,True,False,6859.3,489.95,material_for_production
944,13,Rejected,medium,False,False,6788.16,522.17,material_for_production
945,7,Approved,high,True,True,6143.57,877.65,office_equipment
946,40,Rejected,medium,False,True,5253.74,131.34,material_for_production
947,15,Approved,high,False,True,6832.96,455.53,office_equipment
948,19,Rejected,medium,True,True,4159.47,218.92,material_for_production
949,40,Approved,medium,True,True,3984.83,99.62,material_for_production
950,32,Approved,medium,True,False,6593.76,206.06,office_equipment
951,29,Approved,high,True,False,3996.19,137.8,office_equipment
952,23,Rejected,medium,True,False,4914.93,213.69,office_equipment
953,37,Rejected,medium,False,True,2774.95,75.0,material_for_production
954,14,Approved,high,True,False,1520.6,108.61,material_for_production
955,21,Approved,medium,False,True,6764.92,322.14,material_for_production
956,9,Approved,low,False,False,5223.55,580.39,material_for_production
957,22,Rejected,high,False,True,2286.51,103.93,other
958,39,Approved,medium,True,True,5682.77,145.71,material_for_production
959,5,Approved,high,True,True,6082.05,1216.41,material_for_production
960,34,Approved,high,False,True,5856.7,172.26,material_for_production
961,5,Rejected,high,True,True,1733.22,346.64,office_equipment
962,12,Approved,high,True,True,2438.14,203.18,other
963,33,Rejected,medium,False,True,6320.83,191.54,office_equipment
964,17,Rejected,high,False,False,3162.89,186.05,other
965,17,Approved,high,True,True,4938.44,290.5,material_for_production
966,13,Rejected,medium,False,False,2564.06,197.24,office_equipment
967,33,Approved,medium,False,True,2052.63,62.2,material_for_production
968,13,Rejected,medium,False,True,2093.64,161.05,office_equipment
969,38,Approved,medium,True,True,2773.54,72.99,office_equipment
970,30,Approved,high,True,True,4821.77,160.73,material_for_production
971,23,Approved,medium,False,False,4715.89,205.04,office_equipment
972,26,Approved,medium,True,True,3607.65,138.76,material_for_production
973,17,Approved,high,False,True,4290.24,252.37,office_equipment
974,5,Rejected,high,True,False,2422.92,484.58,office_equipment
975,30,Approved,medium,True,False,4842.67,161.42,material_for_production
976,33,Rejected,medium,True,False,1566.87,47.48,material_for_production
977,25,Approved,high,True,False,6482.67,259.31,material_for_production
978,11,Approved,medium,False,True,5265.41,478.67,material_for_production
979,24,Approved,medium,True,False,6058.47,252.44,material_for_production
980,30,Approved,high,False,True,1941.43,64.71,office_equipment
981,28,Approved,low,True,False,4085.72,145.92,office_equipment
982,30,Approved,high,True,True,3753.49,125.12,other
983,40,Approved,medium,True,True,2704.09,67.6,material_for_production
984,15,Approved,medium,False,False,3943.32,262.89,material_for_production
985,20,Approved,high,False,True,2481.61,124.08,material_for_production
986,16,Rejected,medium,True,True,2646.69,165.42,material_for_production
987,23,Approved,low,True,False,3155.6,137.2,other
988,40,Approved,high,True,False,4040.01,101.0,material_for_production
989,39,Approved,medium,False,True,4938.67,126.63,material_for_production
990,37,Rejected,high,False,True,3216.67,86.94,material_for_production
991,40,Approved,medium,False,False,5891.37,147.28,office_equipment
992,10,Rejected,high,False,True,1993.44,199.34,material_for_production
993,32,Approved,high,True,True,4365.06,136.41,office_equipment
994,8,Approved,medium,False,True,1881.36,235.17,other
995,25,Rejected,medium,True,False,6091.89,243.68,other
996,12,Rejected,medium,True,True,4138.36,344.86,office_equipment
997,40,Approved,medium,True,True,3739.4,93.48,material_for_production
998,20,Rejected,medium,True,True,3153.33,157.67,office_equipment
999,34,Approved,medium,False,True,2824.25,83.07,office_equipment
1000,36,Approved,high,False,False,6260.95,173.92,material_for_production
1001,35,Rejected,medium,False,True,5597.86,159.94,office_equipment
1002,7,Rejected,low,False,False,3550.09,507.16,office_equipment
1003,30,Approved,medium,False,True,2132.74,71.09,office_equipment
1004,6,Rejected,medium,True,True,3839.44,639.91,office_equipment
1005,5,Rejected,medium,True,False,3101.99,620.4,office_equipment
1006,33,Approved,medium,False,True,3141.95,95.21,other
1007,35,Rejected,high,False,True,5146.17,147.03,other
1008,28,Approved,high,False,True,6783.81,242.28,office_equipment
1009,25,Approved,high,True,True,6433.19,257.33,material_for_production
1010,33,Approved,medium,False,True,2068.2,62.67,material_for_production
1011,34,Rejected,medium,True,True,3315.21,97.51,office_equipment
1012,40,Approved,medium,False,False,4762.28,119.06,office_equipment
1013,38,Approved,medium,True,True,4359.2,114.72,material_for_production
1014,7,Approved,medium,True,False,1973.28,281.9,office_equipment
1015,9,Rejected,medium,False,False,6427.12,714.12,material_for_production
1016,26,Approved,high,True,False,1764.57,67.87,other
1017,30,Rejected,medium,True,False,1561.93,52.06,office_equipment
1018,34,Approved,medium,True,True,5829.9,171.47,material_for_production
1019,17,Approved,medium,True,False,2397.52,141.03,office_equipment
1020,34,Approved,medium,False,True,3425.26,100.74,office_equipment
1021,5,Rejected,low,False,True,6350.32,1270.06,office_equipment
1022,36,Approved,medium,True,True,4469.84,124.16,office_equipment
1023,22,Rejected,medium,True,True,2152.17,97.83,other
1024,23,Approved,low,False,True,3856.81,167.69,material_for_production
1025,38,Approved,high,False,True,2034.0,53.53,office_equipment
1026,33,Rejected,medium,False,True,3365.09,101.97,material_for_production
1027,14,Approved,high,True,True,1669.8,119.27,office_equipment
1028,18,Approved,high,True,True,6939.3,385.52,office_equipment
1029,27,Rejected,medium,False,True,6723.08,249.0,office_equipment
1030,19,Approved,high,False,False,6869.23,361.54,material_for_production
1031,23,Rejected,medium,True,True,6968.36,302.97,material_for_production
1032,21,Rejected,medium,False,True,5417.2,257.96,material_for_production
1033,40,Approved,high,True,True,2984.54,74.61,material_for_production
1034,11,Rejected,high,False,False,1906.3,173.3,office_equipment
1035,10,Approved,high,False,True,5993.2,599.32,material_for_production
1036,39,Rejected,medium,False,True,2208.87,56.64,other
1037,20,Approved,high,True,True,5036.43,251.82,material_for_production
1038,23,Rejected,high,True,True,2042.16,88.79,office_equipment
1039,12,Rejected,high,True,True,3725.52,310.46,office_equipment
1040,10,Rejected,medium,False,False,5799.68,579.97,other
1041,26,Approved,medium,True,True,6864.54,264.02,material_for_production
1042,20,Approved,high,True,True,6575.28,328.76,office_equipment
1043,39,Rejected,medium,True,False,2403.16,61.62,material_for_production
1044,39,Approved,high,False,True,2598.21,66.62,office_equipment
1045,39,Rejected,medium,False,True,5670.99,145.41,office_equipment
1046,35,Rejected,medium,False,True,2581.24,73.75,other
1047,36,Rejected,medium,False,True,4727.16,131.31,other
1048,14,Approved,medium,True,True,3189.26,227.8,material_for_production
1049,39,Rejected,medium,True,True,5261.77,134.92,office_equipment
1050,27,Rejected,medium,False,False,6382.0,236.37,office_equipment
1051,6,Rejected,high,True,False,6603.43,1100.57,material_for_production
1052,5,Approved,medium,True,True,3163.06,632.61,material_for_production
1053,25,Approved,high,True,True,4507.18,180.29,material_for_production
1054,29,Approved,medium,True,True,1852.7,63.89,material_for_production
1055,37,Approved,medium,False,True,2303.87,62.27,other
1056,20,Approved,medium,True,True,4561.68,228.08,material_for_production
1057,26,Approved,high,False,True,2088.46,80.33,material_for_production
1058,9,Rejected,high,False,True,4843.04,538.12,material_for_production
1059,39,Approved,medium,False,False,2799.43,71.78,other
1060,34,Approved,medium,False,True,5527.38,162.57,office_equipment
1061,35,Rejected,medium,False,True,3698.04,105.66,material_for_production
1062,35,Approved,medium,True,True,6115.99,174.74,material_for_production
1063,6,Rejected,medium,False,True,6690.81,1115.13,office_equipment
1064,11,Rejected,medium,False,True,6943.2,631.2,material_for_production
1065,6,Rejected,medium,True,False,5911.59,985.26,other
1066,35,Approved,medium,False,True,2004.65,57.28,office_equipment
1067,9,Rejected,medium,True,True,1583.36,175.93,material_for_production
1068,30,Rejected,medium,True,False,6898.32,229.94,office_equipment
1069,32,Rejected,medium,True,True,5164.17,161.38,other
1070,22,Approved,medium,True,False,3866.44,175.75,material_for_production
1071,5,Approved,medium,False,False,6704.48,1340.9,material_for_production
1072,9,Approved,medium,True,True,3894.23,432.69,office_equipment
1073,32,Approved,medium,False,True,5699.81,178.12,office_equipment
1074,5,Approved,medium,True,True,5230.89,1046.18,material_for_production
1075,32,Rejected,high,False,True,4166.0,130.19,material_for_production
1076,38,Approved,low,False,False,1816.75,47.81,material_for_production
1077,15,Approved,high,False,True,3190.73,212.72,office_equipment
1078,15,Rejected,medium,False,True,4639.6,309.31,office_equipment
1079,32,Approved,medium,False,False,5341.55,166.92,other
1080,29,Rejected,high,True,True,5925.49,204.33,other
1081,13,Rejected,medium,True,True,6987.59,537.51,office_equipment
1082,36,Rejected,low,True,True,3299.68,91.66,office_equipment
1083,38,Approved,medium,True,False,1729.11,45.5,material_for_production
1084,33,Rejected,medium,True,True,6661.54,201.86,office_equipment
1085,22,Approved,high,True,False,6371.22,289.6,other
1086,14,Approved,high,True,True,3870.7,276.48,material_for_production
1087,38,Rejected,high,True,True,6499.1,171.03,material_for_production
1088,23,Rejected,medium,False,False,4652.52,202.28,material_for_production
1089,16,Approved,low,True,True,2367.38,147.96,material_for_production
1090,8,Rejected,medium,False,True,6649.84,831.23,material_for_production
1091,40,Rejected,medium,True,True,5962.56,149.06,office_equipment
1092,38,Approved,medium,False,True,4878.26,128.38,material_for_production
1093,14,Rejected,medium,True,False,6064.43,433.17,other
1094,28,Rejected,medium,False,True,4865.36,173.76,office_equipment
1095,30,Rejected,medium,True,False,3448.74,114.96,office_equipment
1096,19,Approved,high,True,True,6230.73,327.93,material_for_production
1097,23,Rejected,medium,True,False,4673.82,203.21,material_for_production
1098,5,Approved,medium,True,True,1548.7,309.74,material_for_production
1099,40,Rejected,medium,False,False,2846.56,71.16,other
1100,22,Approved,medium,False,False,3321.35,150.97,office_equipment
1101,24,Approved,medium,False,True,5678.78,236.62,other
1102,25,Approved,low,False,True,4352.9,174.12,office_equipment
1103,32,Approved,medium,True,True,2310.4,72.2,office_equipment
1104,39,Approved,high,True,True,4326.93,110.95,office_equipment
1105,36,Rejected,high,False,False,6908.28,191.9,material_for_production
1106,38,Approved,medium,True,True,2415.08,63.55,material_for_production
1107,25,Approved,medium,True,False,5030.44,201.22,other
1108,34,Approved,high,True,True,2630.65,77.37,material_for_production
1109,14,Approved,high,True,True,2929.57,209.26,material_for_production
1110,23,Approved,medium,False,True,1726.87,75.08,material_for_production
1111,11,Rejected,medium,False,True,6898.46,627.13,office_equipment
1112,7,Rejected,high,False,False,6985.89,997.98,other
1113,40,Rejected,medium,True,False,4377.78,109.44,office_equipment
1114,33,Rejected,medium,False,False,3268.86,99.06,material_for_production
1115,5,Approved,medium,True,True,4905.93,981.19,material_for_production
1116,10,Approved,medium,True,True,3741.67,374.17,material_for_production
1117,16,Rejected,medium,True,False,6201.59,387.6,material_for_production
1118,16,Approved,medium,False,True,5005.58,312.85,office_equipment
1119,11,Rejected,low,False,True,2651.21,241.02,office_equipment
1120,16,Rejected,high,False,True,6255.21,390.95,material_for_production
1121,23,Approved,high,False,False,2014.62,87.59,other
1122,14,Approved,medium,True,True,6232.08,445.15,material_for_production
1123,35,Rejected,medium,True,True,2548.16,72.8,office_equipment
1124,9,Approved,medium,False,True,2472.81,274.76,office_equipment
1125,17,Rejected,high,False,False,4940.91,290.64,office_equipment
1126,29,Rejected,medium,True,True,6876.28,237.11,material_for_production
1127,28,Approved,high,True,True,1904.67,68.02,material_for_production
1128,15,Approved,medium,True,True,2434.53,162.3,material_for_production
1129,27,Approved,high,False,False,3754.3,139.05,material_for_production
1130,27,Approved,medium,True,True,3394.43,125.72,material_for_production
1131,18,Rejected,medium,True,True,3804.78,211.38,office_equipment
1132,8,Rejected,medium,True,True,3768.94,471.12,material_for_production
1133,5,Rejected,medium,True,True,4977.63,995.53,other
1134,38,Rejected,medium,False,False,2151.55,56.62,other
1135,13,Approved,medium,False,True,3927.06,302.08,office_equipment
1136,9,Rejected,high,False,True,2520.65,280.07,material_for_production
1137,12,Rejected,medium,False,True,5052.59,421.05,office_equipment
1138,29,Approved,high,False,True,3453.78,119.1,material_for_production
1139,9,Approved,low,False,True,6102.81,678.09,other
1140,24,Rejected,low,True,False,3440.55,143.36,other
1141,12,Rejected,low,True,False,2131.1,177.59,material_for_production
1142,17,Rejected,medium,True,False,1704.35,100.26,other
1143,40,Rejected,high,False,True,6115.22,152.88,office_equipment
1144,21,Approved,medium,True,False,3717.44,177.02,material_for_production
1145,9,Rejected,medium,True,True,5442.56,604.73,other
1146,35,Rejected,medium,True,True,3031.49,86.61,office_equipment
1147,31,Rejected,medium,False,False,4890.28,157.75,other
1148,15,Approved,medium,True,True,2946.83,196.46,material_for_production
1149,30,Approved,medium,True,False,4040.96,134.7,office_equipment
1150,10,Approved,medium,True,False,3643.83,364.38,material_for_production
1151,21,Approved,medium,True,True,6969.16,331.86,other
1152,22,Rejected,low,False,True,5565.72,252.99,material_for_production
1153,18,Rejected,medium,True,True,4863.84,270.21,office_equipment
1154,21,Rejected,high,False,True,5022.73,239.18,office_equipment
1155,22,Rejected,medium,True,True,3673.35,166.97,office_equipment
1156,9,Rejected,high,False,True,3964.42,440.49,material_for_production
1157,19,Rejected,high,True,False,6395.96,336.63,other
1158,28,Rejected,low,False,True,3169.84,113.21,office_equipment
1159,30,Approved,medium,False,True,1640.17,54.67,material_for_production
1160,10,Approved,low,True,True,5392.64,539.26,material_for_production
1161,29,Rejected,high,False,False,2918.45,100.64,other
1162,10,Rejected,medium,True,True,5743.15,574.31,other
1163,35,Approved,medium,True,True,6089.62,173.99,material_for_production
1164,22,Approved,medium,True,True,2358.02,107.18,office_equipment
1165,39,Rejected,medium,False,False,3262.34,83.65,material_for_production
1166,27,Approved,medium,True,False,6341.25,234.86,other
1167,13,Approved,medium,True,False,2788.53,214.5,other
1168,26,Approved,medium,True,True,6434.5,247.48,material_for_production
1169,39,Rejected,high,False,False,4909.29,125.88,material_for_production
1170,36,Approved,medium,False,True,4881.49,135.6,material_for_production
1171,39,Rejected,medium,False,True,2696.66,69.15,material_for_production
1172,24,Approved,medium,True,True,6375.3,265.64,other
1173,30,Approved,medium,False,True,2614.76,87.16,material_for_production
1174,6,Approved,medium,True,False,6598.74,1099.79,material_for_production
1175,31,Approved,medium,True,True,4933.12,159.13,material_for_production
1176,7,Approved,medium,True,False,3604.63,514.95,material_for_production
1177,8,Rejected,high,True,False,1884.79,235.6,material_for_production
1178,30,Rejected,low,False,False,6939.6,231.32,material_for_production
1179,22,Approved,medium,False,True,6241.52,283.71,office_equipment
1180,38,Rejected,high,True,False,3686.95,97.02,material_for_production
1181,40,Approved,high,False,True,4761.34,119.03,material_for_production
1182,40,Rejected,medium,False,True,4459.23,111.48,material_for_production
1183,39,Approved,high,False,True,5539.14,142.03,material_for_production
1184,23,Approved,high,False,True,4100.62,178.29,material_for_production
1185,33,Approved,medium,False,False,5641.13,170.94,office_equipment
1186,30,Approved,medium,True,True,6765.55,225.52,office_equipment
1187,38,Approved,high,False,True,2636.61,69.38,office_equipment
1188,35,Rejected,low,False,True,2088.71,59.68,material_for_production
1189,29,Approved,high,False,False,3220.68,111.06,other
1190,23,Approved,high,False,True,2981.1,129.61,material_for_production
1191,29,Approved,medium,True,False,3634.54,125.33,office_equipment
1192,33,Rejected,high,False,False,6270.67,190.02,material_for_production
1193,24,Approved,high,True,True,5131.52,213.81,other
1194,18,Approved,high,False,True,2953.71,164.09,other
1195,35,Approved,high,True,True,5636.29,161.04,material_for_production
1196,24,Rejected,medium,False,False,5486.51,228.6,office_equipment
1197,32,Rejected,medium,True,True,5728.37,179.01,office_equipment
1198,40,Rejected,medium,False,False,3769.03,94.23,material_for_production
1199,22,Rejected,medium,False,True,4886.46,222.11,other
1200,18,Approved,medium,False,True,6310.6,350.59,material_for_production
1201,8,Rejected,medium,False,True,3473.76,434.22,other
1202,24,Approved,high,True,True,2629.81,109.58,material_for_production
1203,35,Approved,medium,True,False,3781.84,108.05,material_for_production
1204,35,Approved,medium,True,True,6245.54,178.44,other
1205,28,Approved,medium,True,False,6140.44,219.3,material_for_production
1206,28,Rejected,high,True,True,5787.96,206.71,other
1207,7,Approved,medium,False,True,4904.34,700.62,material_for_production
1208,9,Approved,high,False,True,3202.66,355.85,material_for_production
1209,35,Rejected,high,True,True,6203.72,177.25,material_for_production
1210,36,Approved,medium,True,True,3318.91,92.19,material_for_production
1211,14,Rejected,high,False,False,4111.18,293.66,other
1212,27,Rejected,medium,False,True,3711.44,137.46,other
1213,39,Rejected,medium,True,False,5523.54,141.63,material_for_production
1214,37,Rejected,medium,False,True,2798.94,75.65,other
1215,36,Rejected,medium,False,True,4944.65,137.35,office_equipment
1216,34,Approved,medium,False,False,1649.34,48.51,other
1217,26,Approved,medium,True,False,4786.93,184.11,other
1218,8,Rejected,medium,True,True,4170.61,521.33,office_equipment
1219,36,Rejected,medium,False,False,3307.1,91.86,material_for_production
1220,18,Approved,medium,False,True,2862.96,159.05,office_equipment
1221,37,Rejected,medium,False,True,4532.65,122.5,other
1222,14,Approved,high,False,True,3658.98,261.36,office_equipment
1223,28,Rejected,medium,True,True,2047.35,73.12,material_for_production
1224,37,Rejected,medium,False,True,5873.64,158.75,material_for_production
1225,16,Approved,high,True,True,5077.77,317.36,material_for_production
1226,28,Approved,high,False,True,1559.76,55.71,material_for_production
1227,31,Approved,medium,False,False,4305.42,138.88,office_equipment
1228,8,Approved,medium,True,False,4991.25,623.91,other
1229,13,Approved,medium,False,True,4800.79,369.29,other
1230,17,Approved,medium,False,True,2207.62,129.86,material_for_production
1231,22,Rejected,medium,True,False,2886.84,131.22,other
1232,12,Approved,medium,True,True,4551.22,379.27,office_equipment
1233,16,Rejected,high,False,True,3204.31,200.27,other
1234,34,Rejected,high,False,False,5950.78,175.02,other
1235,37,Approved,medium,True,True,2491.42,67.34,material_for_production
1236,33,Rejected,medium,True,True,5672.55,171.9,material_for_production
1237,14,Rejected,low,False,True,3679.46,262.82,material_for_production
1238,23,Approved,high,True,True,2845.03,123.7,material_for_production
1239,19,Rejected,medium,True,True,4852.63,255.4,material_for_production
1240,11,Rejected,medium,True,False,5019.13,456.28,office_equipment
1241,22,Approved,high,False,True,3604.53,163.84,material_for_production
1242,17,Approved,medium,True,True,3740.39,220.02,material_for_production
1243,15,Rejected,medium,False,False,6021.33,401.42,office_equipment
1244,15,Approved,medium,True,True,1723.57,114.9,material_for_production
1245,39,Approved,medium,True,True,4687.77,120.2,other
1246,15,Rejected,low,False,True,5987.8,399.19,other
1247,7,Rejected,high,False,False,4192.68,598.95,other
1248,15,Approved,medium,True,True,6103.25,406.88,office_equipment
1249,19,Approved,medium,False,True,5980.23,314.75,material_for_production
1250,16,Approved,high,False,True,5860.76,366.3,material_for_production
1251,11,Approved,medium,False,True,2949.4,268.13,material_for_production
1252,24,Approved,medium,True,True,2465.5,102.73,material_for_production
1253,33,Approved,medium,False,True,5359.02,162.39,other
1254,16,Rejected,high,False,False,1534.51,95.91,office_equipment
1255,8,Rejected,high,True,False,4849.59,606.2,material_for_production
1256,29,Rejected,low,False,True,4937.66,170.26,office_equipment
1257,17,Approved,high,False,True,2140.49,125.91,other
1258,12,Rejected,medium,False,True,5650.48,470.87,office_equipment
1259,30,Approved,medium,False,True,6657.19,221.91,material_for_production
1260,32,Approved,medium,True,True,4148.04,129.63,office_equipment
1261,29,Approved,medium,False,True,2353.31,81.15,material_for_production
1262,15,Approved,medium,False,True,3071.25,204.75,material_for_production
1263,23,Rejected,low,False,True,3165.65,137.64,material_for_production
1264,27,Approved,high,False,True,3540.08,131.11,material_for_production
1265,32,Rejected,medium,False,False,2906.57,90.83,other
1266,27,Rejected,medium,True,True,5523.52,204.57,office_equipment
1267,23,Approved,medium,False,True,6638.6,288.63,material_for_production
1268,31,Rejected,medium,True,True,2970.0,95.81,material_for_production
1269,40,Approved,medium,True,True,4579.44,114.49,material_for_production
1270,30,Rejected,medium,True,False,5124.58,170.82,material_for_production
1271,11,Rejected,high,False,False,5318.22,483.47,office_equipment
1272,35,Approved,medium,False,True,3618.26,103.38,material_for_production
1273,29,Rejected,low,True,True,5595.38,192.94,material_for_production
1274,39,Rejected,medium,False,True,5286.84,135.56,office_equipment
1275,13,Rejected,medium,True,True,6636.17,510.47,material_for_production
1276,25,Approved,high,True,True,3256.62,130.26,material_for_production
1277,28,Approved,medium,True,True,6545.64,233.77,office_equipment
1278,34,Approved,high,True,True,3731.46,109.75,material_for_production
1279,8,Approved,medium,False,True,6485.77,810.72,material_for_production
1280,38,Approved,medium,False,True,3573.83,94.05,material_for_production
1281,30,Rejected,low,False,False,3286.1,109.54,material_for_production
1282,31,Approved,medium,False,True,4934.6,159.18,office_equipment
1283,34,Approved,medium,False,True,1947.48,57.28,material_for_production
1284,29,Rejected,medium,False,True,1510.53,52.09,other
1285,23,Approved,high,True,False,6583.74,286.25,material_for_production
1286,7,Rejected,low,True,True,5908.75,844.11,office_equipment
1287,15,Rejected,high,False,False,3530.55,235.37,material_for_production
1288,14,Approved,medium,False,True,5811.67,415.12,material_for_production
1289,35,Approved,high,True,True,3646.51,104.19,material_for_production
1290,23,Rejected,high,False,True,5324.21,231.49,other
1291,30,Rejected,high,True,True,5399.14,179.97,material_for_production
1292,10,Approved,medium,True,True,2084.36,208.44,material_for_production
1293,38,Rejected,medium,False,False,3855.15,101.45,material_for_production
1294,7,Approved,medium,True,False,5654.96,807.85,material_for_production
1295,30,Approved,medium,True,False,2592.21,86.41,other
1296,13,Approved,medium,True,True,6883.36,529.49,office_equipment
1297,29,Rejected,medium,True,True,6736.7,232.3,office_equipment
1298,26,Rejected,medium,False,True,6190.35,238.09,material_for_production
1299,17,Approved,high,False,True,3176.62,186.86,other
1300,19,Approved,high,False,True,4798.56,252.56,material_for_production
1301,12,Approved,medium,True,True,5546.68,462.22,other
1302,14,Approved,low,False,True,3598.27,257.02,material_for_production
1303,37,Rejected,medium,False,False,4418.8,119.43,other
1304,26,Approved,low,True,True,2560.35,98.47,office_equipment
1305,18,Approved,high,True,False,6734.59,374.14,office_equipment
1306,21,Rejected,medium,False,False,4759.93,226.66,other
1307,25,Rejected,medium,False,True,2906.75,116.27,other
1308,26,Approved,medium,False,False,3169.25,121.89,material_for_production
1309,20,Approved,medium,False,True,3061.6,153.08,material_for_production
1310,23,Rejected,medium,True,False,4611.84,200.51,material_for_production
1311,20,Approved,high,True,True,6817.36,340.87,material_for_production
1312,38,Rejected,high,False,True,4252.52,111.91,office_equipment
1313,37,Rejected,medium,True,True,6508.07,175.89,other
1314,22,Rejected,medium,True,False,5177.55,235.34,material_for_production
1315,19,Approved,low,False,False,1744.62,91.82,material_for_production
1316,25,Rejected,medium,False,False,4753.5,190.14,other
1317,17,Rejected,medium,False,False,6846.2,402.72,office_equipment
1318,7,Approved,medium,True,True,2404.38,343.48,material_for_production
1319,20,Approved,low,False,True,5983.37,299.17,material_for_production
1320,9,Rejected,high,False,True,1898.85,210.98,office_equipment
1321,22,Rejected,high,False,False,2977.65,135.35,office_equipment
1322,13,Approved,medium,False,True,1911.49,147.04,material_for_production
1323,6,Approved,high,True,True,4740.49,790.08,office_equipment
1324,14,Approved,medium,True,True,6258.21,447.01,office_equipment
1325,19,Rejected,medium,False,False,6689.16,352.06,material_for_production
1326,23,Approved,medium,True,True,6629.16,288.22,material_for_production
1327,12,Rejected,medium,True,True,4699.99,391.67,other
1328,37,Approved,high,True,True,1763.19,47.65,material_for_production
1329,7,Approved,medium,True,True,2493.07,356.15,material_for_production
1330,25,Approved,medium,True,True,6493.79,259.75,other
1331,12,Approved,medium,True,True,3552.91,296.08,material_for_production
1332,39,Approved,medium,False,True,1859.2,47.67,material_for_production
1333,35,Approved,medium,True,True,4573.67,130.68,material_for_production
1334,16,Rejected,high,False,True,5691.82,355.74,other
1335,35,Rejected,medium,False,True,6460.62,184.59,other
1336,10,Rejected,medium,False,True,4258.61,425.86,other
1337,21,Approved,medium,False,True,2973.55,141.6,material_for_production
1338,14,Rejected,medium,False,False,6291.91,449.42,material_for_production
1339,18,Approved,medium,True,True,4856.08,269.78,office_equipment
1340,25,Rejected,high,True,False,2611.39,104.46,office_equipment
1341,34,Approved,high,True,True,6243.28,183.63,office_equipment
1342,5,Approved,medium,True,False,5808.62,1161.72,material_for_production
1343,20,Rejected,medium,False,True,3142.81,157.14,material_for_production
1344,37,Approved,high,False,True,4335.96,117.19,material_for_production
1345,32,Approved,medium,True,True,4328.44,135.26,office_equipment
1346,36,Approved,low,True,True,1559.54,43.32,office_equipment
1347,37,Rejected,high,True,False,2556.37,69.09,material_for_production
1348,27,Rejected,high,False,True,4872.71,180.47,office_equipment
1349,14,Rejected,medium,False,False,2108.81,150.63,other
1350,19,Approved,medium,True,True,6482.03,341.16,office_equipment
1351,33,Approved,medium,False,False,1713.86,51.94,material_for_production
1352,13,Rejected,high,False,False,4947.32,380.56,material_for_production
1353,38,Approved,medium,False,False,3898.93,102.6,other
1354,10,Rejected,medium,False,True,6062.34,606.23,material_for_production
1355,5,Rejected,medium,False,False,5985.5,1197.1,other
1356,35,Rejected,high,False,False,3121.62,89.19,material_for_production
1357,11,Approved,medium,False,True,2988.12,271.65,material_for_production
1358,11,Approved,medium,True,True,5615.69,510.52,material_for_production
1359,40,Approved,medium,True,True,2059.04,51.48,material_for_production
1360,6,Rejected,medium,False,True,3177.52,529.59,material_for_production
1361,26,Approved,medium,True,True,6673.11,256.66,other
1362,27,Rejected,medium,True,True,6668.36,246.98,other
1363,23,Rejected,medium,False,True,3513.7,152.77,other
1364,10,Approved,high,True,True,4020.29,402.03,material_for_production
1365,21,Rejected,high,True,False,5177.5,246.55,other
1366,29,Rejected,medium,False,True,4348.56,149.95,material_for_production
1367,36,Approved,high,True,False,3715.51,103.21,office_equipment
1368,40,Approved,medium,False,False,4837.95,120.95,material_for_production
1369,25,Rejected,high,True,True,5018.98,200.76,office_equipment
1370,36,Approved,high,False,True,1953.8,54.27,other
1371,24,Approved,medium,True,True,6561.48,273.39,office_equipment
1372,7,Approved,medium,False,True,5496.47,785.21,office_equipment
1373,15,Rejected,low,True,False,6513.03,434.2,office_equipment
1374,35,Rejected,high,True,True,3527.95,100.8,office_equipment
1375,7,Rejected,medium,True,True,3606.29,515.18,other
1376,9,Rejected,high,False,True,5452.5,605.83,material_for_production
1377,5,Rejected,medium,False,False,3693.21,738.64,material_for_production
1378,36,Approved,medium,True,True,4079.69,113.32,office_equipment
1379,27,Rejected,medium,False,True,2421.08,89.67,other
1380,8,Rejected,medium,False,True,3319.65,414.96,office_equipment
1381,38,Approved,medium,False,True,2163.59,56.94,office_equipment
1382,34,Approved,medium,True,True,6376.75,187.55,material_for_production
1383,22,Approved,medium,True,True,5441.24,247.33,material_for_production
1384,28,Rejected,high,False,True,5595.43,199.84,office_equipment
1385,20,Rejected,high,False,False,2345.28,117.26,other
1386,18,Approved,medium,False,False,2077.97,115.44,office_equipment
1387,25,Rejected,medium,True,True,3983.9,159.36,other
1388,38,Approved,low,False,True,4373.95,115.1,material_for_production
1389,38,Rejected,high,True,True,1647.82,43.36,material_for_production
1390,15,Rejected,medium,True,True,3787.84,252.52,other
1391,26,Rejected,medium,False,False,3310.07,127.31,material_for_production
1392,33,Rejected,medium,True,False,5802.97,175.85,other
1393,29,Approved,medium,False,True,2639.74,91.03,office_equipment
1394,11,Rejected,medium,False,False,3576.54,325.14,material_for_production
1395,27,Approved,high,False,True,4190.09,155.19,office_equipment
1396,23,Rejected,high,True,False,5777.47,251.19,material_for_production
1397,9,Rejected,low,True,False,4870.09,541.12,office_equipment
1398,7,Approved,medium,True,True,3595.43,513.63,material_for_production
1399,5,Rejected,medium,True,False,1720.24,344.05,material_for_production
1400,33,Approved,medium,True,True,6363.4,192.83,material_for_production
1401,33,Approved,high,False,True,1958.9,59.36,office_equipment
1402,14,Rejected,medium,False,True,2821.24,201.52,material_for_production
1403,20,Approved,medium,False,True,4095.32,204.77,material_for_production
1404,17,Rejected,high,True,True,4621.85,271.87,office_equipment
1405,8,Rejected,medium,True,False,2643.86,330.48,other
1406,19,Approved,medium,True,True,4132.29,217.49,office_equipment
1407,29,Approved,high,True,True,4773.45,164.6,material_for_production
1408,21,Rejected,low,False,True,6971.59,331.98,material_for_production
1409,33,Approved,high,True,True,4531.77,137.33,material_for_production
1410,21,Approved,high,False,True,4672.28,222.49,material_for_production
1411,35,Approved,medium,True,True,1983.78,56.68,material_for_production
1412,36,Approved,medium,False,True,2540.51,70.57,office_equipment
1413,6,Rejected,medium,False,False,6353.79,1058.96,material_for_production
1414,20,Rejected,medium,True,True,4124.32,206.22,material_for_production
1415,25,Approved,high,False,True,1963.37,78.53,office_equipment
1416,7,Rejected,high,False,True,4285.19,612.17,material_for_production
1417,25,Approved,medium,True,True,6645.74,265.83,office_equipment
1418,38,Rejected,low,True,False,5199.56,136.83,office_equipment
1419,13,Rejected,medium,False,False,6658.37,512.18,other
1420,12,Rejected,medium,False,False,3021.35,251.78,other
1421,16,Approved,medium,False,True,5778.01,361.13,material_for_production
1422,25,Approved,medium,False,True,5905.38,236.22,material_for_production
1423,12,Approved,medium,True,True,4233.99,352.83,material_for_production
1424,11,Approved,high,False,True,3973.92,361.27,office_equipment
1425,24,Approved,medium,True,True,2547.99,106.17,material_for_production
1426,15,Approved,medium,True,False,5201.29,346.75,material_for_production
1427,35,Rejected,medium,False,False,3094.59,88.42,material_for_production
1428,7,Approved,high,False,False,6407.86,915.41,material_for_production
1429,10,Approved,medium,True,False,4395.97,439.6,office_equipment
1430,31,Approved,medium,False,True,5746.91,185.38,material_for_production
1431,19,Approved,medium,False,True,4364.08,229.69,office_equipment
1432,17,Rejected,medium,True,False,4529.53,266.44,material_for_production
1433,14,Approved,medium,False,True,4922.43,351.6,material_for_production
1434,11,Approved,high,False,True,3620.32,329.12,material_for_production
1435,40,Rejected,medium,False,True,3272.55,81.81,office_equipment
1436,22,Rejected,medium,True,True,3465.45,157.52,material_for_production
1437,27,Approved,high,False,False,3092.03,114.52,office_equipment
1438,13,Rejected,high,False,True,6271.41,482.42,office_equipment
1439,26,Rejected,medium,False,True,2431.54,93.52,other
1440,17,Rejected,high,True,False,4528.34,266.37,other
1441,12,Rejected,medium,True,False,6758.01,563.17,office_equipment
1442,20,Rejected,high,False,False,5545.27,277.26,other
1443,12,Rejected,medium,True,False,2202.51,183.54,other
1444,10,Approved,medium,False,False,2866.77,286.68,material_for_production
1445,30,Approved,medium,True,True,6931.11,231.04,other
1446,11,Approved,medium,False,True,3504.56,318.6,other
1447,15,Approved,medium,True,True,4342.25,289.48,material_for_production
1448,21,Approved,high,False,True,6244.73,297.37,material_for_production
1449,31,Rejected,high,True,False,3808.1,122.84,other
1450,31,Approved,medium,False,True,3742.59,120.73,other
1451,11,Rejected,medium,True,True,1957.8,177.98,office_equipment
1452,28,Approved,high,False,True,5014.37,179.08,material_for_production
1453,14,Approved,medium,False,True,1560.1,111.44,other
1454,32,Rejected,high,False,False,5163.59,161.36,office_equipment
1455,30,Approved,medium,False,True,3550.86,118.36,material_for_production
1456,34,Rejected,medium,False,True,6697.15,196.97,office_equipment
1457,40,Rejected,medium,False,True,6841.26,171.03,other
1458,20,Approved,high,False,True,1770.83,88.54,material_for_production
1459,17,Rejected,high,False,True,6137.12,361.01,material_for_production
1460,8,Approved,medium,False,True,3214.27,401.78,material_for_production
1461,9,Rejected,medium,False,True,6882.45,764.72,office_equipment
1462,22,Approved,medium,True,True,6305.9,286.63,material_for_production
1463,35,Approved,high,True,True,3679.36,105.12,office_equipment
1464,15,Approved,medium,False,True,5053.4,336.89,material_for_production
1465,11,Rejected,medium,True,True,3471.01,315.55,other
1466,40,Rejected,low,True,False,6120.11,153.0,material_for_production
1467,32,Rejected,medium,False,True,5548.49,173.39,office_equipment
1468,32,Approved,medium,False,False,3017.5,94.3,office_equipment
1469,5,Approved,high,True,True,6440.45,1288.09,material_for_production
1470,12,Approved,high,False,True,2662.98,221.91,material_for_production
1471,31,Approved,medium,True,False,4558.7,147.05,material_for_production
1472,26,Rejected,medium,False,True,3951.8,151.99,material_for_production
1473,19,Approved,high,True,True,1897.52,99.87,material_for_production
1474,33,Rejected,medium,True,False,4632.55,140.38,material_for_production
1475,25,Approved,high,False,False,3220.72,128.83,office_equipment
1476,24,Approved,high,False,True,6282.19,261.76,material_for_production
1477,29,Approved,high,False,True,5777.68,199.23,material_for_production
1478,6,Rejected,medium,False,False,4708.02,784.67,office_equipment
1479,10,Approved,medium,True,False,3154.32,315.43,office_equipment
1480,29,Rejected,medium,True,False,6833.19,235.63,material_for_production
1481,39,Rejected,medium,True,True,4949.45,126.91,office_equipment
1482,9,Rejected,medium,True,True,3961.52,440.17,office_equipment
1483,21,Approved,medium,True,True,4263.08,203.0,material_for_production
1484,13,Rejected,high,False,False,3872.42,297.88,office_equipment
1485,25,Rejected,medium,False,True,2488.52,99.54,office_equipment
1486,9,Rejected,high,False,False,4011.82,445.76,material_for_production
1487,30,Approved,medium,True,True,5751.04,191.7,office_equipment
1488,35,Approved,medium,False,False,5541.98,158.34,office_equipment
1489,38,Rejected,medium,True,True,6266.99,164.92,material_for_production
1490,21,Rejected,medium,False,True,6116.69,291.27,office_equipment
1491,7,Rejected,medium,True,True,4273.5,610.5,material_for_production
1492,25,Rejected,medium,True,False,2147.57,85.9,material_for_production
1493,37,Rejected,low,False,False,5391.69,145.72,other
1494,9,Rejected,medium,False,True,4779.24,531.03,material_for_production
1495,34,Rejected,low,True,True,3828.74,112.61,other
1496,17,Approved,medium,False,True,4234.97,249.12,office_equipment
1497,7,Rejected,medium,False,True,3556.23,508.03,material_for_production
1498,30,Rejected,medium,False,True,5861.43,195.38,material_for_production
1499,17,Approved,medium,True,False,4331.24,254.78,material_for_production
1500,16,Approved,high,True,False,5637.54,352.35,material_for_production
1501,27,Rejected,medium,False,True,2554.49,94.61,office_equipment
1502,17,Approved,medium,True,True,6083.12,357.83,material_for_production
1503,39,Rejected,medium,False,True,3266.48,83.76,material_for_production
1504,21,Approved,medium,False,True,4409.27,209.97,office_equipment
1505,22,Approved,medium,False,True,5678.7,258.12,material_for_production
1506,26,Rejected,medium,False,True,6650.57,255.79,other
1507,11,Approved,medium,True,False,3156.22,286.93,other
1508,20,Approved,high,True,True,2395.29,119.76,material_for_production
1509,33,Approved,high,True,False,6094.14,184.67,office_equipment
1510,36,Approved,low,True,True,2298.1,63.84,material_for_production
1511,21,Approved,medium,True,True,6591.57,313.88,office_equipment
1512,18,Rejected,high,True,False,6565.95,364.77,material_for_production
1513,15,Rejected,medium,True,True,6063.13,404.21,office_equipment
1514,25,Rejected,low,False,True,4823.73,192.95,material_for_production
1515,26,Approved,high,False,True,6551.82,251.99,other
1516,16,Approved,high,False,True,5338.93,333.68,material_for_production
1517,32,Approved,high,True,True,1539.02,48.09,other
1518,24,Approved,medium,False,False,1791.8,74.66,office_equipment
1519,35,Approved,medium,False,True,5627.65,160.79,material_for_production
1520,9,Rejected,high,True,False,2933.08,325.9,material_for_production
1521,23,Rejected,medium,True,False,2165.49,94.15,material_for_production
1522,37,Approved,medium,True,False,2139.17,57.82,other
1523,28,Approved,medium,True,True,1937.93,69.21,material_for_production
1524,26,Approved,medium,True,True,5994.21,230.55,material_for_production
1525,28,Approved,high,True,False,4202.59,150.09,material_for_production
1526,12,Approved,medium,True,True,1728.44,144.04,office_equipment
1527,28,Approved,medium,True,True,4063.71,145.13,material_for_production
1528,5,Approved,medium,False,False,2351.39,470.28,material_for_production
1529,37,Approved,low,True,True,6097.47,164.8,material_for_production
1530,32,Approved,medium,True,True,1727.71,53.99,material_for_production
1531,14,Rejected,medium,True,True,1616.05,115.43,material_for_production
1532,37,Rejected,medium,True,False,6789.01,183.49,material_for_production
1533,22,Approved,low,False,True,3517.1,159.87,material_for_production
1534,40,Approved,high,False,False,3452.74,86.32,material_for_production
1535,38,Approved,medium,True,True,5231.79,137.68,material_for_production
1536,39,Approved,medium,False,True,3491.76,89.53,material_for_production
1537,28,Rejected,medium,False,True,4754.38,169.8,other
1538,8,Rejected,high,False,False,3187.05,398.38,office_equipment
1539,8,Rejected,medium,False,True,4985.12,623.14,material_for_production
1540,21,Rejected,high,False,True,1600.35,76.21,material_for_production
1541,39,Rejected,medium,False,True,2743.15,70.34,office_equipment
1542,30,Rejected,medium,False,True,6310.8,210.36,office_equipment
1543,36,Rejected,medium,False,False,2093.2,58.14,office_equipment
1544,16,Rejected,medium,False,True,5426.66,339.17,other
1545,34,Approved,medium,False,True,2444.99,71.91,other
1546,39,Approved,medium,False,True,6851.07,175.67,other
1547,10,Approved,high,True,True,1698.17,169.82,material_for_production
1548,34,Rejected,medium,False,False,3473.96,102.18,material_for_production
1549,31,Rejected,high,True,True,6654.7,214.67,office_equipment
1550,37,Approved,medium,False,True,2733.21,73.87,material_for_production
1551,24,Rejected,medium,False,True,4939.66,205.82,office_equipment
1552,20,Approved,medium,True,True,5053.27,252.66,material_for_production
1553,31,Approved,medium,True,False,3456.86,111.51,office_equipment
1554,13,Rejected,high,False,True,4842.84,372.53,material_for_production
1555,24,Rejected,medium,True,True,5537.07,230.71,other
1556,11,Approved,high,True,False,2752.85,250.26,other
1557,33,Rejected,high,True,False,1920.99,58.21,material_for_production
1558,17,Approved,medium,False,False,4278.35,251.67,material_for_production
1559,15,Approved,high,True,True,4306.46,287.1,material_for_production
1560,35,Approved,medium,False,False,4612.19,131.78,material_for_production
1561,32,Approved,low,False,True,5009.29,156.54,material_for_production
1562,15,Rejected,high,False,True,6192.13,412.81,other
1563,16,Approved,medium,True,True,2891.59,180.72,other
1564,17,Rejected,medium,True,False,3427.46,201.62,office_equipment
1565,36,Approved,low,True,True,1939.65,53.88,office_equipment
1566,10,Approved,medium,False,False,2670.19,267.02,material_for_production
1567,37,Rejected,medium,True,True,2070.65,55.96,other
1568,21,Approved,medium,False,True,3345.99,159.33,material_for_production
1569,13,Approved,medium,True,True,5954.71,458.05,material_for_production
1570,7,Approved,high,True,False,4389.37,627.05,material_for_production
1571,28,Rejected,medium,False,True,6350.34,226.8,office_equipment
1572,13,Approved,low,True,True,1575.21,121.17,office_equipment
1573,19,Approved,medium,False,True,2410.62,126.87,material_for_production
1574,24,Rejected,low,False,True,6949.66,289.57,office_equipment
1575,8,Approved,medium,False,True,5721.26,715.16,material_for_production
1576,10,Approved,medium,True,True,3032.51,303.25,material_for_production
1577,28,Rejected,medium,True,False,2039.02,72.82,material_for_production
1578,17,Approved,high,False,True,2890.74,170.04,material_for_production
1579,30,Rejected,medium,False,True,5486.75,182.89,material_for_production
1580,27,Approved,medium,False,True,5373.06,199.0,office_equipment
1581,7,Rejected,medium,False,False,4028.22,575.46,material_for_production
1582,8,Rejected,medium,False,False,4389.33,548.67,other
1583,6,Rejected,high,False,True,5339.83,889.97,other
1584,31,Rejected,medium,False,False,2535.41,81.79,material_for_production
1585,22,Rejected,medium,True,True,3479.66,158.17,office_equipment
1586,27,Rejected,high,True,True,6455.02,239.07,material_for_production
1587,21,Approved,medium,True,True,4319.12,205.67,material_for_production
1588,27,Approved,high,True,True,6720.33,248.9,material_for_production
1589,23,Approved,medium,False,True,2660.03,115.65,material_for_production
1590,26,Approved,high,True,True,2421.57,93.14,material_for_production
1591,13,Approved,high,False,False,1700.08,130.78,office_equipment
1592,20,Rejected,low,True,True,5422.84,271.14,material_for_production
1593,12,Rejected,medium,True,True,4936.27,411.36,other
1594,8,Rejected,medium,False,True,5209.09,651.14,material_for_production
1595,5,Rejected,medium,True,True,6075.44,1215.09,material_for_production
1596,21,Approved,medium,True,True,4719.59,224.74,office_equipment
1597,35,Rejected,medium,False,False,1800.45,51.44,office_equipment
1598,32,Approved,medium,True,False,3024.59,94.52,material_for_production
1599,35,Rejected,medium,False,False,5259.27,150.26,material_for_production
1600,12,Approved,medium,True,False,2193.84,182.82,material_for_production
1601,15,Approved,high,True,False,4510.27,300.68,other
1602,19,Approved,medium,True,True,1719.05,90.48,material_for_production
1603,9,Rejected,medium,True,False,5429.88,603.32,office_equipment
1604,9,Rejected,medium,False,True,3595.8,399.53,office_equipment
1605,35,Approved,medium,True,False,5253.1,150.09,material_for_production
1606,36,Approved,low,True,True,2902.52,80.63,material_for_production
1607,5,Rejected,low,True,True,3067.68,613.54,office_equipment
1608,39,Approved,medium,False,True,1561.56,40.04,material_for_production
1609,35,Approved,medium,True,True,2561.92,73.2,office_equipment
1610,5,Approved,medium,False,False,6405.76,1281.15,other
1611,40,Approved,medium,True,False,3455.19,86.38,office_equipment
1612,10,Approved,medium,False,False,6416.17,641.62,office_equipment
1613,11,Rejected,medium,True,True,6756.85,614.26,office_equipment
1614,31,Approved,medium,False,True,4643.74,149.8,material_for_production
1615,23,Approved,medium,False,True,6526.41,283.76,office_equipment
1616,33,Rejected,medium,False,True,6255.1,189.55,other
1617,16,Approved,medium,False,True,6660.43,416.28,material_for_production
1618,5,Rejected,medium,True,True,5213.47,1042.69,other
1619,18,Approved,high,True,True,4681.75,260.1,material_for_production
1620,12,Approved,low,False,True,4672.53,389.38,other
1621,28,Approved,low,True,True,1911.31,68.26,material_for_production
1622,28,Rejected,medium,True,False,2340.04,83.57,office_equipment
1623,12,Approved,medium,False,True,2292.31,191.03,material_for_production
1624,28,Approved,medium,False,True,6631.11,236.83,material_for_production
1625,31,Approved,high,True,False,3743.2,120.75,material_for_production
1626,5,Approved,medium,False,True,4328.42,865.68,material_for_production
1627,14,Rejected,medium,False,True,5307.58,379.11,material_for_production
1628,39,Approved,high,True,True,6391.46,163.88,other
1629,20,Rejected,medium,True,False,5463.07,273.15,other
1630,31,Approved,high,False,True,6562.88,211.71,other
1631,27,Approved,high,True,True,2409.71,89.25,material_for_production
1632,30,Rejected,high,False,True,5658.82,188.63,office_equipment
1633,17,Approved,medium,False,False,5605.8,329.75,material_for_production
1634,17,Rejected,medium,False,True,6367.42,374.55,other
1635,19,Rejected,medium,False,True,5003.99,263.37,material_for_production
1636,33,Approved,high,False,True,5051.42,153.07,material_for_production
1637,15,Approved,medium,True,False,5638.7,375.91,other
1638,13,Approved,medium,False,True,3535.37,271.95,other
1639,31,Rejected,medium,False,True,5122.81,165.25,material_for_production
1640,38,Rejected,medium,False,True,4800.54,126.33,material_for_production
1641,10,Rejected,medium,False,True,4620.36,462.04,material_for_production
1642,34,Rejected,medium,False,True,3086.25,90.77,material_for_production
1643,10,Rejected,high,False,True,5978.66,597.87,other
1644,8,Approved,medium,True,True,3284.6,410.57,other
1645,25,Approved,low,True,True,5976.92,239.08,other
1646,23,Approved,medium,True,True,5832.88,253.6,material_for_production
1647,10,Approved,low,True,True,2384.59,238.46,material_for_production
1648,22,Approved,high,True,True,4184.19,190.19,material_for_production
1649,8,Rejected,medium,False,False,4587.08,573.38,office_equipment
1650,40,Rejected,low,False,True,2101.14,52.53,material_for_production
1651,8,Approved,medium,True,True,5224.71,653.09,material_for_production
1652,30,Rejected,medium,True,False,4696.05,156.53,other
1653,12,Approved,high,False,True,2624.2,218.68,material_for_production
1654,29,Approved,medium,True,False,5927.01,204.38,material_for_production
1655,15,Approved,high,True,True,6662.87,444.19,material_for_production
1656,10,Approved,high,False,True,3467.82,346.78,material_for_production
1657,31,Rejected,low,False,True,4504.36,145.3,material_for_production
1658,13,Rejected,low,False,True,1577.86,121.37,material_for_production
1659,16,Approved,high,True,True,3573.14,223.32,material_for_production
1660,18,Rejected,high,True,False,6873.57,381.87,other
1661,39,Approved,medium,False,True,6203.36,159.06,material_for_production
1662,17,Rejected,medium,True,True,2095.52,123.27,material_for_production
1663,24,Rejected,medium,False,True,6717.08,279.88,other
1664,29,Approved,high,False,False,5847.57,201.64,material_for_production
1665,18,Approved,medium,True,True,6184.82,343.6,office_equipment
1666,36,Rejected,low,False,True,4015.79,111.55,office_equipment
1667,24,Approved,high,True,True,3062.9,127.62,material_for_production
1668,8,Rejected,medium,True,False,3390.25,423.78,material_for_production
1669,26,Approved,low,True,True,5884.14,226.31,office_equipment
1670,29,Approved,medium,True,True,2615.82,90.2,other
1671,29,Approved,medium,True,True,1535.47,52.95,other
1672,32,Approved,high,False,False,5141.11,160.66,office_equipment
1673,8,Rejected,medium,False,True,2098.93,262.37,office_equipment
1674,34,Rejected,medium,True,False,6505.38,191.33,other
1675,32,Approved,medium,True,True,2308.67,72.15,material_for_production
1676,39,Rejected,medium,True,True,6253.82,160.35,other
1677,27,Rejected,high,True,True,4000.12,148.15,office_equipment
1678,39,Approved,medium,False,True,5691.73,145.94,material_for_production
1679,38,Rejected,medium,False,True,6029.86,158.68,office_equipment
1680,7,Approved,medium,True,True,2509.34,358.48,material_for_production
1681,33,Rejected,medium,False,True,3302.36,100.07,other
1682,12,Approved,medium,True,True,6052.76,504.4,office_equipment
1683,15,Rejected,low,True,True,2567.13,171.14,material_for_production
1684,33,Approved,medium,True,True,5237.22,158.7,office_equipment
1685,32,Approved,high,True,True,2947.82,92.12,material_for_production
1686,24,Rejected,medium,False,True,5408.67,225.36,office_equipment
1687,35,Rejected,medium,True,True,4588.44,131.1,office_equipment
1688,40,Approved,medium,True,True,3463.79,86.59,office_equipment
1689,6,Approved,medium,False,True,3075.97,512.66,material_for_production
1690,25,Rejected,medium,False,True,2275.05,91.0,office_equipment
1691,17,Approved,low,True,True,5088.4,299.32,office_equipment
1692,29,Approved,medium,True,True,3027.64,104.4,other
1693,31,Approved,medium,True,True,6248.77,201.57,office_equipment
1694,39,Rejected,medium,True,False,5280.07,135.39,office_equipment
1695,11,Rejected,medium,True,True,6556.22,596.02,office_equipment
1696,13,Rejected,medium,True,True,3207.66,246.74,material_for_production
1697,38,Approved,medium,False,False,4057.01,106.76,office_equipment
1698,12,Approved,medium,True,True,3808.61,317.38,office_equipment
1699,21,Rejected,medium,False,True,5626.93,267.95,material_for_production
1700,29,Rejected,medium,True,True,5967.35,205.77,material_for_production
1701,11,Approved,high,False,False,2513.9,228.54,material_for_production
1702,7,Rejected,high,False,False,3349.34,478.48,material_for_production
1703,21,Rejected,high,True,True,2940.65,140.03,office_equipment
1704,11,Approved,medium,True,True,2628.73,238.98,material_for_production
1705,22,Rejected,medium,True,False,6492.01,295.09,other
1706,26,Rejected,medium,False,False,6559.87,252.3,office_equipment
1707,30,Rejected,medium,False,False,3896.11,129.87,office_equipment
1708,31,Rejected,medium,False,False,6467.06,208.61,material_for_production
1709,21,Rejected,medium,True,True,6446.58,306.98,office_equipment
1710,21,Approved,medium,True,True,3257.37,155.11,material_for_production
1711,22,Approved,low,False,True,3899.6,177.25,other
1712,29,Approved,high,False,True,5526.18,190.56,material_for_production
1713,7,Approved,medium,True,True,4499.69,642.81,material_for_production
1714,34,Approved,medium,False,True,2280.31,67.07,material_for_production
1715,19,Approved,medium,True,True,5865.05,308.69,material_for_production
1716,20,Approved,high,False,True,3977.41,198.87,material_for_production
1717,20,Approved,medium,False,True,4024.97,201.25,material_for_production
1718,26,Approved,medium,False,True,3053.1,117.43,material_for_production
1719,10,Rejected,high,False,True,5080.35,508.04,material_for_production
1720,14,Rejected,medium,False,True,6454.85,461.06,office_equipment
1721,6,Rejected,high,False,True,5758.61,959.77,other
1722,27,Approved,medium,True,True,3149.51,116.65,office_equipment
1723,24,Approved,high,False,True,1513.74,63.07,material_for_production
1724,6,Rejected,high,True,False,6622.53,1103.75,office_equipment
1725,24,Rejected,high,True,True,4464.94,186.04,other
1726,16,Approved,medium,True,False,6323.24,395.2,material_for_production
1727,31,Approved,medium,True,False,3094.95,99.84,material_for_production
1728,24,Approved,medium,True,True,3803.19,158.47,office_equipment
1729,23,Rejected,medium,False,True,2380.64,103.51,material_for_production
1730,16,Approved,medium,False,False,4385.57,274.1,material_for_production
1731,18,Approved,high,True,True,2821.96,156.78,material_for_production
1732,40,Rejected,medium,False,True,1688.66,42.22,office_equipment
1733,6,Approved,medium,True,False,6424.97,1070.83,material_for_production
1734,22,Rejected,medium,True,True,1906.35,86.65,office_equipment
1735,32,Approved,medium,True,True,3036.34,94.89,material_for_production
1736,6,Approved,high,True,False,5038.31,839.72,material_for_production
1737,29,Approved,high,True,True,5195.7,179.16,office_equipment
1738,32,Approved,medium,True,False,5364.33,167.64,material_for_production
1739,16,Rejected,low,True,False,1916.65,119.79,material_for_production
1740,28,Rejected,high,True,False,2461.8,87.92,other
1741,20,Approved,medium,True,True,5950.79,297.54,office_equipment
1742,31,Rejected,medium,True,False,6158.18,198.65,office_equipment
1743,35,Approved,medium,False,True,4266.35,121.9,material_for_production
1744,26,Approved,medium,False,True,2547.31,97.97,other
1745,40,Approved,high,False,True,5800.14,145.0,other
1746,27,Approved,high,False,True,6217.11,230.26,office_equipment
1747,25,Rejected,medium,False,True,4988.2,199.53,material_for_production
1748,6,Approved,medium,False,True,2730.13,455.02,material_for_production
1749,17,Rejected,medium,False,False,3083.43,181.38,material_for_production
1750,33,Rejected,high,False,False,6260.84,189.72,material_for_production
1751,21,Approved,medium,False,True,5425.41,258.35,material_for_production
1752,18,Approved,low,True,True,6796.39,377.58,other
1753,17,Approved,medium,False,False,3563.55,209.62,office_equipment
1754,9,Rejected,low,False,True,3183.83,353.76,material_for_production
1755,9,Approved,high,False,True,4833.22,537.02,office_equipment
1756,35,Rejected,high,False,True,6606.4,188.75,material_for_production
1757,23,Rejected,low,False,True,6380.38,277.41,other
1758,35,Approved,medium,False,True,5320.96,152.03,material_for_production
1759,12,Approved,medium,True,True,6810.2,567.52,material_for_production
1760,33,Rejected,low,False,True,4247.03,128.7,other
1761,40,Approved,high,False,True,2078.86,51.97,office_equipment
1762,28,Approved,medium,True,False,6975.15,249.11,other
1763,10,Approved,high,True,True,3269.48,326.95,material_for_production
1764,14,Rejected,medium,False,False,2914.47,208.18,other
1765,6,Approved,medium,True,True,5182.55,863.76,material_for_production
1766,5,Rejected,medium,True,False,4574.07,914.81,other
1767,39,Approved,high,True,True,5020.64,128.73,office_equipment
1768,14,Approved,high,False,True,3752.89,268.06,material_for_production
1769,23,Rejected,medium,True,True,3069.21,133.44,office_equipment
1770,20,Approved,medium,False,True,2799.71,139.99,material_for_production
1771,11,Approved,high,False,False,6410.32,582.76,material_for_production
1772,25,Approved,low,True,False,4884.83,195.39,office_equipment
1773,6,Approved,high,True,False,6175.93,1029.32,material_for_production
1774,7,Approved,medium,True,False,1884.86,269.27,material_for_production
1775,37,Approved,medium,True,True,6378.04,172.38,material_for_production
1776,27,Rejected,medium,True,True,3787.08,140.26,other
1777,36,Rejected,medium,True,False,5806.19,161.28,material_for_production
1778,25,Approved,high,True,True,4347.08,173.88,material_for_production
1779,16,Rejected,high,False,True,5293.83,330.86,other
1780,7,Approved,high,False,True,4699.93,671.42,other
1781,30,Approved,medium,False,True,4333.75,144.46,office_equipment
1782,20,Rejected,medium,True,True,4632.22,231.61,other
1783,9,Approved,high,False,True,5628.49,625.39,material_for_production
1784,22,Approved,medium,False,True,6117.54,278.07,material_for_production
1785,12,Rejected,high,False,False,6242.67,520.22,office_equipment
1786,5,Approved,high,True,True,2066.28,413.26,material_for_production
1787,12,Rejected,high,True,False,6002.73,500.23,office_equipment
1788,24,Approved,medium,True,False,6826.96,284.46,material_for_production
1789,19,Rejected,high,True,True,5503.8,289.67,material_for_production
1790,35,Approved,high,True,False,3537.29,101.07,material_for_production
1791,34,Rejected,medium,False,False,1782.17,52.42,material_for_production
1792,32,Approved,medium,False,True,6731.56,210.36,material_for_production
1793,35,Rejected,high,False,True,6820.54,194.87,material_for_production
1794,15,Approved,medium,True,True,4712.47,314.16,material_for_production
1795,5,Approved,medium,True,True,4273.62,854.72,other
1796,25,Approved,high,True,True,1618.38,64.74,material_for_production
1797,18,Rejected,high,True,False,6497.81,360.99,office_equipment
1798,17,Rejected,medium,True,False,2358.26,138.72,office_equipment
1799,18,Approved,medium,False,False,2480.62,137.81,material_for_production
1800,11,Approved,high,True,True,3674.93,334.08,material_for_production
1801,29,Rejected,high,False,True,2143.98,73.93,material_for_production
1802,28,Rejected,medium,True,True,6321.64,225.77,other
1803,16,Rejected,low,False,False,2942.39,183.9,material_for_production
1804,40,Rejected,medium,False,True,6319.47,157.99,office_equipment
1805,29,Approved,high,True,True,3809.63,131.37,material_for_production
1806,31,Rejected,medium,False,True,3481.51,112.31,material_for_production
1807,26,Rejected,high,False,True,4516.37,173.71,other
1808,31,Approved,high,True,True,2984.57,96.28,material_for_production
1809,9,Rejected,medium,True,True,5702.05,633.56,material_for_production
1810,16,Approved,high,True,True,5344.09,334.01,other
1811,40,Approved,high,False,True,1857.07,46.43,other
1812,12,Approved,medium,True,True,5716.33,476.36,material_for_production
1813,17,Approved,medium,True,False,5641.67,331.86,material_for_production
1814,15,Approved,high,False,True,5739.76,382.65,office_equipment
1815,12,Approved,high,True,False,5903.84,491.99,other
1816,12,Approved,medium,True,True,2908.32,242.36,office_equipment
1817,13,Approved,high,True,True,4505.91,346.61,material_for_production
1818,13,Rejected,high,False,True,3280.98,252.38,office_equipment
1819,22,Rejected,medium,False,False,2724.49,123.84,office_equipment
1820,9,Approved,low,False,True,5691.39,632.38,office_equipment
1821,8,Rejected,high,False,False,6452.63,806.58,other
1822,5,Approved,medium,False,True,4908.43,981.69,material_for_production
1823,39,Rejected,medium,True,False,4748.24,121.75,material_for_production
1824,23,Approved,medium,True,True,6386.71,277.68,material_for_production
1825,33,Approved,low,True,True,3530.63,106.99,material_for_production
1826,34,Approved,medium,False,True,3451.99,101.53,other
1827,39,Approved,medium,True,True,4708.13,120.72,office_equipment
1828,17,Approved,high,False,True,3586.6,210.98,material_for_production
1829,5,Approved,high,True,True,2737.39,547.48,other
1830,34,Approved,medium,True,True,2554.16,75.12,material_for_production
1831,7,Approved,low,False,False,6741.86,963.12,material_for_production
1832,36,Rejected,medium,True,False,4013.02,111.47,office_equipment
1833,27,Approved,medium,True,True,4014.34,148.68,office_equipment
1834,24,Rejected,medium,True,True,2864.35,119.35,material_for_production
1835,40,Approved,high,False,False,2499.12,62.48,other
1836,28,Rejected,medium,True,True,4021.96,143.64,office_equipment
1837,35,Approved,high,False,True,3338.05,95.37,material_for_production
1838,25,Approved,medium,True,True,4210.77,168.43,material_for_production
1839,23,Rejected,high,True,False,6351.87,276.17,office_equipment
1840,6,Rejected,medium,True,True,6328.38,1054.73,office_equipment
1841,25,Rejected,medium,True,True,2970.68,118.83,other
1842,31,Rejected,high,False,True,4546.6,146.66,other
1843,34,Rejected,medium,True,True,3400.7,100.02,other
1844,39,Approved,medium,False,True,1593.77,40.87,material_for_production
1845,34,Approved,high,False,True,4965.51,146.04,material_for_production
1846,21,Rejected,medium,False,True,3823.47,182.07,material_for_production
1847,39,Rejected,low,False,True,6113.88,156.77,office_equipment
1848,30,Rejected,high,False,False,6569.57,218.99,material_for_production
1849,12,Rejected,medium,False,True,5955.93,496.33,other
1850,26,Rejected,high,False,True,1503.56,57.83,office_equipment
1851,16,Rejected,medium,True,True,1598.56,99.91,office_equipment
1852,24,Approved,medium,True,True,2448.45,102.02,office_equipment
1853,32,Approved,medium,True,True,4792.68,149.77,office_equipment
1854,10,Rejected,medium,True,False,5357.27,535.73,other
1855,38,Rejected,high,True,False,3706.48,97.54,material_for_production
1856,37,Rejected,medium,False,True,1612.95,43.59,material_for_production
1857,17,Approved,high,True,False,3217.77,189.28,office_equipment
1858,36,Rejected,medium,False,False,1843.47,51.21,material_for_production
1859,18,Rejected,low,True,True,6883.87,382.44,office_equipment
1860,14,Rejected,medium,False,False,2576.1,184.01,office_equipment
1861,24,Rejected,medium,False,False,6285.43,261.89,material_for_production
1862,34,Approved,high,False,False,4771.03,140.32,material_for_production
1863,17,Approved,low,False,True,2647.67,155.75,office_equipment
1864,29,Rejected,medium,False,True,6344.26,218.77,office_equipment
1865,8,Approved,medium,True,True,1706.71,213.34,material_for_production
1866,35,Approved,medium,True,True,3290.49,94.01,other
1867,11,Approved,high,False,True,3882.26,352.93,office_equipment
1868,10,Rejected,high,False,True,5381.96,538.2,other
1869,7,Rejected,high,True,True,3474.05,496.29,material_for_production
1870,31,Rejected,medium,True,True,3919.21,126.43,office_equipment
1871,34,Approved,medium,True,True,3918.14,115.24,material_for_production
1872,32,Approved,high,False,True,3099.46,96.86,material_for_production
1873,25,Rejected,low,False,True,6893.81,275.75,other
1874,38,Approved,low,False,True,1833.96,48.26,material_for_production
1875,18,Rejected,medium,False,True,4062.99,225.72,other
1876,6,Approved,high,True,False,5414.03,902.34,material_for_production
1877,34,Rejected,high,True,False,2867.98,84.35,office_equipment
1878,8,Approved,medium,True,True,4304.71,538.09,material_for_production
1879,20,Rejected,high,False,False,2074.88,103.74,other
1880,12,Rejected,medium,True,True,2871.1,239.26,office_equipment
1881,19,Approved,high,True,False,5829.07,306.79,material_for_production
1882,30,Approved,medium,True,False,1649.18,54.97,material_for_production
1883,10,Rejected,high,False,False,4711.57,471.16,other
1884,40,Approved,medium,True,False,1506.8,37.67,office_equipment
1885,17,Rejected,medium,False,True,1939.88,114.11,other
1886,17,Rejected,medium,False,True,6954.49,409.09,office_equipment
1887,35,Rejected,medium,True,False,3409.03,97.4,other
1888,33,Rejected,medium,True,False,6899.92,209.09,material_for_production
1889,26,Rejected,medium,True,False,6850.68,263.49,material_for_production
1890,35,Rejected,medium,True,True,1621.21,46.32,material_for_production
1891,24,Approved,medium,True,False,3960.33,165.01,office_equipment
1892,6,Rejected,medium,True,True,4998.49,833.08,other
1893,37,Approved,medium,False,True,3942.05,106.54,other
1894,18,Approved,high,False,False,3429.77,190.54,material_for_production
1895,26,Approved,medium,True,True,6142.54,236.25,material_for_production
1896,15,Approved,medium,True,True,3716.72,247.78,office_equipment
1897,19,Approved,medium,True,True,6331.92,333.26,office_equipment
1898,7,Rejected,medium,True,True,4773.86,681.98,other
1899,10,Approved,high,False,True,6432.39,643.24,material_for_production
1900,10,Rejected,low,True,True,4160.88,416.09,other
1901,22,Approved,medium,True,False,5692.12,258.73,material_for_production
1902,13,Rejected,medium,True,True,5852.59,450.2,material_for_production
1903,6,Approved,medium,False,True,5023.44,837.24,material_for_production
1904,24,Rejected,medium,False,False,3915.01,163.13,material_for_production
1905,21,Rejected,high,True,False,2342.63,111.55,other
1906,8,Rejected,high,False,True,3777.61,472.2,other
1907,22,Approved,medium,True,True,6479.99,294.55,other
1908,12,Rejected,medium,False,False,2508.68,209.06,office_equipment
1909,28,Rejected,medium,False,False,3464.57,123.73,other
1910,34,Rejected,medium,False,True,6587.46,193.75,office_equipment
1911,26,Approved,high,True,True,1643.28,63.2,material_for_production
1912,21,Approved,high,True,True,5388.24,256.58,office_equipment
1913,12,Approved,medium,True,True,4071.23,339.27,material_for_production
1914,16,Rejected,medium,False,True,3867.51,241.72,office_equipment
1915,32,Rejected,low,False,True,6435.34,201.1,material_for_production
1916,36,Rejected,high,True,True,6120.96,170.03,other
1917,31,Rejected,high,False,True,5202.46,167.82,material_for_production
1918,32,Approved,high,True,False,3344.79,104.52,office_equipment
1919,31,Approved,low,True,True,6136.8,197.96,material_for_production
1920,11,Approved,medium,False,True,5418.47,492.59,material_for_production
1921,30,Approved,medium,False,True,3210.25,107.01,office_equipment
1922,6,Approved,low,True,True,6328.65,1054.77,office_equipment
1923,21,Rejected,medium,True,True,5051.46,240.55,office_equipment
1924,27,Approved,medium,False,True,6277.79,232.51,other
1925,20,Rejected,medium,True,True,4165.73,208.29,office_equipment
1926,31,Approved,medium,True,True,2625.96,84.71,material_for_production
1927,38,Approved,high,False,True,1528.55,40.23,office_equipment
1928,36,Rejected,medium,True,False,4041.08,112.25,material_for_production
1929,33,Approved,high,False,True,6474.65,196.2,material_for_production
1930,20,Approved,medium,True,True,4966.54,248.33,material_for_production
1931,40,Approved,high,True,True,2426.16,60.65,office_equipment
1932,20,Rejected,high,True,True,6606.87,330.34,office_equipment
1933,23,Rejected,medium,True,True,1713.42,74.5,material_for_production
1934,15,Rejected,medium,False,True,3207.84,213.86,material_for_production
1935,20,Approved,medium,True,True,4411.84,220.59,office_equipment
1936,25,Approved,medium,True,True,3176.59,127.06,office_equipment
1937,38,Approved,high,False,True,3157.63,83.1,material_for_production
1938,30,Rejected,medium,False,False,4172.07,139.07,other
1939,28,Approved,high,False,True,2327.44,83.12,other
1940,38,Approved,medium,False,False,3741.94,98.47,material_for_production
1941,17,Approved,high,False,True,2909.5,171.15,other
1942,15,Approved,medium,True,True,5590.67,372.71,material_for_production
1943,5,Approved,medium,True,True,5562.63,1112.53,office_equipment
1944,10,Approved,low,True,True,2533.82,253.38,office_equipment
1945,9,Approved,high,False,False,4375.61,486.18,material_for_production
1946,24,Approved,high,False,True,1953.99,81.42,office_equipment
1947,27,Rejected,high,True,True,5473.17,202.71,material_for_production
1948,33,Approved,medium,True,False,1789.44,54.23,office_equipment
1949,25,Approved,medium,False,True,3166.61,126.66,office_equipment
1950,19,Approved,high,False,False,2133.79,112.3,office_equipment
1951,23,Rejected,medium,False,False,6590.42,286.54,other
1952,21,Rejected,medium,True,True,2240.41,106.69,other
1953,10,Rejected,medium,False,True,6844.17,684.42,material_for_production
1954,11,Rejected,high,True,True,2126.77,193.34,other
1955,28,Approved,medium,True,True,4680.77,167.17,material_for_production
1956,5,Approved,medium,False,True,4357.29,871.46,material_for_production
1957,31,Approved,high,False,False,3696.6,119.25,material_for_production
1958,38,Approved,medium,True,True,6744.55,177.49,material_for_production
1959,15,Approved,medium,True,True,2816.61,187.77,material_for_production
1960,35,Approved,high,False,True,6874.23,196.41,office_equipment
1961,16,Approved,high,False,True,5099.22,318.7,material_for_production
1962,29,Rejected,medium,True,True,1685.72,58.13,material_for_production
1963,28,Approved,medium,True,True,5690.63,203.24,material_for_production
1964,9,Approved,high,True,True,5911.12,656.79,other
1965,39,Approved,medium,True,True,5356.8,137.35,material_for_production
1966,15,Approved,medium,False,False,6086.67,405.78,material_for_production
1967,25,Approved,high,True,False,2618.27,104.73,other
1968,28,Approved,medium,True,True,3284.49,117.3,other
1969,35,Rejected,low,True,True,5606.79,160.19,office_equipment
1970,21,Rejected,medium,True,False,5690.56,270.98,material_for_production
1971,38,Approved,medium,True,True,4598.53,121.01,material_for_production
1972,7,Approved,high,False,True,6826.82,975.26,office_equipment
1973,9,Rejected,medium,False,True,4088.33,454.26,office_equipment
1974,20,Approved,medium,True,True,6781.35,339.07,material_for_production
1975,25,Approved,high,True,True,6207.97,248.32,material_for_production
1976,13,Approved,medium,False,True,2870.87,220.84,material_for_production
1977,37,Approved,medium,False,True,3209.3,86.74,other
1978,6,Approved,medium,True,True,2113.08,352.18,material_for_production
1979,14,Approved,medium,False,True,4699.32,335.67,other
1980,39,Approved,medium,False,False,4054.11,103.95,material_for_production
1981,36,Rejected,medium,True,True,6938.16,192.73,office_equipment
1982,15,Rejected,medium,False,True,5555.29,370.35,material_for_production
1983,36,Approved,medium,False,True,6508.05,180.78,material_for_production
1984,39,Approved,medium,False,True,3458.81,88.69,material_for_production
1985,27,Approved,medium,True,False,5798.67,214.77,material_for_production
1986,6,Approved,medium,True,True,3945.23,657.54,material_for_production
1987,40,Approved,medium,False,True,6663.37,166.58,other
1988,15,Approved,medium,False,True,2748.02,183.2,material_for_production
1989,11,Approved,medium,True,True,2894.17,263.11,material_for_production
1990,18,Approved,medium,True,True,3747.76,208.21,other
1991,10,Approved,high,True,False,1610.31,161.03,other
1992,25,Approved,high,False,True,6954.38,278.18,office_equipment
1993,27,Rejected,high,False,False,3386.31,125.42,other
1994,32,Approved,medium,False,False,4357.85,136.18,material_for_production
1995,32,Approved,low,True,True,2888.02,90.25,material_for_production
1996,31,Rejected,medium,False,True,6591.92,212.64,material_for_production
1997,16,Approved,medium,False,True,3350.06,209.38,material_for_production
1998,29,Approved,medium,True,True,2937.61,101.3,material_for_production
1999,33,Approved,medium,True,True,4305.6,130.47,material_for_production
2000,30,Approved,medium,False,True,2212.39,73.75,material_for_production
2001,14,Rejected,medium,True,True,5145.26,367.52,office_equipment
2002,30,Approved,high,True,False,1980.0,66.0,material_for_production
2003,32,Approved,medium,False,True,4962.57,155.08,office_equipment
2004,40,Rejected,medium,True,False,6006.96,150.17,office_equipment
2005,36,Approved,low,False,True,3115.39,86.54,material_for_production
2006,28,Rejected,high,False,True,5017.43,179.19,other
2007,40,Approved,medium,False,True,4250.36,106.26,material_for_production
2008,19,Rejected,medium,True,True,6298.56,331.5,office_equipment
2009,8,Approved,medium,True,True,5004.83,625.6,office_equipment
2010,15,Rejected,medium,True,True,5270.41,351.36,material_for_production
2011,11,Rejected,high,False,False,5225.79,475.07,office_equipment
2012,34,Rejected,high,False,True,2202.61,64.78,other
2013,18,Rejected,medium,False,False,3550.84,197.27,office_equipment
2014,35,Approved,high,False,False,2648.61,75.67,material_for_production
2015,20,Rejected,medium,False,False,5776.04,288.8,other
2016,5,Approved,medium,True,True,3444.22,688.84,material_for_production
2017,16,Rejected,medium,True,True,5714.92,357.18,other
2018,8,Rejected,medium,False,True,2150.82,268.85,material_for_production
2019,35,Approved,medium,False,True,1694.62,48.42,material_for_production
2020,35,Approved,high,True,False,3019.22,86.26,other
2021,34,Rejected,medium,True,False,5679.5,167.04,material_for_production
2022,33,Approved,medium,True,True,3475.08,105.31,material_for_production
2023,9,Approved,medium,True,True,5393.26,599.25,material_for_production
2024,7,Rejected,high,False,True,6121.28,874.47,material_for_production
2025,13,Approved,high,True,True,2096.82,161.29,material_for_production
2026,5,Rejected,high,True,True,4480.49,896.1,office_equipment
2027,8,Approved,low,True,True,3582.59,447.82,other
2028,6,Rejected,medium,True,False,1865.36,310.89,material_for_production
2029,20,Approved,medium,False,True,3725.22,186.26,office_equipment
2030,31,Rejected,medium,True,True,4289.01,138.36,other
2031,33,Rejected,low,False,True,6940.29,210.31,other
2032,8,Rejected,medium,True,True,2970.99,371.37,other
2033,13,Rejected,medium,False,True,3063.1,235.62,material_for_production
2034,11,Approved,high,True,False,5584.52,507.68,office_equipment
2035,34,Rejected,medium,False,False,6759.6,198.81,material_for_production
2036,16,Rejected,medium,False,False,3889.88,243.12,office_equipment
2037,22,Rejected,low,True,True,5794.78,263.4,material_for_production
2038,10,Approved,high,False,False,6752.29,675.23,material_for_production
2039,34,Approved,medium,True,True,2085.52,61.34,other
2040,20,Rejected,high,True,True,6741.88,337.09,office_equipment
2041,22,Approved,medium,False,True,4481.6,203.71,material_for_production
2042,35,Rejected,medium,False,True,5911.65,168.9,material_for_production
2043,16,Rejected,medium,False,True,2682.63,167.66,office_equipment
2044,39,Approved,medium,True,False,2339.54,59.99,material_for_production
2045,35,Approved,medium,False,True,1652.66,47.22,other
2046,33,Rejected,medium,True,True,2892.03,87.64,material_for_production
2047,17,Approved,medium,False,False,1503.35,88.43,office_equipment
2048,22,Approved,medium,False,True,2783.06,126.5,material_for_production
2049,34,Approved,low,False,True,6080.04,178.82,office_equipment
2050,37,Rejected,medium,True,False,6986.63,188.83,other
2051,32,Approved,medium,True,True,5311.68,165.99,material_for_production
2052,31,Approved,medium,False,True,1885.04,60.81,office_equipment
2053,15,Approved,medium,True,True,4422.13,294.81,material_for_production
2054,15,Rejected,medium,False,False,2005.59,133.71,material_for_production
2055,21,Rejected,medium,False,True,5258.79,250.42,material_for_production
2056,11,Approved,medium,False,True,3139.69,285.43,material_for_production
2057,31,Approved,medium,False,True,6016.4,194.08,material_for_production
2058,31,Rejected,medium,True,False,2186.1,70.52,material_for_production
2059,35,Rejected,medium,True,True,6816.5,194.76,other
2060,19,Approved,medium,True,True,4877.81,256.73,other
2061,34,Rejected,medium,True,True,5516.89,162.26,office_equipment
2062,22,Rejected,medium,False,True,4353.5,197.89,office_equipment
2063,24,Rejected,medium,True,True,4688.08,195.34,office_equipment
2064,7,Approved,medium,False,True,5298.44,756.92,material_for_production
2065,7,Rejected,low,True,True,5478.03,782.58,office_equipment
2066,18,Approved,low,False,True,1761.64,97.87,other
2067,9,Rejected,medium,True,False,2518.57,279.84,material_for_production
2068,6,Rejected,medium,True,True,4580.77,763.46,office_equipment
2069,25,Rejected,high,False,False,4136.43,165.46,material_for_production
2070,29,Approved,medium,False,True,6421.41,221.43,material_for_production
2071,15,Rejected,medium,False,False,6728.11,448.54,other
2072,20,Rejected,high,False,True,5777.15,288.86,material_for_production
2073,35,Rejected,high,True,False,4198.23,119.95,office_equipment
2074,38,Rejected,high,True,True,3121.67,82.15,material_for_production
2075,21,Approved,medium,False,True,1562.19,74.39,material_for_production
2076,23,Rejected,medium,False,True,4915.95,213.74,material_for_production
2077,9,Rejected,medium,True,False,4281.98,475.78,office_equipment
2078,15,Rejected,high,True,True,6292.09,419.47,office_equipment
2079,19,Approved,high,False,True,3699.46,194.71,other
2080,10,Rejected,medium,False,True,5769.43,576.94,office_equipment
2081,25,Approved,low,False,False,4545.6,181.82,other
2082,16,Approved,medium,False,True,3722.76,232.67,material_for_production
2083,23,Rejected,medium,True,True,3961.83,172.25,office_equipment
2084,30,Approved,medium,True,False,1732.14,57.74,other
2085,17,Approved,high,True,True,4635.77,272.69,material_for_production
2086,36,Rejected,medium,False,False,4136.94,114.91,material_for_production
2087,28,Approved,high,True,True,6691.93,239.0,other
2088,22,Approved,medium,False,False,5346.06,243.0,material_for_production
2089,20,Approved,low,False,True,6390.1,319.5,other
2090,29,Approved,high,True,False,3607.47,124.4,office_equipment
2091,27,Rejected,high,False,True,1687.43,62.5,material_for_production
2092,30,Approved,medium,True,True,2466.18,82.21,material_for_production
2093,8,Approved,low,True,True,2232.0,279.0,material_for_production
2094,23,Rejected,medium,False,False,6157.4,267.71,other
2095,35,Approved,medium,True,True,4203.16,120.09,office_equipment
2096,17,Rejected,high,False,True,6516.22,383.31,office_equipment
2097,39,Approved,high,False,True,2210.56,56.68,other
2098,35,Rejected,low,True,True,6450.54,184.3,material_for_production
2099,24,Approved,medium,True,False,5691.43,237.14,material_for_production
2100,22,Rejected,low,True,False,4349.57,197.71,other
2101,22,Rejected,high,True,False,2822.96,128.32,office_equipment
2102,33,Rejected,low,True,True,4488.6,136.02,material_for_production
2103,26,Rejected,medium,False,True,6184.28,237.86,office_equipment
2104,22,Approved,high,False,True,5966.15,271.19,material_for_production
2105,14,Rejected,high,False,False,3846.8,274.77,office_equipment
2106,19,Rejected,high,True,True,6957.04,366.16,material_for_production
2107,39,Approved,medium,True,True,1925.38,49.37,office_equipment
2108,6,Rejected,low,True,True,5642.92,940.49,material_for_production
2109,17,Approved,medium,False,True,5220.79,307.11,material_for_production
2110,32,Approved,high,False,False,4350.39,135.95,office_equipment
2111,23,Rejected,medium,True,True,6512.58,283.16,material_for_production
2112,17,Approved,medium,True,False,4414.38,259.67,other
2113,22,Approved,medium,True,True,4937.04,224.41,other
2114,25,Rejected,high,False,True,1707.73,68.31,material_for_production
2115,34,Approved,high,True,True,3954.7,116.31,material_for_production
2116,18,Rejected,high,False,True,6321.54,351.2,material_for_production
2117,10,Approved,medium,True,True,5620.2,562.02,office_equipment
2118,37,Approved,medium,True,True,1884.47,50.93,office_equipment
2119,35,Approved,high,True,False,3619.23,103.41,material_for_production
2120,8,Rejected,medium,False,True,3446.76,430.85,material_for_production
2121,16,Approved,medium,True,True,2050.16,128.13,material_for_production
2122,9,Rejected,high,False,True,2901.52,322.39,office_equipment
2123,19,Approved,medium,True,True,1930.52,101.61,material_for_production
2124,40,Approved,medium,False,True,1536.5,38.41,other
2125,37,Approved,high,False,True,4744.65,128.23,material_for_production
2126,17,Rejected,medium,False,True,3790.1,222.95,material_for_production
2127,30,Rejected,low,False,True,5647.07,188.24,material_for_production
2128,28,Approved,high,False,False,1699.28,60.69,office_equipment
2129,21,Rejected,medium,True,True,6813.24,324.44,office_equipment
2130,30,Approved,high,False,True,3195.16,106.51,other
2131,10,Approved,high,True,True,1690.01,169.0,material_for_production
2132,25,Approved,medium,True,True,2638.67,105.55,office_equipment
2133,35,Approved,medium,True,True,3416.72,97.62,material_for_production
2134,18,Rejected,medium,False,True,3339.63,185.53,office_equipment
2135,33,Rejected,high,False,False,4628.83,140.27,office_equipment
2136,22,Approved,high,True,True,3777.35,171.7,office_equipment
2137,8,Approved,high,False,True,4621.18,577.65,other
2138,16,Rejected,medium,True,True,3561.11,222.57,office_equipment
2139,24,Approved,medium,True,True,1600.31,66.68,office_equipment
2140,28,Approved,high,False,True,4737.0,169.18,material_for_production
2141,29,Approved,low,True,True,2402.44,82.84,office_equipment
2142,8,Approved,medium,True,False,3409.26,426.16,material_for_production
2143,22,Approved,high,False,False,2378.04,108.09,office_equipment
2144,25,Approved,low,False,True,3408.66,136.35,material_for_production
2145,16,Approved,medium,True,True,5385.49,336.59,material_for_production
2146,39,Approved,medium,True,True,5778.26,148.16,office_equipment
2147,9,Approved,medium,True,False,6396.31,710.7,other
2148,18,Rejected,high,True,False,6768.12,376.01,material_for_production
2149,17,Approved,low,False,False,3492.43,205.44,office_equipment
2150,7,Approved,low,False,True,6403.6,914.8,material_for_production
2151,33,Rejected,medium,False,True,5551.26,168.22,material_for_production
2152,35,Approved,high,True,True,6140.96,175.46,material_for_production
2153,21,Approved,high,True,True,5623.96,267.81,office_equipment
2154,35,Approved,medium,False,True,4769.97,136.28,material_for_production
2155,9,Approved,medium,True,True,5183.35,575.93,other
2156,9,Approved,medium,True,True,2719.44,302.16,material_for_production
2157,10,Approved,low,True,True,6449.04,644.9,office_equipment
2158,20,Approved,medium,False,True,3809.95,190.5,material_for_production
2159,36,Approved,high,True,True,6708.7,186.35,material_for_production
2160,5,Approved,low,False,False,3296.79,659.36,office_equipment
2161,21,Approved,high,True,True,1639.48,78.07,material_for_production
2162,33,Approved,medium,True,True,2147.22,65.07,material_for_production
2163,20,Rejected,medium,True,True,3548.28,177.41,material_for_production
2164,13,Rejected,medium,False,True,2896.71,222.82,material_for_production
2165,7,Approved,high,False,True,6619.65,945.66,office_equipment
2166,21,Rejected,medium,True,False,6790.78,323.37,office_equipment
2167,11,Approved,medium,True,True,5942.45,540.22,other
2168,33,Rejected,medium,False,False,5451.67,165.2,material_for_production
2169,15,Approved,high,False,True,3018.75,201.25,office_equipment
2170,37,Rejected,medium,False,True,5744.58,155.26,office_equipment
2171,6,Approved,medium,False,True,2805.61,467.6,office_equipment
2172,40,Approved,medium,True,True,5883.26,147.08,material_for_production
2173,29,Approved,high,True,True,2208.45,76.15,material_for_production
2174,8,Rejected,medium,False,False,2662.18,332.77,material_for_production
2175,33,Rejected,high,True,True,1897.14,57.49,other
2176,24,Approved,medium,True,False,4300.41,179.18,material_for_production
2177,22,Approved,high,False,True,1748.78,79.49,material_for_production
2178,36,Approved,high,False,False,2674.5,74.29,material_for_production
2179,16,Rejected,medium,True,True,4150.65,259.42,other
2180,26,Rejected,high,False,False,3115.23,119.82,office_equipment
2181,35,Approved,medium,True,True,2148.5,61.39,material_for_production
2182,34,Rejected,medium,False,True,3943.65,115.99,material_for_production
2183,20,Approved,high,False,False,2531.28,126.56,material_for_production
2184,19,Approved,medium,False,False,6962.71,366.46,material_for_production
2185,23,Rejected,high,False,True,2412.78,104.9,office_equipment
2186,14,Approved,high,True,True,6706.95,479.07,material_for_production
2187,14,Rejected,medium,True,True,1766.06,126.15,material_for_production
2188,25,Rejected,low,False,True,3952.5,158.1,other
2189,12,Approved,medium,False,True,5415.32,451.28,material_for_production
2190,19,Rejected,medium,True,False,4101.83,215.89,other
2191,21,Rejected,medium,True,True,4753.7,226.37,office_equipment
2192,15,Approved,high,True,False,6482.05,432.14,material_for_production
2193,30,Approved,medium,False,True,6214.81,207.16,other
2194,32,Rejected,high,False,False,5980.2,186.88,material_for_production
2195,24,Approved,medium,False,True,3930.52,163.77,office_equipment
2196,40,Rejected,medium,False,True,3985.93,99.65,office_equipment
2197,31,Approved,medium,True,False,3679.64,118.7,other
2198,35,Rejected,medium,False,True,2048.63,58.53,office_equipment
2199,22,Approved,high,False,True,2909.81,132.26,material_for_production
2200,9,Approved,high,True,True,2936.38,326.26,material_for_production
2201,23,Rejected,medium,True,False,6764.58,294.11,material_for_production
2202,27,Rejected,medium,True,True,5336.61,197.65,other
2203,21,Approved,medium,False,True,3750.97,178.62,material_for_production
2204,18,Approved,high,False,False,3727.81,207.1,material_for_production
2205,5,Rejected,medium,True,False,6365.89,1273.18,office_equipment
2206,33,Approved,high,True,True,5227.35,158.4,material_for_production
2207,21,Approved,medium,True,True,3241.5,154.36,office_equipment
2208,39,Approved,medium,True,True,5201.76,133.38,office_equipment
2209,37,Approved,high,False,False,6815.3,184.2,material_for_production
2210,7,Rejected,medium,True,False,4317.78,616.83,material_for_production
2211,17,Rejected,medium,False,True,2212.63,130.15,material_for_production
2212,35,Rejected,medium,False,False,5257.87,150.22,material_for_production
2213,17,Rejected,medium,True,False,6427.48,378.09,office_equipment
2214,21,Approved,medium,True,True,4504.23,214.49,office_equipment
2215,15,Rejected,medium,True,False,3412.46,227.5,material_for_production
2216,40,Rejected,medium,False,True,5947.55,148.69,office_equipment
2217,34,Approved,high,True,True,4000.34,117.66,material_for_production
2218,28,Rejected,medium,False,True,3873.52,138.34,material_for_production
2219,33,Approved,medium,False,False,5635.88,170.78,material_for_production
2220,15,Approved,high,True,True,5948.43,396.56,material_for_production
2221,23,Rejected,high,False,False,6150.71,267.42,material_for_production
2222,20,Approved,medium,True,True,1995.23,99.76,other
2223,9,Rejected,medium,True,True,3864.91,429.43,other
2224,28,Approved,medium,False,True,2084.42,74.44,material_for_production
2225,34,Approved,medium,True,True,2078.1,61.12,material_for_production
2226,39,Approved,medium,False,False,2872.73,73.66,office_equipment
2227,18,Rejected,high,False,False,3476.09,193.12,other
2228,23,Rejected,medium,False,True,1972.48,85.76,material_for_production
2229,25,Approved,medium,False,True,3166.76,126.67,material_for_production
2230,16,Rejected,medium,True,True,5827.94,364.25,material_for_production
2231,24,Rejected,high,True,True,6198.81,258.28,office_equipment
2232,12,Approved,high,True,True,1878.49,156.54,other
2233,21,Approved,medium,False,True,1955.53,93.12,other
2234,30,Rejected,medium,True,True,5947.42,198.25,material_for_production
2235,6,Approved,medium,True,True,3236.28,539.38,material_for_production
2236,36,Approved,medium,True,False,3654.86,101.52,office_equipment
2237,5,Rejected,medium,True,True,4706.9,941.38,material_for_production
2238,6,Approved,medium,False,True,3520.16,586.69,material_for_production
2239,25,Rejected,medium,False,False,2289.66,91.59,office_equipment
2240,24,Rejected,medium,True,True,3598.69,149.95,material_for_production
2241,23,Approved,high,True,True,6938.19,301.66,material_for_production
2242,7,Approved,medium,True,False,2855.71,407.96,material_for_production
2243,21,Approved,low,True,True,4071.38,193.88,office_equipment
2244,37,Rejected,medium,True,True,4947.25,133.71,material_for_production
2245,7,Approved,low,False,True,6531.08,933.01,material_for_production
2246,28,Rejected,medium,False,False,6860.72,245.03,other
2247,30,Approved,medium,True,False,4874.2,162.47,material_for_production
2248,24,Rejected,medium,True,True,2549.66,106.24,office_equipment
2249,22,Rejected,medium,True,True,6273.94,285.18,material_for_production
2250,14,Approved,high,True,True,1598.75,114.2,material_for_production
2251,11,Approved,medium,False,True,5200.49,472.77,material_for_production
2252,18,Approved,medium,False,True,3427.93,190.44,material_for_production
2253,23,Approved,high,False,True,6516.39,283.32,office_equipment
2254,16,Approved,medium,False,True,2727.81,170.49,material_for_production
2255,33,Rejected,medium,True,False,2449.24,74.22,office_equipment
2256,20,Approved,high,True,True,5882.23,294.11,material_for_production
2257,5,Rejected,low,True,True,2678.96,535.79,material_for_production
2258,25,Rejected,medium,True,False,5323.4,212.94,office_equipment
2259,33,Approved,medium,False,True,6776.54,205.35,material_for_production
2260,7,Approved,medium,False,True,5465.95,780.85,office_equipment
2261,17,Approved,high,False,True,3760.24,221.19,material_for_production
2262,35,Approved,medium,False,True,1538.85,43.97,material_for_production
2263,12,Approved,high,False,False,2057.56,171.46,material_for_production
2264,13,Rejected,medium,True,True,5956.56,458.2,material_for_production
2265,25,Rejected,high,False,False,4097.28,163.89,material_for_production
2266,32,Approved,high,False,False,6903.62,215.74,material_for_production
2267,16,Approved,high,True,True,2005.73,125.36,office_equipment
2268,18,Approved,high,True,True,3012.25,167.35,material_for_production
2269,29,Rejected,medium,False,True,4920.46,169.67,material_for_production
2270,34,Approved,high,False,False,6940.25,204.12,office_equipment
2271,24,Approved,medium,True,True,4841.96,201.75,material_for_production
2272,24,Rejected,medium,False,True,5945.05,247.71,office_equipment
2273,18,Rejected,medium,False,True,6155.87,341.99,office_equipment
2274,27,Rejected,high,False,True,2239.23,82.93,material_for_production
2275,14,Rejected,low,False,True,4309.73,307.84,other
2276,30,Rejected,medium,False,False,2482.54,82.75,material_for_production
2277,9,Approved,medium,False,True,4843.79,538.2,material_for_production
2278,8,Approved,high,True,True,3441.32,430.17,office_equipment
2279,6,Rejected,high,True,False,6652.24,1108.71,office_equipment
2280,10,Approved,medium,True,True,1944.57,194.46,material_for_production
2281,23,Rejected,medium,True,True,3897.66,169.46,material_for_production
2282,17,Rejected,medium,False,True,4064.37,239.08,office_equipment
2283,8,Approved,high,True,True,3087.28,385.91,material_for_production
2284,20,Approved,medium,False,True,1928.08,96.4,material_for_production
2285,7,Approved,high,False,True,3449.61,492.8,material_for_production
2286,28,Approved,medium,True,True,3580.72,127.88,office_equipment
2287,27,Approved,medium,True,True,1628.39,60.31,material_for_production
2288,20,Approved,medium,True,True,1707.92,85.4,material_for_production
2289,17,Approved,low,False,True,3701.22,217.72,other
2290,9,Approved,high,True,True,3883.4,431.49,material_for_production
2291,19,Rejected,medium,True,True,6762.12,355.9,office_equipment
2292,38,Rejected,medium,True,True,1876.87,49.39,office_equipment
2293,10,Approved,medium,False,True,5429.97,543.0,office_equipment
2294,15,Rejected,medium,True,True,3231.55,215.44,office_equipment
2295,8,Approved,medium,False,True,5780.61,722.58,office_equipment
2296,38,Approved,high,False,True,4585.08,120.66,material_for_production
2297,19,Rejected,high,True,True,5278.28,277.8,material_for_production
2298,26,Rejected,medium,False,True,5703.07,219.35,other
2299,36,Approved,medium,True,False,5514.13,153.17,other
2300,17,Rejected,high,False,True,6589.07,387.59,material_for_production
2301,40,Approved,medium,False,True,2620.29,65.51,material_for_production
2302,32,Approved,medium,True,True,6259.62,195.61,office_equipment
2303,36,Rejected,medium,True,False,5421.57,150.6,other
2304,35,Rejected,medium,False,True,3526.2,100.75,office_equipment
2305,18,Approved,medium,True,False,5455.68,303.09,other
2306,25,Rejected,medium,False,True,3604.63,144.19,material_for_production
2307,9,Approved,medium,True,True,5722.81,635.87,material_for_production
2308,19,Approved,high,False,True,2491.96,131.16,material_for_production
2309,31,Rejected,low,True,False,5170.78,166.8,other
2310,23,Approved,medium,True,True,1917.77,83.38,office_equipment
2311,7,Rejected,high,False,False,3468.24,495.46,other
2312,40,Approved,high,True,False,5327.56,133.19,material_for_production
2313,25,Approved,high,False,True,2141.07,85.64,material_for_production
2314,6,Approved,medium,True,False,5231.73,871.95,material_for_production
2315,32,Approved,high,False,True,1530.07,47.81,other
2316,29,Approved,medium,True,True,4701.74,162.13,material_for_production
2317,37,Rejected,medium,True,True,4807.52,129.93,office_equipment
2318,35,Approved,high,True,True,2827.76,80.79,material_for_production
2319,31,Rejected,high,False,True,1795.89,57.93,material_for_production
2320,8,Approved,medium,True,False,5342.54,667.82,material_for_production
2321,39,Rejected,high,False,True,4063.05,104.18,office_equipment
2322,24,Approved,medium,True,True,6931.56,288.81,office_equipment
2323,11,Rejected,medium,True,False,4536.41,412.4,material_for_production
2324,14,Rejected,high,True,True,3849.19,274.94,other
2325,7,Rejected,medium,True,True,4665.28,666.47,office_equipment
2326,40,Rejected,medium,False,True,6594.34,164.86,office_equipment
2327,5,Rejected,high,False,True,2276.87,455.37,other
2328,39,Approved,high,False,False,6032.29,154.67,material_for_production
2329,37,Approved,medium,False,False,1510.04,40.81,office_equipment
2330,40,Approved,high,True,False,5864.01,146.6,material_for_production
2331,35,Rejected,medium,False,False,1792.16,51.2,office_equipment
2332,18,Rejected,medium,False,True,5570.31,309.46,other
2333,37,Approved,medium,True,True,2911.18,78.68,other
2334,6,Approved,medium,True,False,3246.08,541.01,office_equipment
2335,18,Rejected,high,True,True,1882.47,104.58,other
2336,31,Rejected,high,False,False,4446.41,143.43,material_for_production
2337,26,Rejected,medium,False,False,2719.45,104.59,office_equipment
2338,27,Approved,high,True,False,6907.26,255.82,other
2339,17,Approved,high,False,True,2177.83,128.11,office_equipment
2340,36,Rejected,medium,False,False,6061.51,168.38,other
2341,14,Approved,high,True,False,6238.91,445.64,material_for_production
2342,22,Approved,high,False,True,2851.56,129.62,other
2343,22,Approved,medium,True,False,6608.39,300.38,material_for_production
2344,35,Approved,medium,True,False,6047.38,172.78,office_equipment
2345,16,Rejected,medium,False,False,6754.84,422.18,other
2346,8,Approved,medium,True,False,1757.23,219.65,material_for_production
2347,38,Rejected,medium,True,True,5243.64,137.99,material_for_production
2348,7,Rejected,medium,True,False,4193.65,599.09,material_for_production
2349,30,Approved,medium,False,True,4793.52,159.78,material_for_production
2350,26,Rejected,high,True,False,1608.45,61.86,office_equipment
2351,7,Rejected,medium,False,True,3849.35,549.91,material_for_production
2352,11,Rejected,medium,True,True,3009.13,273.56,other
2353,9,Approved,high,True,True,4378.71,486.52,office_equipment
2354,27,Approved,high,False,True,2525.15,93.52,material_for_production
2355,27,Rejected,medium,False,True,5331.6,197.47,material_for_production
2356,31,Rejected,medium,True,True,1833.46,59.14,office_equipment
2357,27,Approved,medium,True,True,6452.41,238.98,material_for_production
2358,40,Rejected,low,False,True,6980.32,174.51,material_for_production
2359,20,Rejected,medium,True,False,5367.11,268.36,material_for_production
2360,25,Approved,high,True,True,2641.86,105.67,material_for_production
2361,15,Approved,medium,True,False,1848.06,123.2,office_equipment
2362,27,Approved,medium,True,True,6778.9,251.07,other
2363,24,Approved,low,True,True,5811.22,242.13,material_for_production
2364,38,Approved,medium,True,True,4729.81,124.47,material_for_production
2365,21,Approved,medium,True,True,5675.84,270.28,office_equipment
2366,30,Approved,high,True,False,2965.09,98.84,office_equipment
2367,20,Approved,low,True,False,5290.49,264.52,other
2368,25,Rejected,medium,True,True,6468.54,258.74,office_equipment
2369,9,Approved,medium,True,True,2500.94,277.88,material_for_production
2370,10,Approved,low,False,True,2323.93,232.39,office_equipment
2371,40,Rejected,high,False,True,1513.13,37.83,other
2372,29,Approved,medium,True,True,2229.78,76.89,material_for_production
2373,12,Rejected,medium,False,True,6776.56,564.71,material_for_production
2374,7,Approved,medium,False,True,5943.68,849.1,office_equipment
2375,9,Rejected,medium,False,False,1880.84,208.98,office_equipment
2376,30,Rejected,medium,True,True,6303.8,210.13,material_for_production
2377,13,Rejected,low,False,False,2077.61,159.82,office_equipment
2378,18,Approved,high,True,False,2960.43,164.47,office_equipment
2379,30,Rejected,medium,True,False,2245.61,74.85,office_equipment
2380,36,Rejected,medium,False,True,5339.85,148.33,other
2381,16,Rejected,medium,True,True,2002.39,125.15,material_for_production
2382,12,Rejected,high,False,False,3830.12,319.18,office_equipment
2383,34,Rejected,medium,False,True,5468.71,160.84,other
2384,14,Rejected,medium,True,True,5843.21,417.37,office_equipment
2385,22,Approved,high,True,True,3480.84,158.22,other
2386,32,Approved,medium,False,True,6483.36,202.6,office_equipment
2387,10,Approved,medium,True,True,6421.94,642.19,office_equipment
2388,32,Rejected,medium,True,True,5622.57,175.71,office_equipment
2389,26,Approved,medium,True,True,3538.04,136.08,material_for_production
2390,19,Rejected,low,True,False,4270.54,224.77,other
2391,25,Approved,high,True,True,6577.3,263.09,office_equipment
2392,31,Approved,high,True,True,2472.16,79.75,office_equipment
2393,39,Approved,medium,False,False,1697.21,43.52,material_for_production
2394,38,Rejected,low,True,False,5034.01,132.47,material_for_production
2395,8,Approved,high,True,True,4895.72,611.97,office_equipment
2396,9,Approved,medium,False,True,1889.08,209.9,material_for_production
2397,10,Rejected,medium,True,True,5500.6,550.06,office_equipment
2398,40,Approved,high,False,True,4123.74,103.09,other
2399,18,Rejected,high,True,False,2069.3,114.96,material_for_production
2400,20,Rejected,high,False,True,3663.69,183.18,office_equipment
2401,30,Rejected,medium,False,False,4267.21,142.24,office_equipment
2402,15,Rejected,medium,False,True,3035.28,202.35,office_equipment
2403,31,Approved,medium,True,True,2154.26,69.49,other
2404,19,Rejected,medium,False,True,4883.49,257.03,office_equipment
2405,9,Approved,high,True,True,1813.82,201.54,office_equipment
2406,32,Approved,medium,True,True,5263.05,164.47,office_equipment
2407,12,Rejected,medium,False,True,6814.77,567.9,other
2408,5,Approved,low,False,True,3021.14,604.23,material_for_production
2409,29,Rejected,medium,False,True,5512.71,190.09,material_for_production
2410,19,Approved,medium,True,True,4126.29,217.17,material_for_production
2411,39,Rejected,medium,False,True,1974.79,50.64,office_equipment
2412,30,Rejected,high,True,True,5320.46,177.35,material_for_production
2413,31,Approved,low,False,False,4173.48,134.63,office_equipment
2414,11,Rejected,high,False,False,3240.87,294.62,office_equipment
2415,17,Rejected,medium,True,True,4030.53,237.09,office_equipment
2416,36,Approved,medium,False,False,1888.71,52.46,other
2417,9,Approved,high,True,False,3497.87,388.65,material_for_production
2418,10,Rejected,low,True,True,3183.12,318.31,office_equipment
2419,25,Approved,medium,False,True,2267.98,90.72,other
2420,18,Rejected,medium,True,True,4941.42,274.52,office_equipment
2421,28,Rejected,medium,False,True,6155.44,219.84,material_for_production
2422,26,Approved,medium,False,True,6932.71,266.64,office_equipment
2423,26,Approved,medium,True,True,4008.07,154.16,material_for_production
2424,29,Approved,high,True,True,3080.24,106.22,material_for_production
2425,16,Approved,medium,False,True,6888.55,430.53,material_for_production
2426,35,Approved,medium,True,True,3196.52,91.33,material_for_production
2427,6,Rejected,high,False,True,1618.48,269.75,office_equipment
2428,11,Rejected,low,False,True,2419.81,219.98,material_for_production
2429,7,Approved,medium,False,True,3487.23,498.18,material_for_production
2430,31,Approved,medium,False,True,6143.31,198.17,office_equipment
2431,28,Rejected,medium,True,False,4330.96,154.68,other
2432,30,Approved,high,True,True,3912.69,130.42,office_equipment
2433,26,Approved,medium,False,True,1966.79,75.65,material_for_production
2434,33,Rejected,low,True,True,1890.6,57.29,material_for_production
2435,7,Approved,medium,False,True,5799.61,828.52,other
2436,37,Rejected,medium,False,True,6747.08,182.35,material_for_production
2437,27,Approved,medium,True,True,4384.6,162.39,material_for_production
2438,32,Rejected,medium,False,True,6603.11,206.35,office_equipment
2439,21,Approved,low,False,False,2191.66,104.36,material_for_production
2440,14,Approved,medium,True,False,4055.88,289.71,material_for_production
2441,6,Approved,medium,False,False,4345.45,724.24,other
2442,12,Approved,high,False,True,5192.69,432.72,material_for_production
2443,18,Approved,medium,False,True,2861.37,158.97,office_equipment
2444,28,Rejected,medium,True,False,1898.29,67.8,material_for_production
2445,31,Approved,high,True,False,5549.51,179.02,material_for_production
2446,8,Rejected,high,True,True,4948.56,618.57,other
2447,22,Approved,high,False,True,2601.79,118.26,material_for_production
2448,18,Rejected,high,False,True,4330.83,240.6,other
2449,7,Approved,medium,True,True,5210.85,744.41,material_for_production
2450,12,Approved,medium,False,True,3664.93,305.41,other
2451,13,Approved,high,True,True,3095.09,238.08,material_for_production
2452,30,Approved,medium,False,True,6931.45,231.05,office_equipment
2453,28,Rejected,medium,False,False,3665.65,130.92,office_equipment
2454,26,Approved,medium,False,True,4737.6,182.22,other
2455,34,Rejected,low,True,True,5175.78,152.23,other
2456,30,Rejected,high,False,True,5947.5,198.25,material_for_production
2457,19,Approved,medium,False,True,3297.4,173.55,material_for_production
2458,20,Approved,high,True,False,2466.27,123.31,material_for_production
2459,37,Approved,low,True,True,4329.35,117.01,material_for_production
2460,13,Approved,low,True,True,2819.78,216.91,other
2461,40,Approved,medium,True,False,1847.67,46.19,material_for_production
2462,22,Approved,medium,False,True,6014.79,273.4,office_equipment
2463,10,Approved,medium,False,True,3911.11,391.11,office_equipment
2464,35,Approved,medium,True,True,6170.34,176.3,material_for_production
2465,38,Approved,medium,False,False,5872.96,154.55,office_equipment
2466,10,Approved,high,False,True,2858.25,285.82,office_equipment
2467,10,Approved,medium,True,True,3435.41,343.54,office_equipment
2468,11,Approved,medium,True,True,2357.42,214.31,material_for_production
2469,31,Rejected,medium,True,False,5467.85,176.38,other
2470,14,Rejected,medium,True,False,3910.8,279.34,material_for_production
2471,9,Approved,high,True,False,2311.32,256.81,material_for_production
2472,27,Rejected,medium,False,True,1669.61,61.84,office_equipment
2473,27,Approved,high,True,False,3222.55,119.35,material_for_production
2474,16,Rejected,medium,True,False,4515.29,282.21,other
2475,17,Rejected,medium,True,False,5145.16,302.66,other
2476,33,Approved,high,False,False,5929.26,179.67,material_for_production
2477,35,Approved,high,False,True,4039.53,115.42,material_for_production
2478,5,Rejected,medium,False,True,4708.3,941.66,material_for_production
2479,17,Approved,high,True,True,2834.35,166.73,material_for_production
2480,35,Rejected,medium,False,True,6263.96,178.97,material_for_production
2481,16,Rejected,low,False,False,6585.4,411.59,other
2482,31,Rejected,low,False,False,1591.16,51.33,material_for_production
2483,17,Approved,medium,False,True,6153.21,361.95,office_equipment
2484,14,Rejected,medium,True,True,5386.04,384.72,material_for_production
2485,19,Approved,low,False,True,4651.98,244.84,material_for_production
2486,32,Rejected,low,False,False,6571.05,205.35,other
2487,15,Rejected,low,False,True,6028.5,401.9,office_equipment
2488,31,Approved,low,True,True,2256.9,72.8,other
2489,6,Approved,medium,False,True,6030.5,1005.08,office_equipment
2490,10,Approved,medium,True,True,6742.29,674.23,office_equipment
2491,13,Approved,high,True,False,4738.99,364.54,office_equipment
2492,11,Approved,medium,True,False,2024.07,184.01,material_for_production
2493,8,Approved,high,True,False,2117.23,264.65,material_for_production
2494,14,Approved,medium,False,True,2923.24,208.8,other
2495,9,Rejected,medium,True,True,1981.03,220.11,office_equipment
2496,35,Approved,medium,True,False,5207.49,148.79,material_for_production
2497,34,Rejected,low,True,True,3414.73,100.43,material_for_production
2498,27,Rejected,medium,True,True,6048.95,224.04,office_equipment
2499,8,Approved,medium,False,True,6607.13,825.89,office_equipment
2500,10,Approved,high,True,True,5835.51,583.55,office_equipment
2501,8,Rejected,high,True,True,1753.55,219.19,other
2502,35,Rejected,medium,False,True,6323.27,180.66,office_equipment
2503,26,Approved,medium,True,True,2859.83,109.99,other
2504,38,Approved,low,False,True,6639.27,174.72,material_for_production
2505,15,Rejected,medium,False,True,4285.52,285.7,office_equipment
2506,39,Rejected,medium,False,True,2259.14,57.93,other
2507,28,Approved,medium,False,True,3189.82,113.92,office_equipment
2508,21,Approved,medium,True,True,3440.91,163.85,material_for_production
2509,21,Rejected,medium,False,False,6510.39,310.02,material_for_production
2510,31,Rejected,medium,True,False,6817.38,219.92,office_equipment
2511,8,Approved,high,True,True,5001.48,625.18,material_for_production
2512,35,Approved,medium,True,True,5757.61,164.5,material_for_production
2513,39,Approved,high,True,False,1633.68,41.89,office_equipment
2514,26,Rejected,high,False,True,2697.51,103.75,other
2515,35,Approved,high,False,True,6924.36,197.84,material_for_production
2516,34,Rejected,medium,True,True,6433.48,189.22,material_for_production
2517,14,Rejected,medium,False,True,4802.83,343.06,other
2518,29,Rejected,medium,True,False,6313.65,217.71,office_equipment
2519,18,Approved,high,True,True,2885.07,160.28,office_equipment
2520,39,Approved,medium,True,True,3415.84,87.59,material_for_production
2521,22,Rejected,medium,False,True,1977.69,89.89,office_equipment
2522,31,Approved,medium,True,True,6547.99,211.23,material_for_production
2523,34,Rejected,medium,False,True,6146.2,180.77,material_for_production
2524,30,Approved,medium,True,True,4191.21,139.71,other
2525,22,Approved,high,True,True,3128.75,142.22,material_for_production
2526,11,Approved,medium,False,True,1728.47,157.13,material_for_production
2527,34,Approved,medium,True,True,1767.11,51.97,material_for_production
2528,14,Approved,medium,True,False,2720.84,194.35,office_equipment
2529,24,Rejected,low,True,True,2022.89,84.29,material_for_production
2530,12,Rejected,medium,False,True,6702.58,558.55,other
2531,29,Rejected,low,True,True,5634.46,194.29,other
2532,39,Approved,high,False,True,2801.63,71.84,other
2533,14,Approved,high,True,True,5319.18,379.94,office_equipment
2534,38,Rejected,high,False,True,4855.19,127.77,other
2535,18,Rejected,high,True,True,3095.85,171.99,other
2536,12,Rejected,high,False,False,6627.39,552.28,material_for_production
2537,31,Approved,high,True,True,4320.87,139.38,material_for_production
2538,22,Rejected,medium,True,False,5866.47,266.66,office_equipment
2539,31,Approved,high,True,False,3726.73,120.22,material_for_production
2540,25,Approved,medium,True,True,4073.37,162.93,other
2541,19,Rejected,high,True,True,2372.6,124.87,other
2542,27,Approved,high,True,True,3633.79,134.58,other
2543,18,Approved,medium,True,True,6868.2,381.57,material_for_production
2544,5,Rejected,medium,False,True,6207.62,1241.52,material_for_production
2545,25,Approved,medium,True,True,3746.36,149.85,material_for_production
2546,6,Approved,low,False,True,6747.16,1124.53,material_for_production
2547,13,Approved,medium,True,True,4387.33,337.49,other
2548,30,Rejected,high,False,True,4293.82,143.13,other
2549,8,Approved,high,True,True,6563.91,820.49,office_equipment
2550,36,Approved,high,True,True,2852.07,79.22,office_equipment
2551,18,Approved,medium,True,True,6493.73,360.76,material_for_production
2552,8,Approved,high,True,True,4666.02,583.25,office_equipment
2553,39,Approved,medium,False,True,6191.46,158.76,material_for_production
2554,29,Approved,high,False,True,3465.72,119.51,office_equipment
2555,27,Approved,high,True,True,4061.56,150.43,office_equipment
2556,37,Rejected,medium,False,False,3238.46,87.53,office_equipment
2557,32,Rejected,high,False,True,3537.56,110.55,other
2558,36,Approved,medium,False,False,3438.5,95.51,material_for_production
2559,8,Approved,low,True,True,2838.66,354.83,material_for_production
2560,7,Rejected,medium,False,True,3248.39,464.06,office_equipment
2561,19,Rejected,high,True,False,2239.16,117.85,office_equipment
2562,21,Rejected,medium,True,True,5998.45,285.64,office_equipment
2563,36,Rejected,medium,True,False,4058.05,112.72,material_for_production
2564,29,Rejected,medium,True,False,5534.49,190.84,material_for_production
2565,6,Rejected,high,False,True,4183.02,697.17,office_equipment
2566,16,Rejected,medium,False,False,2226.98,139.19,office_equipment
2567,16,Approved,medium,True,False,1787.41,111.71,office_equipment
2568,22,Rejected,medium,True,True,2683.69,121.99,office_equipment
2569,12,Approved,medium,True,True,4296.73,358.06,material_for_production
2570,27,Rejected,medium,False,False,3004.83,111.29,other
2571,32,Approved,low,True,True,3875.45,121.11,material_for_production
2572,27,Approved,high,True,True,6470.65,239.65,material_for_production
2573,22,Rejected,medium,True,True,6443.19,292.87,office_equipment
2574,24,Rejected,low,False,True,5940.78,247.53,other
2575,16,Rejected,high,False,False,1533.5,95.84,office_equipment
2576,6,Approved,low,True,True,4653.42,775.57,office_equipment
2577,34,Rejected,medium,True,False,2902.28,85.36,other
2578,28,Rejected,medium,False,True,2757.98,98.5,office_equipment
2579,38,Approved,medium,False,True,4813.23,126.66,other
2580,14,Approved,medium,True,True,1744.28,124.59,material_for_production
2581,12,Rejected,low,False,True,3897.17,324.76,material_for_production
2582,34,Rejected,medium,False,True,5579.94,164.12,material_for_production
2583,25,Approved,high,True,False,3665.88,146.64,material_for_production
2584,7,Rejected,medium,False,False,6728.16,961.17,other
2585,21,Rejected,medium,False,True,4126.45,196.5,material_for_production
2586,7,Rejected,low,False,True,6132.44,876.06,other
2587,25,Approved,medium,True,True,3757.19,150.29,material_for_production
2588,5,Rejected,high,False,True,2765.86,553.17,material_for_production
2589,33,Rejected,medium,True,False,3761.84,114.0,office_equipment
2590,35,Approved,high,False,True,6426.86,183.62,material_for_production
2591,9,Approved,high,False,False,5899.62,655.51,material_for_production
2592,38,Approved,high,True,False,3242.1,85.32,office_equipment
2593,15,Rejected,high,False,True,5258.42,350.56,material_for_production
2594,24,Approved,high,True,True,3875.36,161.47,material_for_production
2595,36,Rejected,medium,False,True,5571.2,154.76,other
2596,20,Rejected,low,False,False,2918.84,145.94,material_for_production
2597,5,Rejected,medium,True,True,2465.32,493.06,office_equipment
2598,5,Rejected,medium,True,True,2241.74,448.35,material_for_production
2599,6,Rejected,medium,False,True,5831.22,971.87,office_equipment
2600,28,Approved,high,False,True,4759.89,170.0,office_equipment
2601,38,Rejected,medium,False,True,3642.8,95.86,material_for_production
2602,14,Rejected,medium,True,True,2039.74,145.7,material_for_production
2603,9,Rejected,high,False,True,1591.61,176.85,office_equipment
2604,16,Rejected,medium,False,True,6731.22,420.7,other
2605,24,Approved,medium,True,True,6862.41,285.93,office_equipment
2606,37,Rejected,high,True,True,6089.0,164.57,office_equipment
2607,25,Rejected,medium,False,False,6479.28,259.17,material_for_production
2608,22,Approved,low,False,True,4283.23,194.69,material_for_production
2609,21,Approved,high,True,True,2130.5,101.45,other
2610,38,Rejected,low,True,True,4230.71,111.33,material_for_production
2611,11,Approved,high,True,True,6180.2,561.84,material_for_production
2612,36,Rejected,medium,True,False,1905.54,52.93,material_for_production
2613,6,Approved,medium,True,True,6296.86,1049.48,material_for_production
2614,14,Approved,medium,True,True,5357.56,382.68,other
2615,5,Approved,medium,True,True,3324.8,664.96,other
2616,11,Approved,high,True,True,5197.32,472.48,material_for_production
2617,29,Approved,medium,False,False,1541.82,53.17,material_for_production
2618,22,Approved,high,False,True,4890.93,222.32,material_for_production
2619,12,Rejected,low,True,True,6516.37,543.03,office_equipment
2620,35,Approved,medium,False,True,3136.27,89.61,material_for_production
2621,5,Rejected,medium,True,False,3779.17,755.83,other
2622,7,Approved,medium,False,True,1934.28,276.33,other
2623,28,Approved,high,True,True,3730.38,133.23,office_equipment
2624,38,Rejected,high,False,False,2228.07,58.63,other
2625,22,Approved,low,False,True,1975.15,89.78,office_equipment
2626,38,Rejected,medium,True,False,4713.57,124.04,material_for_production
2627,15,Approved,low,True,True,5034.37,335.62,material_for_production
2628,18,Approved,medium,False,True,2926.13,162.56,office_equipment
2629,36,Approved,medium,False,True,4314.58,119.85,other
2630,13,Rejected,low,False,False,4653.08,357.93,other
2631,18,Approved,medium,True,True,4342.14,241.23,office_equipment
2632,28,Approved,high,False,True,6348.33,226.73,other
2633,31,Rejected,medium,False,False,2955.15,95.33,office_equipment
2634,30,Approved,medium,True,True,3239.53,107.98,other
2635,36,Rejected,low,False,True,5522.98,153.42,other
2636,5,Approved,high,False,True,6360.97,1272.19,material_for_production
2637,29,Approved,medium,True,False,6959.15,239.97,office_equipment
2638,17,Approved,high,True,True,2318.58,136.39,material_for_production
2639,36,Approved,medium,False,True,3967.82,110.22,material_for_production
2640,21,Rejected,medium,True,False,2578.27,122.77,office_equipment
2641,9,Rejected,medium,True,True,2084.65,231.63,office_equipment
2642,40,Approved,high,True,True,3120.45,78.01,material_for_production
2643,33,Rejected,medium,True,True,5481.37,166.1,office_equipment
2644,17,Rejected,medium,True,False,3954.48,232.62,office_equipment
2645,29,Approved,low,False,True,4797.8,165.44,material_for_production
2646,28,Approved,medium,False,False,1666.52,59.52,material_for_production
2647,22,Rejected,high,False,False,5576.51,253.48,material_for_production
2648,19,Approved,medium,False,True,4025.98,211.89,office_equipment
2649,30,Approved,high,True,True,2922.31,97.41,material_for_production
2650,34,Rejected,medium,False,False,4384.19,128.95,office_equipment
2651,37,Approved,medium,True,False,2801.31,75.71,other
2652,17,Approved,medium,True,True,2204.77,129.69,material_for_production
2653,15,Approved,high,True,True,6407.21,427.15,material_for_production
2654,25,Rejected,medium,False,True,2086.39,83.46,material_for_production
2655,10,Approved,low,False,False,4116.55,411.66,material_for_production
2656,9,Approved,high,False,True,2945.22,327.25,other
2657,6,Rejected,medium,True,True,6073.85,1012.31,office_equipment
2658,36,Rejected,high,True,False,2810.88,78.08,material_for_production
2659,7,Rejected,high,True,False,1535.57,219.37,other
2660,37,Approved,medium,True,True,5701.31,154.09,office_equipment
2661,26,Rejected,high,False,True,4823.38,185.51,material_for_production
2662,8,Rejected,medium,True,True,4552.59,569.07,office_equipment
2663,12,Approved,medium,True,True,3712.1,309.34,material_for_production
2664,28,Rejected,medium,True,True,1808.98,64.61,material_for_production
2665,28,Approved,high,False,True,2853.05,101.89,material_for_production
2666,5,Approved,medium,True,True,2091.41,418.28,material_for_production
2667,14,Rejected,high,True,False,4903.66,350.26,other
2668,16,Approved,high,False,True,4234.63,264.66,material_for_production
2669,9,Approved,medium,True,True,3677.81,408.65,office_equipment
2670,21,Approved,medium,True,False,6529.97,310.95,material_for_production
2671,28,Approved,medium,True,False,5630.03,201.07,other
2672,7,Approved,medium,False,True,2090.9,298.7,material_for_production
2673,10,Rejected,medium,False,False,5896.7,589.67,material_for_production
2674,19,Rejected,medium,False,True,6539.14,344.17,office_equipment
2675,7,Approved,medium,True,True,5251.47,750.21,material_for_production
2676,36,Approved,medium,True,False,2981.08,82.81,material_for_production
2677,20,Rejected,high,True,True,3049.49,152.47,office_equipment
2678,14,Rejected,medium,False,False,3284.7,234.62,material_for_production
2679,15,Approved,medium,True,True,6251.77,416.78,other
2680,38,Approved,medium,False,True,6099.18,160.5,material_for_production
2681,29,Rejected,high,True,True,6944.54,239.47,material_for_production
2682,34,Rejected,medium,False,True,5174.22,152.18,material_for_production
2683,13,Rejected,medium,False,False,2838.31,218.33,other
2684,28,Approved,medium,True,True,4911.14,175.4,office_equipment
2685,38,Approved,high,False,True,4029.38,106.04,other
2686,15,Approved,high,False,False,2535.49,169.03,material_for_production
2687,15,Rejected,medium,False,False,5745.14,383.01,material_for_production
2688,16,Approved,medium,True,True,5782.9,361.43,material_for_production
2689,13,Approved,medium,True,False,6680.89,513.91,material_for_production
2690,28,Rejected,low,True,True,4438.25,158.51,material_for_production
2691,28,Approved,medium,False,False,1662.81,59.39,office_equipment
2692,30,Approved,medium,True,True,5430.59,181.02,material_for_production
2693,34,Rejected,high,False,False,4903.84,144.23,material_for_production
2694,19,Rejected,medium,False,True,2124.4,111.81,material_for_production
2695,12,Approved,medium,False,True,2651.72,220.98,office_equipment
2696,21,Approved,medium,True,True,3661.78,174.37,material_for_production
2697,38,Approved,medium,True,True,4699.33,123.67,office_equipment
2698,24,Rejected,high,True,True,6327.22,263.63,other
2699,29,Approved,high,True,True,4239.83,146.2,other
2700,16,Approved,medium,True,True,4542.8,283.93,other
2701,25,Approved,medium,True,True,4668.76,186.75,other
2702,40,Rejected,medium,True,True,4718.0,117.95,office_equipment
2703,39,Rejected,medium,True,False,6000.38,153.86,office_equipment
2704,19,Approved,medium,False,True,6470.41,340.55,material_for_production
2705,25,Approved,high,True,True,4652.63,186.11,material_for_production
2706,19,Approved,medium,True,True,6201.87,326.41,material_for_production
2707,19,Approved,high,True,True,5695.71,299.77,material_for_production
2708,31,Rejected,medium,False,True,5168.96,166.74,material_for_production
2709,20,Rejected,medium,False,True,5964.82,298.24,office_equipment
2710,13,Approved,medium,False,True,3953.38,304.11,other
2711,15,Approved,low,False,True,1773.96,118.26,material_for_production
2712,14,Rejected,high,False,True,2928.9,209.21,material_for_production
2713,20,Rejected,medium,False,True,6935.0,346.75,material_for_production
2714,38,Approved,medium,True,True,3935.8,103.57,office_equipment
2715,31,Rejected,medium,False,True,5773.65,186.25,other
2716,21,Approved,medium,True,True,1554.73,74.03,material_for_production
2717,23,Approved,high,False,True,2666.61,115.94,office_equipment
2718,35,Rejected,medium,True,False,4532.01,129.49,material_for_production
2719,30,Approved,medium,False,True,3750.61,125.02,material_for_production
2720,31,Rejected,medium,False,True,6308.67,203.51,office_equipment
2721,23,Rejected,high,True,True,5372.99,233.61,other
2722,36,Approved,high,True,True,2591.23,71.98,material_for_production
2723,15,Approved,high,True,True,2178.74,145.25,office_equipment
2724,16,Rejected,high,False,True,3840.2,240.01,material_for_production
2725,28,Approved,high,False,False,3313.89,118.35,material_for_production
2726,7,Approved,medium,False,True,2598.04,371.15,office_equipment
2727,21,Approved,medium,True,True,4798.58,228.5,other
2728,31,Approved,medium,True,False,5580.47,180.02,other
2729,31,Approved,medium,True,True,6803.2,219.46,office_equipment
2730,26,Approved,medium,True,True,4171.01,160.42,office_equipment
2731,29,Approved,high,False,True,5590.45,192.77,material_for_production
2732,13,Approved,medium,True,True,6140.41,472.34,other
2733,40,Approved,high,False,True,5479.76,136.99,office_equipment
2734,19,Approved,medium,False,False,3368.79,177.3,other
2735,8,Approved,medium,True,False,5034.74,629.34,material_for_production
2736,20,Rejected,high,False,True,2311.76,115.59,other
2737,40,Approved,medium,True,True,5607.28,140.18,other
2738,36,Approved,medium,True,False,1967.36,54.65,material_for_production
2739,28,Approved,medium,True,True,4409.97,157.5,office_equipment
2740,38,Rejected,medium,False,True,5625.15,148.03,material_for_production
2741,39,Approved,medium,True,True,5252.22,134.67,material_for_production
2742,37,Approved,low,False,True,3278.92,88.62,other
2743,30,Rejected,high,True,False,5491.55,183.05,office_equipment
2744,6,Approved,high,True,True,5130.43,855.07,office_equipment
2745,21,Approved,medium,False,True,4755.08,226.43,material_for_production
2746,21,Approved,high,False,True,2010.38,95.73,material_for_production
2747,9,Rejected,high,False,False,6118.24,679.8,material_for_production
2748,28,Rejected,medium,False,True,6313.82,225.49,material_for_production
2749,29,Approved,high,False,True,3203.23,110.46,material_for_production
2750,21,Rejected,high,False,True,4060.0,193.33,other
2751,28,Approved,high,True,False,5632.29,201.15,material_for_production
2752,28,Approved,medium,True,True,3373.55,120.48,material_for_production
2753,14,Approved,high,True,False,5096.81,364.06,material_for_production
2754,36,Rejected,medium,True,False,6563.04,182.31,material_for_production
2755,10,Approved,low,True,False,4056.32,405.63,material_for_production
2756,34,Approved,medium,False,False,4471.85,131.53,material_for_production
2757,25,Rejected,low,False,True,6166.84,246.67,material_for_production
2758,27,Approved,medium,False,True,3003.6,111.24,office_equipment
2759,28,Approved,medium,True,False,3312.48,118.3,material_for_production
2760,31,Rejected,high,True,True,6179.95,199.35,office_equipment
2761,27,Approved,high,False,True,6792.24,251.56,material_for_production
2762,40,Approved,low,False,True,5908.33,147.71,office_equipment
2763,15,Approved,medium,True,True,2187.54,145.84,other
2764,31,Approved,medium,True,True,3491.73,112.64,other
2765,31,Rejected,medium,False,True,3636.44,117.3,material_for_production
2766,24,Rejected,medium,False,False,2951.31,122.97,material_for_production
2767,15,Approved,low,True,True,4163.94,277.6,material_for_production
2768,24,Rejected,medium,True,True,5246.37,218.6,office_equipment
2769,10,Approved,medium,True,True,1557.16,155.72,other
2770,32,Approved,medium,False,True,6636.14,207.38,other
2771,22,Rejected,low,True,False,6740.84,306.4,material_for_production
2772,6,Approved,low,True,True,6766.29,1127.71,material_for_production
2773,37,Rejected,medium,False,True,2335.65,63.13,material_for_production
2774,39,Rejected,low,True,False,6208.24,159.19,office_equipment
2775,19,Rejected,medium,True,True,5508.78,289.94,office_equipment
2776,33,Rejected,high,False,True,6195.02,187.73,office_equipment
2777,29,Rejected,high,True,True,5209.06,179.62,material_for_production
2778,39,Approved,medium,True,True,6698.64,171.76,material_for_production
2779,40,Rejected,medium,False,True,6840.43,171.01,material_for_production
2780,20,Approved,high,True,True,5534.76,276.74,material_for_production
2781,31,Rejected,high,True,True,1617.56,52.18,material_for_production
2782,36,Approved,medium,False,True,6485.76,180.16,material_for_production
2783,31,Approved,high,False,False,2027.89,65.42,other
2784,24,Approved,medium,False,True,5677.77,236.57,other
2785,11,Approved,medium,True,True,6997.27,636.12,material_for_production
2786,5,Approved,low,False,True,2039.28,407.86,material_for_production
2787,38,Rejected,medium,True,False,4996.42,131.48,other
2788,16,Approved,high,True,False,4669.36,291.83,material_for_production
2789,6,Rejected,high,False,True,2807.99,468.0,office_equipment
2790,24,Rejected,medium,False,False,3060.12,127.5,other
2791,5,Rejected,medium,True,False,2092.91,418.58,material_for_production
2792,14,Approved,high,True,False,6302.24,450.16,office_equipment
2793,21,Approved,medium,True,True,2142.01,102.0,material_for_production
2794,24,Rejected,high,False,True,6869.71,286.24,material_for_production
2795,40,Approved,medium,False,True,3242.47,81.06,material_for_production
2796,40,Rejected,high,False,True,2655.68,66.39,other
2797,24,Approved,high,False,True,6623.77,275.99,office_equipment
2798,29,Approved,medium,False,True,2327.06,80.24,office_equipment
2799,22,Rejected,high,False,True,3583.98,162.91,office_equipment
2800,36,Approved,high,True,True,2510.29,69.73,other
2801,32,Rejected,low,False,False,6623.58,206.99,other
2802,16,Approved,low,True,True,4492.05,280.75,material_for_production
2803,34,Rejected,medium,False,True,5774.12,169.83,material_for_production
2804,19,Approved,low,True,True,4420.29,232.65,office_equipment
2805,34,Approved,medium,True,True,1638.1,48.18,material_for_production
2806,9,Approved,medium,True,False,2086.93,231.88,material_for_production
2807,28,Rejected,low,True,True,5970.28,213.22,other
2808,26,Rejected,high,False,True,3389.05,130.35,other
2809,27,Approved,medium,True,True,6563.04,243.08,material_for_production
2810,23,Rejected,medium,False,True,5578.55,242.55,office_equipment
2811,20,Approved,medium,True,True,3920.23,196.01,material_for_production
2812,8,Rejected,low,False,True,2880.42,360.05,office_equipment
2813,10,Approved,medium,True,True,1859.73,185.97,other
2814,26,Approved,low,False,False,3172.68,122.03,material_for_production
2815,6,Approved,medium,True,True,2916.93,486.15,office_equipment
2816,21,Rejected,medium,True,True,4335.86,206.47,office_equipment
2817,38,Approved,medium,True,True,4751.77,125.05,material_for_production
2818,36,Approved,medium,True,True,2531.77,70.33,material_for_production
2819,9,Rejected,medium,True,True,2132.9,236.99,material_for_production
2820,5,Rejected,high,True,True,2722.67,544.53,material_for_production
2821,18,Approved,medium,False,True,4774.1,265.23,material_for_production
2822,26,Rejected,medium,True,True,3158.65,121.49,other
2823,6,Approved,low,True,False,2291.84,381.97,material_for_production
2824,32,Rejected,high,True,False,2225.88,69.56,material_for_production
2825,36,Rejected,medium,False,True,3989.15,110.81,material_for_production
2826,37,Approved,high,True,False,4101.53,110.85,material_for_production
2827,24,Rejected,medium,False,True,2839.88,118.33,office_equipment
2828,15,Approved,medium,True,False,5399.91,359.99,material_for_production
2829,23,Approved,low,False,False,4293.45,186.67,material_for_production
2830,10,Rejected,high,False,True,3377.4,337.74,material_for_production
2831,18,Approved,medium,False,True,3338.29,185.46,other
2832,32,Approved,medium,True,False,4696.13,146.75,other
2833,40,Rejected,low,False,True,6032.09,150.8,office_equipment
2834,36,Rejected,medium,False,True,6305.37,175.15,material_for_production
2835,34,Approved,medium,True,True,5796.67,170.49,office_equipment
2836,27,Approved,medium,False,True,4192.75,155.29,material_for_production
2837,29,Approved,medium,True,True,5517.24,190.25,material_for_production
2838,30,Rejected,medium,True,True,3411.63,113.72,office_equipment
2839,11,Rejected,medium,True,False,4399.07,399.92,material_for_production
2840,13,Rejected,medium,True,True,3313.69,254.9,other
2841,33,Rejected,low,False,False,2503.6,75.87,material_for_production
2842,37,Approved,low,True,True,5503.25,148.74,other
2843,17,Approved,medium,True,True,4543.7,267.28,office_equipment
2844,21,Approved,medium,False,True,5790.41,275.73,material_for_production
2845,32,Rejected,medium,True,True,4407.86,137.75,material_for_production
2846,14,Rejected,low,False,True,5743.62,410.26,material_for_production
2847,19,Approved,high,True,True,2381.53,125.34,office_equipment
2848,10,Approved,medium,True,True,6441.25,644.12,other
2849,8,Approved,medium,False,True,5674.19,709.27,material_for_production
2850,16,Approved,medium,False,False,1973.39,123.34,office_equipment
2851,40,Approved,high,True,True,5209.11,130.23,material_for_production
2852,6,Approved,medium,False,True,4873.62,812.27,material_for_production
2853,10,Approved,medium,False,True,2068.4,206.84,material_for_production
2854,23,Rejected,low,True,True,2465.6,107.2,material_for_production
2855,34,Rejected,medium,False,False,3690.4,108.54,material_for_production
2856,38,Approved,medium,False,True,5530.99,145.55,material_for_production
2857,28,Approved,high,False,True,5796.09,207.0,office_equipment
2858,28,Approved,medium,True,True,6656.4,237.73,material_for_production
2859,22,Rejected,medium,True,True,5307.95,241.27,material_for_production
2860,24,Approved,high,False,True,3990.54,166.27,office_equipment
2861,31,Rejected,medium,False,False,4523.17,145.91,material_for_production
2862,25,Rejected,medium,True,True,4432.02,177.28,material_for_production
2863,21,Approved,medium,True,True,4907.64,233.7,other
2864,12,Rejected,medium,True,False,5694.81,474.57,office_equipment
2865,33,Rejected,medium,False,True,6871.48,208.23,material_for_production
2866,33,Approved,medium,True,False,4359.92,132.12,office_equipment
2867,36,Approved,medium,True,True,6411.17,178.09,office_equipment
2868,26,Rejected,medium,True,True,2187.4,84.13,material_for_production
2869,9,Approved,medium,True,False,6169.76,685.53,material_for_production
2870,14,Approved,medium,True,True,2306.37,164.74,material_for_production
2871,17,Approved,medium,False,False,5583.73,328.45,other
2872,37,Rejected,low,False,True,6273.17,169.55,office_equipment
2873,32,Approved,medium,True,True,6059.02,189.34,office_equipment
2874,28,Approved,medium,False,True,5963.39,212.98,office_equipment
2875,27,Approved,medium,False,True,3349.61,124.06,material_for_production
2876,37,Approved,medium,True,True,1748.76,47.26,office_equipment
2877,40,Rejected,medium,False,True,5045.17,126.13,office_equipment
2878,17,Approved,high,True,True,6474.88,380.88,office_equipment
2879,29,Rejected,high,False,True,3543.16,122.18,office_equipment
2880,27,Approved,medium,False,True,3529.02,130.7,material_for_production
2881,23,Rejected,medium,False,True,1960.89,85.26,office_equipment
2882,6,Rejected,high,True,True,3744.28,624.05,material_for_production
2883,34,Approved,high,True,True,2870.09,84.41,office_equipment
2884,39,Rejected,medium,False,False,4870.2,124.88,other
2885,34,Approved,medium,False,True,4578.43,134.66,material_for_production
2886,31,Approved,medium,True,True,3524.5,113.69,office_equipment
2887,6,Approved,medium,False,False,6217.85,1036.31,material_for_production
2888,32,Rejected,medium,True,True,5751.17,179.72,office_equipment
2889,9,Rejected,medium,True,True,6524.75,724.97,office_equipment
2890,26,Approved,high,False,True,5843.67,224.76,material_for_production
2891,39,Rejected,medium,False,True,6827.12,175.05,material_for_production
2892,29,Approved,high,False,True,2921.22,100.73,other
2893,7,Approved,high,False,True,5725.21,817.89,material_for_production
2894,21,Rejected,medium,False,True,6869.86,327.14,material_for_production
2895,11,Approved,high,True,True,3001.06,272.82,material_for_production
2896,16,Rejected,medium,True,True,2773.19,173.32,other
2897,15,Rejected,high,True,True,2777.21,185.15,material_for_production
2898,27,Rejected,medium,True,True,6048.92,224.03,material_for_production
2899,6,Approved,medium,True,True,4404.45,734.07,material_for_production
2900,20,Rejected,medium,True,True,2231.14,111.56,office_equipment
2901,19,Rejected,medium,True,True,4727.99,248.84,material_for_production
2902,7,Approved,high,True,True,3219.97,460.0,material_for_production
2903,12,Approved,medium,True,True,3190.79,265.9,other
2904,27,Rejected,low,False,False,6076.41,225.05,other
2905,31,Rejected,high,False,True,5433.02,175.26,other
2906,30,Approved,medium,True,False,4301.98,143.4,other
2907,8,Approved,high,True,True,5454.8,681.85,material_for_production
2908,30,Rejected,high,False,False,4066.14,135.54,office_equipment
2909,23,Rejected,medium,True,True,5708.75,248.21,office_equipment
2910,26,Approved,medium,False,True,2414.24,92.86,material_for_production
2911,17,Rejected,medium,True,False,3579.61,210.57,other
2912,33,Approved,medium,True,True,2005.94,60.79,material_for_production
2913,19,Approved,high,True,True,5924.03,311.79,office_equipment
2914,32,Approved,high,True,True,2815.66,87.99,material_for_production
2915,32,Rejected,low,True,False,2011.35,62.85,material_for_production
2916,29,Approved,medium,True,True,2223.17,76.66,material_for_production
2917,6,Approved,medium,True,False,2893.31,482.22,office_equipment
2918,33,Rejected,medium,True,True,5714.45,173.17,other
2919,6,Approved,medium,False,True,5727.72,954.62,office_equipment
2920,32,Approved,medium,False,False,6623.73,206.99,material_for_production
2921,29,Approved,medium,False,False,6654.82,229.48,other
2922,32,Approved,medium,True,False,4638.93,144.97,material_for_production
2923,20,Approved,medium,False,True,5275.57,263.78,material_for_production
2924,22,Approved,medium,True,False,4336.37,197.11,other
2925,12,Approved,medium,True,True,6852.18,571.01,material_for_production
2926,29,Approved,high,True,True,2101.14,72.45,material_for_production
2927,8,Approved,medium,True,False,4086.73,510.84,material_for_production
2928,15,Approved,medium,True,True,1880.62,125.37,material_for_production
2929,40,Approved,high,False,True,1656.84,41.42,other
2930,32,Approved,medium,False,True,3793.35,118.54,material_for_production
2931,16,Approved,medium,True,False,5282.23,330.14,material_for_production
2932,33,Rejected,high,False,False,4517.17,136.88,material_for_production
2933,16,Approved,medium,True,True,4936.02,308.5,material_for_production
2934,20,Rejected,medium,True,False,4332.15,216.61,office_equipment
2935,24,Approved,medium,True,True,3876.08,161.5,material_for_production
2936,13,Rejected,medium,False,False,5971.55,459.35,other
2937,9,Approved,high,False,True,5375.19,597.24,material_for_production
2938,14,Approved,medium,False,True,2786.29,199.02,material_for_production
2939,25,Approved,medium,False,False,2638.13,105.53,material_for_production
2940,21,Approved,high,True,False,1810.0,86.19,material_for_production
2941,29,Approved,high,False,True,4105.06,141.55,office_equipment
2942,7,Rejected,medium,False,True,2981.19,425.88,office_equipment
2943,5,Rejected,medium,True,False,5738.39,1147.68,office_equipment
2944,24,Approved,medium,True,False,2042.45,85.1,other
2945,14,Rejected,high,True,True,4445.08,317.51,office_equipment
2946,21,Approved,medium,False,True,3369.12,160.43,material_for_production
2947,38,Rejected,medium,False,True,6476.14,170.42,office_equipment
2948,23,Rejected,medium,False,True,3714.72,161.51,other
2949,19,Rejected,high,True,False,4330.98,227.95,office_equipment
2950,17,Approved,low,True,True,1586.18,93.3,office_equipment
2951,21,Rejected,medium,False,True,3580.23,170.49,office_equipment
2952,8,Approved,medium,True,True,1785.82,223.23,material_for_production
2953,16,Approved,high,False,False,1583.09,98.94,material_for_production
2954,9,Rejected,high,False,False,3241.03,360.11,office_equipment
2955,16,Approved,medium,True,True,2703.34,168.96,material_for_production
2956,36,Approved,medium,True,True,6774.26,188.17,office_equipment
2957,31,Approved,medium,True,True,3804.7,122.73,office_equipment
2958,21,Approved,medium,True,True,2098.38,99.92,material_for_production
2959,29,Approved,medium,True,True,2274.8,78.44,office_equipment
2960,35,Rejected,medium,True,True,5657.61,161.65,office_equipment
2961,18,Approved,low,True,True,3820.6,212.26,other
2962,30,Approved,high,False,True,5813.35,193.78,material_for_production
2963,6,Rejected,high,True,False,4264.38,710.73,other
2964,14,Approved,high,True,False,4431.87,316.56,material_for_production
2965,30,Approved,medium,False,True,6598.19,219.94,material_for_production
2966,7,Rejected,medium,True,True,5652.77,807.54,material_for_production
2967,23,Approved,medium,False,True,2414.86,104.99,material_for_production
2968,24,Approved,high,False,True,5219.23,217.47,material_for_production
2969,33,Rejected,medium,False,False,1632.24,49.46,material_for_production
2970,18,Approved,medium,False,True,3914.17,217.45,office_equipment
2971,25,Rejected,medium,True,True,5474.69,218.99,material_for_production
2972,39,Rejected,medium,True,True,4815.46,123.47,other
2973,27,Rejected,high,False,False,4879.51,180.72,other
2974,13,Rejected,high,False,True,4209.5,323.81,other
2975,18,Rejected,medium,False,False,2173.76,120.76,material_for_production
2976,8,Rejected,medium,False,True,3127.92,390.99,material_for_production
2977,40,Rejected,high,False,False,2356.83,58.92,material_for_production
2978,16,Approved,medium,True,False,6334.97,395.94,material_for_production
2979,30,Rejected,medium,True,True,6021.47,200.72,other
2980,31,Approved,high,True,True,3109.47,100.31,material_for_production
2981,15,Rejected,medium,True,True,4747.39,316.49,material_for_production
2982,31,Approved,medium,False,True,4442.75,143.31,material_for_production
2983,6,Rejected,high,False,True,2358.97,393.16,office_equipment
2984,26,Rejected,low,False,True,6574.97,252.88,office_equipment
2985,40,Approved,medium,True,True,6486.76,162.17,material_for_production
2986,33,Approved,high,False,True,2611.5,79.14,material_for_production
2987,19,Approved,high,True,True,6064.43,319.18,office_equipment
2988,14,Approved,medium,True,True,2104.38,150.31,material_for_production
2989,27,Approved,medium,True,True,2717.55,100.65,office_equipment
2990,5,Approved,medium,True,False,6467.13,1293.43,office_equipment
2991,5,Approved,medium,True,True,3670.16,734.03,other
2992,13,Approved,high,False,True,5010.19,385.4,office_equipment
2993,23,Rejected,medium,False,True,3601.03,156.57,material_for_production
2994,31,Approved,medium,False,True,5432.78,175.25,material_for_production
2995,36,Rejected,high,False,False,2519.16,69.98,other
2996,11,Rejected,low,True,False,3415.34,310.49,other
2997,40,Approved,medium,True,False,5649.09,141.23,material_for_production
2998,23,Approved,medium,False,True,5636.01,245.04,office_equipment
2999,18,Approved,medium,False,True,3142.67,174.59,material_for_production
3000,28,Approved,high,True,True,5975.99,213.43,other
3001,13,Rejected,medium,True,False,5017.3,385.95,material_for_production
3002,31,Rejected,medium,True,False,6519.25,210.3,material_for_production
3003,5,Approved,high,False,True,3203.62,640.72,material_for_production
3004,18,Approved,medium,False,True,5099.8,283.32,material_for_production
3005,11,Rejected,medium,False,False,6023.96,547.63,material_for_production
3006,39,Approved,high,False,True,2153.52,55.22,material_for_production
3007,5,Rejected,high,False,False,3298.72,659.74,material_for_production
3008,16,Approved,medium,True,True,5372.11,335.76,material_for_production
3009,25,Approved,high,False,True,4530.77,181.23,office_equipment
3010,25,Approved,low,True,True,1564.79,62.59,office_equipment
3011,19,Approved,high,True,True,6776.41,356.65,material_for_production
3012,40,Approved,medium,True,True,6885.01,172.13,other
3013,35,Rejected,medium,True,True,6882.07,196.63,material_for_production
3014,35,Approved,medium,False,True,3820.84,109.17,other
3015,12,Approved,high,False,False,6260.96,521.75,office_equipment
3016,26,Approved,high,True,True,3977.0,152.96,other
3017,33,Approved,high,False,False,1701.63,51.56,material_for_production
3018,11,Approved,medium,False,False,3403.0,309.36,material_for_production
3019,12,Approved,high,True,True,4447.59,370.63,other
3020,26,Approved,medium,True,False,2306.85,88.72,office_equipment
3021,23,Approved,medium,True,False,2185.66,95.03,office_equipment
3022,29,Rejected,medium,False,False,5960.32,205.53,office_equipment
3023,12,Approved,high,False,False,4816.85,401.4,office_equipment
3024,32,Rejected,medium,True,True,6874.98,214.84,other
3025,12,Rejected,medium,True,False,5374.7,447.89,material_for_production
3026,36,Rejected,medium,False,True,4108.31,114.12,office_equipment
3027,16,Approved,medium,True,True,4630.49,289.41,material_for_production
3028,11,Approved,medium,True,True,5657.93,514.36,office_equipment
3029,39,Rejected,medium,False,True,1581.36,40.55,material_for_production
3030,16,Approved,medium,True,True,4602.25,287.64,office_equipment
3031,30,Approved,high,True,True,5533.01,184.43,office_equipment
3032,26,Rejected,medium,False,False,5533.48,212.83,material_for_production
3033,23,Rejected,medium,False,True,4406.67,191.59,other
3034,12,Rejected,high,True,True,6931.6,577.63,office_equipment
3035,38,Rejected,medium,False,True,6754.9,177.76,material_for_production
3036,6,Rejected,medium,False,True,5243.44,873.91,other
3037,40,Approved,high,True,True,2377.65,59.44,other
3038,17,Approved,high,True,False,3514.04,206.71,material_for_production
3039,37,Rejected,high,False,True,4178.44,112.93,material_for_production
3040,19,Rejected,high,True,False,1998.39,105.18,material_for_production
3041,26,Rejected,medium,False,False,1858.64,71.49,office_equipment
3042,9,Rejected,high,False,True,2940.73,326.75,office_equipment
3043,34,Rejected,medium,True,True,3397.53,99.93,material_for_production
3044,25,Approved,medium,True,True,1818.82,72.75,material_for_production
3045,24,Rejected,high,True,False,2126.75,88.61,other
3046,29,Approved,medium,True,False,6541.59,225.57,material_for_production
3047,17,Approved,high,True,True,3692.03,217.18,office_equipment
3048,11,Rejected,medium,True,False,3626.72,329.7,office_equipment
3049,16,Rejected,medium,True,False,5999.29,374.96,office_equipment
3050,30,Rejected,medium,True,False,3673.38,122.45,other
3051,21,Rejected,medium,True,False,1608.57,76.6,office_equipment
3052,26,Approved,high,True,True,5882.19,226.24,material_for_production
3053,31,Approved,high,False,True,6430.22,207.43,material_for_production
3054,5,Rejected,high,False,False,5108.91,1021.78,office_equipment
3055,16,Approved,medium,True,True,6634.69,414.67,material_for_production
3056,31,Rejected,high,False,True,5577.91,179.93,office_equipment
3057,14,Rejected,medium,True,True,4207.01,300.5,other
3058,33,Approved,high,True,False,2466.64,74.75,material_for_production
3059,6,Approved,high,True,False,2552.88,425.48,material_for_production
3060,12,Approved,medium,False,False,2473.04,206.09,material_for_production
3061,38,Approved,high,True,True,6873.87,180.89,material_for_production
3062,19,Approved,high,False,False,4086.79,215.09,office_equipment
3063,23,Approved,high,False,True,4574.05,198.87,material_for_production
3064,5,Approved,medium,False,True,5068.82,1013.76,office_equipment
3065,36,Approved,medium,True,True,6047.76,167.99,material_for_production
3066,8,Rejected,high,True,True,5984.93,748.12,office_equipment
3067,8,Rejected,high,True,True,5473.13,684.14,office_equipment
3068,26,Approved,medium,True,True,5951.3,228.9,office_equipment
3069,23,Rejected,high,True,True,5834.43,253.67,other
3070,36,Rejected,high,True,True,5811.45,161.43,material_for_production
3071,25,Approved,low,False,True,6036.03,241.44,office_equipment
3072,24,Rejected,medium,True,True,1629.55,67.9,material_for_production
3073,25,Rejected,low,True,False,6458.84,258.35,office_equipment
3074,24,Approved,medium,True,True,4385.23,182.72,other
3075,17,Approved,medium,True,True,6770.39,398.26,material_for_production
3076,13,Approved,medium,False,True,4123.91,317.22,material_for_production
3077,9,Approved,medium,True,True,1507.54,167.5,other
3078,34,Rejected,medium,False,True,2784.09,81.89,material_for_production
3079,31,Approved,low,True,True,3812.86,123.0,material_for_production
3080,23,Approved,medium,True,True,2991.74,130.08,material_for_production
3081,10,Approved,medium,True,True,5379.13,537.91,material_for_production
3082,23,Approved,high,True,False,6082.36,264.45,material_for_production
3083,27,Approved,medium,False,True,3989.58,147.76,material_for_production
3084,31,Approved,medium,True,False,6240.25,201.3,other
3085,12,Approved,high,True,False,6072.91,506.08,material_for_production
3086,31,Rejected,medium,True,True,4896.27,157.94,office_equipment
3087,21,Approved,high,True,True,4200.85,200.04,other
3088,30,Approved,high,True,False,3515.09,117.17,office_equipment
3089,15,Approved,medium,False,False,3993.2,266.21,material_for_production
3090,28,Approved,medium,True,False,2740.61,97.88,office_equipment
3091,33,Approved,medium,True,False,2507.48,75.98,office_equipment
3092,18,Approved,high,True,True,6437.32,357.63,office_equipment
3093,15,Rejected,medium,False,False,2147.39,143.16,other
3094,39,Approved,medium,True,False,2102.74,53.92,material_for_production
3095,17,Approved,medium,True,False,6538.96,384.64,office_equipment
3096,38,Rejected,high,False,True,2521.14,66.35,office_equipment
3097,19,Rejected,high,True,False,2994.53,157.61,material_for_production
3098,26,Approved,high,False,True,1611.68,61.99,material_for_production
3099,23,Rejected,low,True,True,6214.32,270.19,other
3100,19,Approved,medium,True,True,3112.82,163.83,material_for_production
3101,27,Approved,high,True,True,3382.36,125.27,other
3102,36,Rejected,high,True,True,4489.43,124.71,office_equipment
3103,36,Approved,high,False,True,1852.17,51.45,office_equipment
3104,39,Rejected,medium,True,False,5513.1,141.36,material_for_production
3105,40,Approved,low,True,True,2471.2,61.78,office_equipment
3106,38,Rejected,high,True,False,4108.45,108.12,other
3107,29,Approved,medium,True,True,3899.06,134.45,office_equipment
3108,21,Rejected,high,False,False,2830.81,134.8,other
3109,9,Rejected,low,True,True,3988.95,443.22,office_equipment
3110,22,Rejected,medium,True,False,5984.38,272.02,material_for_production
3111,17,Rejected,high,False,False,2430.48,142.97,office_equipment
3112,38,Rejected,high,True,True,5740.97,151.08,other
3113,32,Approved,low,True,False,6086.65,190.21,office_equipment
3114,36,Rejected,low,False,True,4087.3,113.54,office_equipment
3115,38,Rejected,medium,False,False,6241.61,164.25,other
3116,17,Rejected,low,False,False,2922.53,171.91,other
3117,20,Approved,medium,False,True,4429.21,221.46,material_for_production
3118,26,Rejected,medium,False,True,6335.29,243.66,material_for_production
3119,17,Rejected,medium,True,True,6500.37,382.37,material_for_production
3120,31,Approved,high,True,True,4531.83,146.19,other
3121,5,Approved,medium,False,True,4387.0,877.4,material_for_production
3122,6,Approved,high,True,True,2636.55,439.43,material_for_production
3123,25,Approved,high,False,True,6342.16,253.69,other
3124,17,Rejected,medium,True,True,5998.81,352.87,office_equipment
3125,18,Rejected,medium,True,True,6665.76,370.32,other
3126,15,Rejected,high,True,True,3160.28,210.69,material_for_production
3127,26,Approved,high,True,True,1591.77,61.22,office_equipment
3128,14,Rejected,high,False,True,6353.63,453.83,material_for_production
3129,9,Approved,medium,True,True,5270.68,585.63,material_for_production
3130,8,Approved,high,False,True,5692.92,711.62,office_equipment
3131,30,Rejected,medium,False,False,3328.32,110.94,other
3132,29,Approved,medium,False,True,4733.29,163.22,material_for_production
3133,40,Rejected,medium,True,True,6923.74,173.09,other
3134,40,Rejected,medium,True,True,6906.82,172.67,other
3135,11,Approved,medium,False,True,6572.71,597.52,material_for_production
3136,15,Approved,medium,True,True,3394.54,226.3,material_for_production
3137,19,Approved,medium,True,True,6620.45,348.44,material_for_production
3138,39,Approved,medium,False,True,6702.85,171.87,office_equipment
3139,16,Approved,medium,True,False,5305.28,331.58,material_for_production
3140,33,Rejected,high,False,True,4048.41,122.68,material_for_production
3141,17,Rejected,high,False,True,6356.14,373.89,other
3142,39,Approved,medium,False,False,3634.95,93.2,other
3143,5,Approved,medium,False,False,5484.2,1096.84,office_equipment
3144,18,Rejected,medium,False,True,3797.07,210.95,office_equipment
3145,18,Rejected,medium,True,True,5112.72,284.04,other
3146,6,Approved,high,True,True,2920.14,486.69,other
3147,28,Rejected,medium,False,False,3732.32,133.3,office_equipment
3148,33,Rejected,medium,True,False,6909.38,209.38,office_equipment
3149,9,Approved,medium,False,False,5564.89,618.32,material_for_production
3150,21,Rejected,low,True,True,5201.24,247.68,material_for_production
3151,21,Approved,high,False,True,4225.59,201.22,material_for_production
3152,33,Rejected,high,True,True,5452.04,165.21,office_equipment
3153,14,Rejected,medium,True,False,1564.85,111.77,other
3154,7,Approved,high,True,True,2589.83,369.98,material_for_production
3155,19,Rejected,high,False,True,2492.68,131.19,material_for_production
3156,14,Rejected,medium,False,True,5176.1,369.72,material_for_production
3157,18,Approved,medium,True,True,2829.9,157.22,material_for_production
3158,40,Approved,medium,False,True,2531.26,63.28,office_equipment
3159,9,Approved,high,True,True,6150.1,683.34,office_equipment
3160,11,Approved,medium,True,True,6026.39,547.85,office_equipment
3161,11,Approved,medium,True,False,5267.94,478.9,material_for_production
3162,28,Rejected,medium,True,True,2919.97,104.28,material_for_production
3163,9,Approved,medium,True,True,6755.9,750.66,material_for_production
3164,17,Rejected,low,False,False,5907.0,347.47,other
3165,19,Approved,medium,True,True,6886.41,362.44,material_for_production
3166,11,Approved,medium,False,True,2820.96,256.45,other
3167,27,Rejected,low,True,True,5509.03,204.04,material_for_production
3168,30,Approved,medium,True,True,6506.27,216.88,other
3169,33,Approved,low,True,False,1907.91,57.82,material_for_production
3170,25,Rejected,medium,False,False,6342.06,253.68,other
3171,34,Approved,medium,False,True,6077.52,178.75,material_for_production
3172,38,Rejected,high,True,False,5313.42,139.83,material_for_production
3173,39,Approved,medium,False,True,3776.11,96.82,material_for_production
3174,30,Approved,medium,True,False,4089.56,136.32,material_for_production
3175,9,Rejected,medium,False,False,4723.19,524.8,office_equipment
3176,5,Approved,high,False,True,6011.05,1202.21,other
3177,18,Rejected,high,True,False,6662.09,370.12,office_equipment
3178,11,Approved,high,True,True,5429.37,493.58,material_for_production
3179,22,Rejected,medium,False,True,6764.2,307.46,office_equipment
3180,16,Rejected,high,False,True,4038.38,252.4,other
3181,16,Rejected,medium,True,True,4210.05,263.13,office_equipment
3182,8,Rejected,medium,True,True,3475.09,434.39,office_equipment
3183,14,Approved,medium,True,False,5444.17,388.87,material_for_production
3184,11,Approved,medium,False,True,3062.2,278.38,material_for_production
3185,5,Approved,high,True,True,2235.27,447.05,other
3186,12,Rejected,high,False,False,1975.06,164.59,office_equipment
3187,7,Rejected,medium,False,True,5533.89,790.56,office_equipment
3188,5,Approved,medium,True,True,1522.13,304.43,material_for_production
3189,39,Rejected,low,False,True,2824.2,72.42,material_for_production
3190,9,Approved,medium,False,True,2513.9,279.32,material_for_production
3191,10,Approved,medium,True,True,4176.51,417.65,other
3192,17,Rejected,medium,False,False,4837.68,284.57,office_equipment
3193,12,Approved,medium,False,True,6568.71,547.39,material_for_production
3194,24,Rejected,high,False,False,2250.67,93.78,office_equipment
3195,30,Approved,high,True,False,2892.07,96.4,other
3196,32,Approved,medium,False,False,4401.03,137.53,material_for_production
3197,20,Approved,medium,False,True,3976.65,198.83,material_for_production
3198,24,Rejected,medium,False,True,3221.84,134.24,material_for_production
3199,30,Approved,low,True,True,3593.57,119.79,material_for_production
3200,20,Approved,medium,True,False,2304.03,115.2,other
3201,8,Rejected,medium,False,False,4700.05,587.51,material_for_production
3202,27,Approved,medium,True,True,5407.62,200.28,material_for_production
3203,14,Approved,high,True,True,1525.98,109.0,material_for_production
3204,5,Approved,high,True,True,6352.86,1270.57,material_for_production
3205,40,Rejected,medium,False,True,4733.85,118.35,material_for_production
3206,7,Rejected,low,True,True,4173.98,596.28,material_for_production
3207,15,Approved,low,True,False,6374.28,424.95,material_for_production
3208,32,Approved,medium,True,True,5508.13,172.13,material_for_production
3209,23,Rejected,medium,False,True,3362.96,146.22,other
3210,7,Approved,medium,False,True,2044.26,292.04,material_for_production
3211,28,Rejected,medium,False,True,6324.0,225.86,material_for_production
3212,39,Approved,high,True,False,5436.91,139.41,material_for_production
3213,24,Rejected,medium,False,True,5562.26,231.76,office_equipment
3214,22,Approved,medium,True,False,4265.36,193.88,material_for_production
3215,39,Rejected,medium,False,True,4411.9,113.13,material_for_production
3216,39,Approved,low,False,True,5477.7,140.45,material_for_production
3217,37,Rejected,medium,False,False,6158.52,166.45,office_equipment
3218,23,Approved,high,True,True,2775.67,120.68,material_for_production
3219,14,Approved,low,False,True,3207.98,229.14,material_for_production
3220,31,Approved,medium,False,False,4325.36,139.53,office_equipment
3221,26,Rejected,medium,True,False,4699.55,180.75,other
3222,36,Rejected,low,False,True,5054.95,140.42,office_equipment
3223,28,Rejected,medium,False,True,3714.22,132.65,office_equipment
3224,9,Rejected,high,False,True,4286.71,476.3,office_equipment
3225,22,Approved,high,True,True,6681.74,303.72,office_equipment
3226,27,Rejected,low,False,False,3461.9,128.22,office_equipment
3227,26,Rejected,medium,False,True,6976.02,268.31,material_for_production
3228,33,Rejected,medium,False,True,2904.62,88.02,material_for_production
3229,21,Approved,high,False,True,1748.03,83.24,office_equipment
3230,29,Rejected,high,True,True,6864.18,236.7,other
3231,20,Rejected,medium,False,True,5568.23,278.41,office_equipment
3232,26,Approved,medium,True,True,4643.49,178.6,material_for_production
3233,31,Rejected,medium,False,True,5568.63,179.63,material_for_production
3234,23,Approved,low,True,True,5650.96,245.69,material_for_production
3235,21,Approved,medium,False,True,3065.82,145.99,material_for_production
3236,11,Rejected,high,False,True,3031.02,275.55,material_for_production
3237,38,Approved,medium,False,True,6463.56,170.09,office_equipment
3238,17,Approved,high,True,True,4510.93,265.35,office_equipment
3239,40,Rejected,low,False,True,2130.35,53.26,office_equipment
3240,37,Rejected,medium,True,False,2561.91,69.24,material_for_production
3241,24,Approved,high,True,True,3479.41,144.98,material_for_production
3242,5,Approved,high,False,True,3554.36,710.87,office_equipment
3243,6,Rejected,medium,False,False,1792.82,298.8,office_equipment
3244,19,Approved,medium,True,True,1919.41,101.02,material_for_production
3245,20,Approved,medium,True,True,4647.02,232.35,material_for_production
3246,33,Rejected,medium,False,False,3014.35,91.34,material_for_production
3247,20,Approved,medium,False,True,5940.06,297.0,material_for_production
3248,5,Approved,medium,True,True,2289.13,457.83,material_for_production
3249,20,Rejected,low,False,True,2477.31,123.87,material_for_production
3250,35,Approved,low,True,False,2464.05,70.4,office_equipment
3251,32,Approved,low,True,True,4791.81,149.74,material_for_production
3252,23,Rejected,high,False,True,6121.95,266.17,material_for_production
3253,13,Rejected,high,True,True,1937.05,149.0,other
3254,17,Approved,medium,False,True,2983.05,175.47,other
3255,38,Approved,medium,False,True,6797.74,178.89,material_for_production
3256,27,Approved,high,False,True,2724.51,100.91,material_for_production
3257,6,Approved,medium,False,True,6428.71,1071.45,other
3258,5,Approved,medium,True,True,4559.3,911.86,material_for_production
3259,24,Approved,medium,False,True,1739.27,72.47,office_equipment
3260,21,Rejected,high,False,True,5405.32,257.4,other
3261,34,Approved,high,True,True,1553.95,45.7,material_for_production
3262,19,Approved,medium,True,True,6751.23,355.33,office_equipment
3263,17,Rejected,medium,False,True,3218.95,189.35,office_equipment
3264,10,Rejected,medium,False,True,2988.91,298.89,other
3265,25,Approved,medium,True,True,6729.67,269.19,material_for_production
3266,19,Rejected,high,False,True,6445.06,339.21,office_equipment
3267,8,Approved,medium,True,False,4745.29,593.16,material_for_production
3268,39,Approved,low,True,True,5069.41,129.98,material_for_production
3269,34,Rejected,high,True,True,4045.21,118.98,material_for_production
3270,39,Rejected,low,True,False,4961.21,127.21,material_for_production
3271,34,Approved,medium,False,True,3666.38,107.83,other
3272,15,Approved,medium,False,True,5234.28,348.95,office_equipment
3273,7,Rejected,high,True,True,5966.27,852.32,material_for_production
3274,30,Rejected,high,True,False,3184.36,106.15,office_equipment
3275,33,Approved,medium,True,True,6217.23,188.4,material_for_production
3276,6,Approved,medium,True,True,4240.37,706.73,material_for_production
3277,14,Approved,medium,False,False,2382.4,170.17,material_for_production
3278,11,Rejected,medium,True,True,3910.2,355.47,material_for_production
3279,38,Approved,medium,False,False,4856.58,127.8,material_for_production
3280,14,Rejected,medium,False,True,4419.34,315.67,other
3281,14,Rejected,high,True,True,3541.59,252.97,other
3282,7,Rejected,high,False,False,5483.11,783.3,material_for_production
3283,39,Approved,medium,True,False,6571.38,168.5,material_for_production
3284,20,Approved,high,True,False,4579.46,228.97,material_for_production
3285,39,Rejected,medium,False,False,4830.83,123.87,office_equipment
3286,29,Rejected,medium,True,True,3836.21,132.28,other
3287,33,Approved,low,True,True,2077.39,62.95,material_for_production
3288,16,Approved,medium,False,False,4986.43,311.65,material_for_production
3289,17,Approved,medium,True,True,6025.2,354.42,material_for_production
3290,23,Approved,high,True,True,3868.74,168.21,office_equipment
3291,19,Rejected,medium,True,True,3698.61,194.66,office_equipment
3292,26,Rejected,high,False,True,3928.68,151.1,office_equipment
3293,13,Rejected,high,False,True,3407.06,262.08,material_for_production
3294,23,Approved,high,True,True,6178.13,268.61,material_for_production
3295,12,Rejected,high,False,True,2656.45,221.37,other
3296,32,Approved,low,True,True,2815.74,87.99,office_equipment
3297,25,Approved,medium,True,True,2186.31,87.45,material_for_production
3298,8,Approved,low,True,True,2101.99,262.75,material_for_production
3299,32,Approved,medium,True,False,3973.97,124.19,material_for_production
3300,35,Rejected,high,False,False,6541.82,186.91,material_for_production
3301,6,Rejected,medium,True,False,6591.47,1098.58,other
3302,8,Approved,high,True,True,4989.64,623.71,office_equipment
3303,17,Rejected,medium,True,True,4522.88,266.05,other
3304,28,Approved,high,True,False,2993.68,106.92,material_for_production
3305,20,Approved,medium,True,False,6447.86,322.39,office_equipment
3306,25,Approved,medium,True,True,3873.82,154.95,material_for_production
3307,29,Approved,low,True,True,5792.83,199.75,material_for_production
3308,32,Approved,medium,True,True,6357.84,198.68,office_equipment
3309,14,Approved,high,True,True,2083.5,148.82,material_for_production
3310,34,Approved,medium,True,True,6405.13,188.39,office_equipment
3311,31,Rejected,low,False,True,4730.88,152.61,other
3312,23,Rejected,high,False,False,3694.51,160.63,material_for_production
3313,5,Approved,medium,False,True,3993.92,798.78,material_for_production
3314,40,Rejected,medium,False,True,1610.37,40.26,material_for_production
3315,25,Approved,high,True,True,1896.39,75.86,other
3316,12,Rejected,high,False,True,4008.5,334.04,office_equipment
3317,31,Rejected,high,True,False,4495.12,145.0,other
3318,35,Approved,low,False,True,2288.05,65.37,office_equipment
3319,8,Rejected,medium,False,False,3112.27,389.03,office_equipment
3320,37,Rejected,medium,True,True,4482.94,121.16,other
3321,6,Approved,high,False,False,4485.69,747.61,office_equipment
3322,22,Approved,high,False,True,3635.05,165.23,material_for_production
3323,14,Approved,medium,True,True,1508.77,107.77,material_for_production
3324,24,Rejected,medium,False,True,6538.39,272.43,material_for_production
3325,39,Approved,medium,True,True,5844.76,149.87,other
3326,26,Approved,high,True,True,5424.52,208.64,other
3327,25,Rejected,medium,True,False,6159.86,246.39,office_equipment
3328,36,Rejected,high,True,False,6667.91,185.22,office_equipment
3329,28,Approved,medium,True,True,2115.69,75.56,other
3330,30,Approved,high,True,True,5856.26,195.21,material_for_production
3331,36,Approved,medium,False,False,1825.12,50.7,material_for_production
3332,26,Rejected,low,False,True,6475.03,249.04,material_for_production
3333,27,Approved,medium,False,True,3930.77,145.58,other
3334,8,Rejected,medium,True,False,2836.85,354.61,office_equipment
3335,20,Approved,medium,True,True,1808.85,90.44,other
3336,25,Approved,medium,False,True,5485.26,219.41,material_for_production
3337,35,Approved,medium,True,True,6285.18,179.58,material_for_production
3338,24,Approved,medium,False,True,2749.39,114.56,material_for_production
3339,40,Approved,high,True,False,2591.6,64.79,other
3340,18,Rejected,high,True,False,5875.04,326.39,office_equipment
3341,22,Approved,low,True,True,3744.79,170.22,material_for_production
3342,11,Rejected,high,False,True,1648.74,149.89,office_equipment
3343,37,Approved,low,True,False,1989.76,53.78,office_equipment
3344,36,Rejected,medium,False,True,4614.15,128.17,other
3345,25,Approved,medium,True,True,1924.29,76.97,other
3346,20,Approved,high,True,True,2824.92,141.25,material_for_production
3347,6,Approved,low,False,True,1551.0,258.5,office_equipment
3348,16,Rejected,medium,False,True,2178.72,136.17,office_equipment
3349,31,Rejected,medium,False,False,3797.16,122.49,other
3350,20,Rejected,low,False,True,2986.92,149.35,material_for_production
3351,9,Approved,high,True,True,2247.73,249.75,office_equipment
3352,32,Rejected,medium,True,True,5319.31,166.23,office_equipment
3353,35,Rejected,low,False,True,3840.35,109.72,material_for_production
3354,15,Rejected,medium,False,True,2653.79,176.92,material_for_production
3355,19,Approved,medium,False,True,3281.11,172.69,material_for_production
3356,25,Rejected,high,True,True,5919.48,236.78,other
3357,30,Rejected,medium,True,False,6019.77,200.66,office_equipment
3358,15,Approved,low,True,True,3120.79,208.05,office_equipment
3359,32,Approved,medium,True,True,5229.94,163.44,material_for_production
3360,5,Rejected,medium,True,True,1575.32,315.06,material_for_production
3361,17,Approved,medium,True,True,5309.03,312.3,office_equipment
3362,37,Rejected,medium,False,True,3213.08,86.84,material_for_production
3363,19,Approved,medium,True,True,3311.88,174.31,material_for_production
3364,14,Rejected,medium,True,True,5856.37,418.31,office_equipment
3365,5,Rejected,medium,True,False,4679.01,935.8,office_equipment
3366,10,Rejected,medium,True,False,5575.68,557.57,material_for_production
3367,18,Approved,medium,False,True,1689.15,93.84,other
3368,9,Approved,medium,False,True,4411.09,490.12,other
3369,34,Approved,medium,True,True,2247.08,66.09,material_for_production
3370,35,Rejected,high,True,False,5797.96,165.66,material_for_production
3371,17,Approved,medium,True,True,5981.92,351.88,material_for_production
3372,20,Approved,medium,False,False,5816.69,290.83,other
3373,27,Rejected,medium,True,True,2225.25,82.42,other
3374,8,Approved,high,False,True,3250.51,406.31,material_for_production
3375,15,Approved,medium,False,True,1994.51,132.97,material_for_production
3376,17,Approved,medium,False,False,3854.63,226.74,material_for_production
3377,35,Approved,medium,True,False,1850.27,52.86,material_for_production
3378,23,Rejected,high,False,True,2713.02,117.96,other
3379,12,Rejected,medium,False,True,6134.55,511.21,material_for_production
3380,29,Approved,high,False,True,3049.24,105.15,material_for_production
3381,8,Approved,medium,True,True,1819.63,227.45,material_for_production
3382,31,Rejected,medium,True,False,4010.45,129.37,office_equipment
3383,26,Approved,medium,True,True,1645.03,63.27,material_for_production
3384,18,Rejected,high,False,True,4902.87,272.38,other
3385,8,Approved,medium,False,True,3278.91,409.86,other
3386,30,Approved,medium,True,True,3970.24,132.34,material_for_production
3387,18,Rejected,medium,True,True,2624.64,145.81,material_for_production
3388,6,Rejected,low,False,True,5434.23,905.7,material_for_production
3389,13,Rejected,medium,False,True,2995.64,230.43,other
3390,23,Rejected,high,True,True,6817.25,296.4,office_equipment
3391,36,Rejected,low,False,True,6815.46,189.32,material_for_production
3392,10,Approved,high,True,True,6454.11,645.41,office_equipment
3393,35,Approved,high,False,False,6507.86,185.94,material_for_production
3394,15,Rejected,high,False,True,2816.72,187.78,material_for_production
3395,19,Approved,medium,False,True,3249.84,171.04,material_for_production
3396,19,Rejected,high,True,True,5194.81,273.41,material_for_production
3397,14,Approved,medium,False,True,6517.58,465.54,office_equipment
3398,6,Approved,medium,True,True,6974.43,1162.4,office_equipment
3399,35,Rejected,high,False,True,2041.81,58.34,material_for_production
3400,10,Rejected,medium,False,True,4873.66,487.37,other
3401,25,Rejected,medium,True,False,2538.13,101.53,office_equipment
3402,30,Approved,medium,True,True,5606.08,186.87,material_for_production
3403,36,Rejected,medium,True,True,4334.25,120.4,other
3404,13,Approved,medium,True,True,5785.65,445.05,material_for_production
3405,39,Approved,low,False,True,6511.92,166.97,material_for_production
3406,37,Approved,low,False,False,2548.57,68.88,other
3407,22,Approved,high,False,True,2624.03,119.27,material_for_production
3408,35,Approved,medium,True,True,1987.99,56.8,material_for_production
3409,23,Rejected,medium,False,False,2293.87,99.73,material_for_production
3410,31,Rejected,high,False,False,5532.9,178.48,material_for_production
3411,40,Approved,medium,True,True,6750.99,168.77,office_equipment
3412,17,Rejected,medium,True,True,6585.34,387.37,other
3413,14,Rejected,medium,False,True,6521.0,465.79,material_for_production
3414,22,Rejected,medium,True,True,3317.89,150.81,office_equipment
3415,35,Rejected,medium,False,False,3826.82,109.34,material_for_production
3416,24,Approved,high,False,False,5171.5,215.48,other
3417,38,Approved,medium,False,True,4529.5,119.2,material_for_production
3418,23,Rejected,medium,True,True,6822.38,296.63,office_equipment
3419,40,Rejected,medium,True,True,6100.27,152.51,other
3420,35,Rejected,medium,False,True,2463.99,70.4,other
3421,6,Approved,medium,False,True,5079.0,846.5,material_for_production
3422,34,Rejected,medium,False,True,4572.42,134.48,office_equipment
3423,25,Approved,medium,True,True,4995.05,199.8,office_equipment
3424,20,Rejected,medium,True,True,5021.78,251.09,office_equipment
3425,32,Rejected,medium,False,True,3310.16,103.44,office_equipment
3426,31,Approved,medium,False,True,5492.31,177.17,material_for_production
3427,35,Rejected,medium,False,True,3314.67,94.7,other
3428,27,Approved,medium,True,True,6169.67,228.51,other
3429,21,Rejected,high,True,False,6581.02,313.38,office_equipment
3430,29,Approved,medium,True,True,3843.37,132.53,material_for_production
3431,10,Rejected,high,False,False,5891.88,589.19,material_for_production
3432,20,Rejected,low,False,False,6676.21,333.81,material_for_production
3433,20,Approved,medium,False,True,2343.95,117.2,material_for_production
3434,23,Approved,high,True,False,1565.26,68.05,office_equipment
3435,27,Approved,low,True,False,1966.36,72.83,material_for_production
3436,17,Rejected,medium,True,False,1812.94,106.64,material_for_production
3437,32,Approved,medium,True,True,4975.78,155.49,other
3438,36,Approved,low,False,False,2935.13,81.53,office_equipment
3439,15,Rejected,low,True,True,1981.02,132.07,material_for_production
3440,11,Approved,medium,True,True,6528.9,593.54,material_for_production
3441,27,Approved,high,True,True,4176.92,154.7,other
3442,37,Rejected,medium,False,True,6772.92,183.05,material_for_production
3443,31,Rejected,medium,True,True,3235.79,104.38,other
3444,37,Approved,medium,False,False,1534.94,41.48,office_equipment
3445,10,Rejected,medium,False,False,4465.13,446.51,office_equipment
3446,40,Approved,medium,False,False,2488.96,62.22,material_for_production
3447,9,Approved,medium,True,True,1741.72,193.52,material_for_production
3448,5,Approved,medium,False,True,3070.84,614.17,material_for_production
3449,36,Rejected,high,True,True,5608.87,155.8,office_equipment
3450,37,Approved,high,True,True,5887.84,159.13,other
3451,33,Rejected,medium,True,False,2211.54,67.02,other
3452,33,Rejected,medium,False,True,1826.39,55.35,material_for_production
3453,31,Approved,medium,False,True,3135.55,101.15,material_for_production
3454,21,Approved,medium,False,True,3601.54,171.5,material_for_production
3455,7,Approved,medium,False,True,3662.84,523.26,material_for_production
3456,28,Approved,medium,False,False,6447.97,230.28,material_for_production
3457,11,Approved,medium,False,True,2718.3,247.12,material_for_production
3458,17,Approved,high,True,True,4898.44,288.14,office_equipment
3459,16,Rejected,medium,False,True,6501.56,406.35,material_for_production
3460,11,Rejected,medium,False,False,4137.34,376.12,office_equipment
3461,36,Approved,medium,False,False,6418.72,178.3,office_equipment
3462,31,Rejected,medium,True,False,2464.12,79.49,other
3463,22,Approved,medium,False,True,5758.76,261.76,material_for_production
3464,33,Approved,medium,True,True,1959.48,59.38,material_for_production
3465,5,Rejected,medium,True,False,3890.23,778.05,other
3466,37,Rejected,high,False,True,5202.19,140.6,other
3467,19,Rejected,medium,False,False,2081.73,109.56,office_equipment
3468,29,Approved,low,False,True,4121.43,142.12,material_for_production
3469,21,Approved,medium,False,True,5267.21,250.82,other
3470,34,Approved,high,False,True,1781.57,52.4,material_for_production
3471,19,Approved,low,False,True,3461.01,182.16,material_for_production
3472,19,Approved,medium,False,True,5038.35,265.18,material_for_production
3473,24,Approved,medium,True,True,2427.89,101.16,material_for_production
3474,10,Approved,medium,True,True,2014.11,201.41,material_for_production
3475,27,Rejected,low,False,False,1900.61,70.39,other
3476,27,Rejected,high,False,False,6648.66,246.25,other
3477,7,Rejected,medium,True,True,4308.9,615.56,office_equipment
3478,6,Approved,medium,True,True,4482.95,747.16,material_for_production
3479,33,Approved,low,False,False,1703.1,51.61,material_for_production
3480,16,Rejected,medium,False,False,4382.07,273.88,other
3481,30,Rejected,medium,True,True,5060.5,168.68,office_equipment
3482,23,Approved,medium,False,True,3400.13,147.83,material_for_production
3483,25,Approved,low,True,True,3660.92,146.44,other
3484,23,Rejected,medium,False,False,5092.74,221.42,material_for_production
3485,34,Approved,medium,False,False,3666.16,107.83,material_for_production
3486,10,Rejected,high,True,False,6708.99,670.9,office_equipment
3487,29,Approved,medium,False,True,4834.8,166.72,material_for_production
3488,5,Approved,high,False,True,2532.19,506.44,material_for_production
3489,14,Approved,high,True,True,2945.13,210.37,office_equipment
3490,8,Approved,low,True,True,3529.28,441.16,material_for_production
3491,30,Rejected,medium,True,True,3876.4,129.21,material_for_production
3492,39,Rejected,low,True,True,3532.42,90.57,other
3493,22,Approved,medium,False,False,6139.47,279.07,material_for_production
3494,5,Approved,medium,True,True,6825.26,1365.05,material_for_production
3495,19,Rejected,low,False,True,3743.1,197.01,office_equipment
3496,28,Approved,medium,True,True,5414.47,193.37,office_equipment
3497,14,Rejected,medium,True,False,6341.31,452.95,material_for_production
3498,32,Approved,low,True,False,2495.86,78.0,material_for_production
3499,37,Approved,medium,True,True,3645.69,98.53,office_equipment
3500,29,Approved,medium,True,False,5861.13,202.11,material_for_production
3501,35,Rejected,medium,True,True,6114.11,174.69,material_for_production
3502,21,Approved,high,False,True,5017.11,238.91,material_for_production
3503,38,Rejected,low,False,False,4449.72,117.1,material_for_production
3504,13,Approved,medium,False,True,2598.95,199.92,material_for_production
3505,30,Approved,high,True,True,3402.22,113.41,material_for_production
3506,14,Approved,medium,True,False,2790.72,199.34,material_for_production
3507,32,Approved,medium,True,True,4066.93,127.09,material_for_production
3508,5,Approved,medium,True,True,4318.04,863.61,office_equipment
3509,32,Rejected,medium,True,True,4184.0,130.75,office_equipment
3510,12,Rejected,high,False,False,2756.64,229.72,other
3511,7,Rejected,medium,True,True,3624.5,517.79,material_for_production
3512,29,Approved,medium,True,False,4887.09,168.52,other
3513,33,Rejected,low,False,True,4826.28,146.25,material_for_production
3514,24,Approved,medium,True,False,3435.48,143.15,material_for_production
3515,37,Rejected,medium,False,True,3648.96,98.62,material_for_production
3516,18,Approved,medium,False,True,2832.95,157.39,other
3517,39,Approved,medium,True,True,1698.84,43.56,other
3518,10,Approved,high,True,True,2173.92,217.39,material_for_production
3519,6,Rejected,medium,False,False,3304.64,550.77,other
3520,14,Approved,medium,False,False,3349.87,239.28,material_for_production
3521,12,Approved,high,True,True,6712.03,559.34,material_for_production
3522,32,Rejected,medium,True,False,2384.71,74.52,material_for_production
3523,11,Approved,high,True,True,2316.22,210.57,other
3524,40,Rejected,medium,False,False,3432.34,85.81,other
3525,14,Approved,high,True,True,6597.36,471.24,material_for_production
3526,16,Rejected,medium,False,True,6608.38,413.02,office_equipment
3527,22,Rejected,medium,False,False,6765.88,307.54,other
3528,16,Rejected,low,True,False,6260.14,391.26,other
3529,8,Rejected,medium,True,True,6957.91,869.74,office_equipment
3530,6,Rejected,high,False,False,4591.69,765.28,material_for_production
3531,14,Rejected,medium,False,True,4405.79,314.7,office_equipment
3532,32,Rejected,low,True,True,5014.73,156.71,material_for_production
3533,37,Approved,medium,True,False,2406.08,65.03,material_for_production
3534,19,Approved,high,True,False,4862.34,255.91,other
3535,23,Approved,medium,True,True,2003.01,87.09,material_for_production
3536,14,Approved,medium,False,False,4081.52,291.54,office_equipment
3537,34,Approved,high,True,True,2928.31,86.13,other
3538,36,Rejected,high,False,True,2456.7,68.24,material_for_production
3539,22,Approved,medium,False,True,6562.31,298.29,material_for_production
3540,27,Rejected,medium,False,True,3090.77,114.47,material_for_production
3541,38,Rejected,high,True,True,5163.28,135.88,office_equipment
3542,32,Approved,medium,True,True,5209.24,162.79,material_for_production
3543,15,Approved,high,False,False,2403.41,160.23,material_for_production
3544,16,Rejected,medium,False,False,1966.16,122.89,office_equipment
3545,10,Rejected,high,False,False,2640.86,264.09,material_for_production
3546,31,Rejected,high,False,False,6591.76,212.64,office_equipment
3547,20,Approved,medium,False,False,3286.97,164.35,material_for_production
3548,33,Approved,medium,False,True,1629.76,49.39,material_for_production
3549,15,Approved,high,False,True,3273.79,218.25,other
3550,37,Rejected,medium,True,True,3926.96,106.13,office_equipment
3551,5,Approved,high,True,True,1941.06,388.21,material_for_production
3552,37,Rejected,medium,False,False,6855.57,185.29,office_equipment
3553,26,Approved,low,False,True,5438.24,209.16,material_for_production
3554,10,Approved,medium,False,False,6428.77,642.88,material_for_production
3555,34,Approved,high,True,True,1880.99,55.32,material_for_production
3556,32,Approved,high,True,True,4466.53,139.58,other
3557,28,Rejected,medium,True,True,5073.16,181.18,office_equipment
3558,8,Approved,medium,True,True,6555.51,819.44,office_equipment
3559,6,Rejected,medium,True,True,4556.22,759.37,material_for_production
3560,28,Approved,medium,False,True,6150.54,219.66,material_for_production
3561,34,Approved,medium,False,False,3739.02,109.97,material_for_production
3562,6,Approved,medium,True,True,1679.82,279.97,material_for_production
3563,40,Rejected,medium,False,True,6446.9,161.17,office_equipment
3564,29,Approved,medium,False,True,4620.81,159.34,material_for_production
3565,10,Rejected,medium,False,False,5550.54,555.05,other
3566,7,Rejected,high,True,False,6804.83,972.12,other
3567,37,Rejected,medium,False,True,6691.96,180.86,other
3568,13,Rejected,medium,True,True,1517.17,116.71,other
3569,34,Rejected,medium,False,True,5563.46,163.63,other
3570,18,Approved,low,True,True,2779.74,154.43,office_equipment
3571,12,Approved,high,False,False,3583.1,298.59,material_for_production
3572,25,Approved,low,True,True,2502.32,100.09,other
3573,39,Approved,medium,True,False,4746.39,121.7,material_for_production
3574,8,Rejected,medium,True,True,1517.11,189.64,material_for_production
3575,5,Approved,high,True,False,3112.2,622.44,other
3576,12,Approved,medium,False,True,2330.57,194.21,office_equipment
3577,25,Rejected,low,False,True,4321.47,172.86,other
3578,19,Approved,high,False,True,3081.06,162.16,other
3579,8,Approved,medium,False,True,5201.72,650.22,material_for_production
3580,28,Rejected,medium,True,False,3877.12,138.47,material_for_production
3581,31,Approved,high,False,True,4264.13,137.55,other
3582,39,Approved,low,False,True,5216.07,133.75,material_for_production
3583,40,Approved,low,True,True,5569.59,139.24,other
3584,15,Approved,medium,True,True,4805.58,320.37,office_equipment
3585,28,Approved,high,True,True,6304.18,225.15,office_equipment
3586,5,Rejected,medium,False,True,4321.99,864.4,office_equipment
3587,17,Rejected,low,False,True,1843.27,108.43,material_for_production
3588,26,Rejected,medium,False,True,6856.77,263.72,office_equipment
3589,24,Rejected,medium,True,False,3122.59,130.11,other
3590,5,Approved,high,False,True,5103.45,1020.69,office_equipment
3591,35,Rejected,low,False,False,6712.28,191.78,office_equipment
3592,25,Approved,medium,False,True,6166.6,246.66,office_equipment
3593,17,Rejected,high,True,True,4212.92,247.82,other
3594,5,Approved,medium,False,True,6513.8,1302.76,material_for_production
3595,22,Rejected,high,False,True,2591.19,117.78,office_equipment
3596,40,Rejected,medium,True,True,2112.51,52.81,office_equipment
3597,36,Rejected,medium,False,False,2280.51,63.35,office_equipment
3598,7,Rejected,medium,False,True,3033.26,433.32,office_equipment
3599,16,Approved,medium,True,True,4561.35,285.08,material_for_production
3600,24,Approved,high,True,True,5658.72,235.78,material_for_production
3601,26,Rejected,medium,True,False,4866.17,187.16,office_equipment
3602,10,Rejected,high,True,False,6678.68,667.87,office_equipment
3603,7,Approved,medium,True,True,2967.19,423.88,material_for_production
3604,17,Rejected,medium,False,True,2226.51,130.97,office_equipment
3605,10,Approved,high,True,True,5928.38,592.84,material_for_production
3606,12,Approved,medium,False,True,2611.55,217.63,material_for_production
3607,27,Approved,medium,True,True,3440.16,127.41,material_for_production
3608,35,Rejected,medium,False,True,4983.22,142.38,other
3609,12,Rejected,high,True,True,2296.81,191.4,material_for_production
3610,12,Approved,medium,True,True,6055.46,504.62,other
3611,26,Rejected,high,False,True,3697.46,142.21,other
3612,15,Approved,medium,True,True,4310.1,287.34,office_equipment
3613,7,Rejected,low,False,True,4057.85,579.69,material_for_production
3614,21,Rejected,medium,True,False,1601.56,76.26,office_equipment
3615,35,Rejected,medium,False,False,3745.36,107.01,other
3616,26,Approved,high,True,True,6427.6,247.22,material_for_production
3617,33,Approved,medium,True,True,2180.82,66.09,material_for_production
3618,39,Rejected,medium,False,False,3774.03,96.77,material_for_production
3619,9,Approved,high,True,True,6547.13,727.46,material_for_production
3620,36,Rejected,medium,True,True,5845.47,162.37,material_for_production
3621,5,Approved,medium,False,False,1811.54,362.31,office_equipment
3622,5,Approved,medium,True,True,4194.72,838.94,material_for_production
3623,40,Rejected,high,False,False,5226.2,130.66,office_equipment
3624,8,Rejected,medium,True,False,2514.87,314.36,office_equipment
3625,21,Rejected,medium,True,True,2656.32,126.49,material_for_production
3626,10,Rejected,medium,True,True,4871.2,487.12,material_for_production
3627,5,Rejected,high,True,False,5331.31,1066.26,office_equipment
3628,25,Approved,medium,False,True,2260.55,90.42,other
3629,28,Approved,high,False,True,5260.15,187.86,material_for_production
3630,19,Approved,high,True,True,3023.6,159.14,other
3631,32,Approved,high,False,True,3375.16,105.47,material_for_production
3632,37,Approved,medium,True,True,4022.95,108.73,office_equipment
3633,38,Rejected,high,False,True,4779.91,125.79,office_equipment
3634,40,Approved,high,True,True,2806.38,70.16,material_for_production
3635,10,Rejected,medium,True,True,6713.44,671.34,material_for_production
3636,36,Rejected,medium,True,False,2314.37,64.29,material_for_production
3637,29,Rejected,medium,True,False,3870.95,133.48,material_for_production
3638,40,Approved,medium,True,True,4565.86,114.15,other
3639,20,Approved,medium,False,True,2311.95,115.6,other
3640,14,Rejected,low,True,False,3973.77,283.84,other
3641,35,Approved,low,True,True,4211.32,120.32,office_equipment
3642,40,Approved,medium,False,False,4434.43,110.86,office_equipment
3643,33,Approved,medium,True,True,5411.78,163.99,material_for_production
3644,23,Rejected,medium,False,True,2130.0,92.61,material_for_production
3645,29,Rejected,medium,False,True,4536.86,156.44,material_for_production
3646,15,Approved,high,False,False,1852.55,123.5,material_for_production
3647,22,Rejected,high,False,True,6989.14,317.69,material_for_production
3648,26,Approved,high,False,False,5629.84,216.53,office_equipment
3649,5,Approved,high,False,True,2391.5,478.3,other
3650,27,Approved,high,False,True,3601.0,133.37,material_for_production
3651,21,Approved,medium,False,True,5592.39,266.3,material_for_production
3652,5,Rejected,medium,True,True,5606.02,1121.2,material_for_production
3653,25,Approved,medium,True,False,2660.56,106.42,material_for_production
3654,38,Rejected,medium,True,True,4905.97,129.1,material_for_production
3655,13,Approved,medium,True,True,3395.37,261.18,material_for_production
3656,29,Rejected,low,False,False,5987.39,206.46,other
3657,30,Approved,medium,True,True,3084.62,102.82,material_for_production
3658,25,Approved,high,False,True,6005.75,240.23,material_for_production
3659,19,Rejected,medium,False,True,2225.68,117.14,office_equipment
3660,11,Approved,medium,False,True,4416.17,401.47,material_for_production
3661,17,Approved,low,False,True,5591.89,328.93,office_equipment
3662,13,Approved,high,True,True,6703.81,515.68,material_for_production
3663,32,Approved,medium,True,False,4265.32,133.29,other
3664,33,Rejected,medium,True,True,6020.45,182.44,office_equipment
3665,37,Approved,medium,False,True,4048.07,109.41,office_equipment
3666,11,Approved,medium,True,False,5780.77,525.52,material_for_production
3667,26,Approved,medium,True,True,2320.24,89.24,office_equipment
3668,33,Rejected,medium,True,False,3572.48,108.26,material_for_production
3669,24,Rejected,high,False,False,6790.54,282.94,office_equipment
3670,9,Approved,medium,True,False,3260.6,362.29,other
3671,15,Approved,medium,False,True,2068.14,137.88,material_for_production
3672,24,Approved,medium,False,True,6215.04,258.96,other
3673,35,Approved,high,True,True,4879.77,139.42,office_equipment
3674,34,Rejected,medium,True,True,6284.62,184.84,material_for_production
3675,16,Approved,medium,True,True,3350.6,209.41,office_equipment
3676,10,Approved,medium,True,True,3738.22,373.82,material_for_production
3677,9,Approved,medium,False,True,2452.05,272.45,other
3678,7,Rejected,medium,False,True,5422.2,774.6,other
3679,23,Rejected,medium,True,False,3731.67,162.25,office_equipment
3680,6,Approved,low,True,True,5356.18,892.7,office_equipment
3681,38,Approved,medium,False,True,3621.27,95.3,office_equipment
3682,24,Approved,high,True,True,6387.11,266.13,material_for_production
3683,11,Rejected,high,False,False,6770.8,615.53,material_for_production
3684,18,Approved,medium,False,True,6119.22,339.96,material_for_production
3685,10,Approved,low,False,True,6386.1,638.61,other
3686,34,Rejected,medium,True,True,4500.87,132.38,office_equipment
3687,18,Approved,high,True,False,5386.82,299.27,material_for_production
3688,7,Rejected,medium,True,True,6072.74,867.53,other
3689,13,Approved,high,True,True,6181.54,475.5,material_for_production
3690,22,Rejected,high,True,False,2858.49,129.93,office_equipment
3691,36,Rejected,low,False,True,6065.69,168.49,office_equipment
3692,40,Approved,medium,True,True,2006.91,50.17,material_for_production
3693,22,Rejected,medium,True,False,1621.85,73.72,office_equipment
3694,6,Approved,medium,False,False,3924.43,654.07,other
3695,24,Rejected,medium,False,True,6970.57,290.44,material_for_production
3696,20,Approved,medium,False,False,2132.26,106.61,office_equipment
3697,28,Approved,high,True,True,5622.89,200.82,material_for_production
3698,19,Approved,high,True,True,2933.89,154.42,office_equipment
3699,7,Rejected,high,False,True,6557.63,936.8,material_for_production
3700,28,Rejected,low,False,False,1528.92,54.6,office_equipment
3701,27,Approved,medium,False,True,3576.95,132.48,material_for_production
3702,26,Approved,medium,False,False,4175.53,160.6,material_for_production
3703,8,Rejected,medium,False,False,1889.34,236.17,other
3704,14,Rejected,low,False,False,2858.2,204.16,other
3705,30,Rejected,medium,False,True,3067.42,102.25,office_equipment
3706,5,Rejected,medium,False,True,6449.17,1289.83,other
3707,35,Rejected,high,True,False,3883.71,110.96,material_for_production
3708,24,Approved,high,False,True,2435.11,101.46,material_for_production
3709,38,Rejected,medium,True,True,5114.45,134.59,office_equipment
3710,23,Rejected,medium,True,False,4672.22,203.14,office_equipment
3711,12,Rejected,medium,False,False,5403.63,450.3,office_equipment
3712,9,Approved,medium,False,True,2020.55,224.51,material_for_production
3713,18,Approved,high,False,True,4741.98,263.44,material_for_production
3714,17,Rejected,medium,False,False,6249.44,367.61,material_for_production
3715,5,Approved,medium,False,True,3930.49,786.1,material_for_production
3716,14,Approved,medium,True,False,5382.23,384.44,material_for_production
3717,8,Approved,medium,True,True,4934.62,616.83,office_equipment
3718,17,Approved,medium,True,True,4763.8,280.22,other
3719,12,Approved,medium,False,True,3829.53,319.13,other
3720,37,Rejected,high,True,True,6117.05,165.33,material_for_production
3721,22,Rejected,high,False,True,5301.95,241.0,office_equipment
3722,38,Approved,medium,True,True,2053.36,54.04,material_for_production
3723,15,Rejected,medium,False,True,3797.82,253.19,other
3724,6,Rejected,medium,False,True,4568.6,761.43,material_for_production
3725,13,Rejected,medium,False,True,3755.52,288.89,office_equipment
3726,32,Approved,low,True,True,2831.47,88.48,material_for_production
3727,27,Approved,medium,False,True,4938.58,182.91,material_for_production
3728,22,Approved,medium,True,True,2484.64,112.94,material_for_production
3729,11,Approved,medium,False,True,3069.52,279.05,office_equipment
3730,16,Approved,low,True,True,3845.26,240.33,material_for_production
3731,6,Approved,medium,True,True,1679.27,279.88,material_for_production
3732,11,Approved,high,True,True,5535.6,503.24,office_equipment
3733,29,Approved,medium,False,True,3145.29,108.46,material_for_production
3734,24,Approved,high,True,True,3182.5,132.6,other
3735,37,Approved,high,True,True,5373.21,145.22,material_for_production
3736,35,Approved,medium,True,True,1863.21,53.23,material_for_production
3737,26,Rejected,medium,False,True,6339.38,243.82,material_for_production
3738,26,Approved,medium,True,False,4519.54,173.83,other
3739,12,Approved,medium,True,True,3313.26,276.11,material_for_production
3740,11,Rejected,low,False,True,6472.69,588.43,office_equipment
3741,12,Rejected,medium,False,True,2950.53,245.88,other
3742,37,Rejected,medium,True,True,4178.65,112.94,material_for_production
3743,8,Approved,medium,True,True,6570.63,821.33,material_for_production
3744,37,Rejected,medium,True,True,6426.59,173.69,material_for_production
3745,28,Rejected,high,True,False,2861.54,102.2,other
3746,27,Approved,high,True,True,3697.0,136.93,other
3747,27,Rejected,low,False,False,4936.85,182.85,material_for_production
3748,13,Rejected,medium,True,True,6346.99,488.23,office_equipment
3749,11,Approved,high,False,True,5953.95,541.27,other
3750,13,Approved,high,True,True,2890.41,222.34,other
3751,20,Rejected,medium,True,False,3125.75,156.29,other
3752,21,Approved,high,False,True,4280.04,203.81,material_for_production
3753,10,Approved,medium,True,True,2183.77,218.38,other
3754,37,Rejected,medium,False,True,2182.45,58.99,office_equipment
3755,16,Rejected,medium,True,True,1805.77,112.86,material_for_production
3756,39,Rejected,medium,True,True,5635.82,144.51,office_equipment
3757,34,Approved,high,True,True,4059.41,119.39,other
3758,18,Rejected,medium,True,False,6034.95,335.27,material_for_production
3759,37,Approved,medium,False,True,3983.39,107.66,other
3760,14,Approved,high,False,True,6053.84,432.42,material_for_production
3761,34,Approved,high,True,True,1949.38,57.33,material_for_production
3762,30,Rejected,high,False,True,6297.14,209.9,office_equipment
3763,24,Rejected,medium,True,True,4756.95,198.21,other
3764,32,Rejected,high,True,True,2752.25,86.01,office_equipment
3765,31,Rejected,high,False,False,6416.52,206.98,material_for_production
3766,24,Approved,medium,True,True,1680.76,70.03,other
3767,15,Approved,medium,True,True,3380.58,225.37,material_for_production
3768,36,Rejected,medium,False,True,4000.29,111.12,other
3769,33,Rejected,high,False,False,6585.64,199.56,material_for_production
3770,20,Rejected,medium,False,False,2261.86,113.09,other
3771,7,Approved,medium,True,False,3376.3,482.33,other
3772,21,Approved,high,True,True,1852.23,88.2,material_for_production
3773,17,Rejected,medium,True,False,5576.13,328.01,material_for_production
3774,36,Rejected,low,False,False,5671.91,157.55,material_for_production
3775,17,Approved,high,False,True,1509.52,88.8,material_for_production
3776,29,Approved,medium,True,True,5172.77,178.37,office_equipment
3777,31,Rejected,high,False,True,6468.69,208.67,material_for_production
3778,7,Approved,medium,True,False,3742.63,534.66,other
3779,16,Approved,medium,True,False,4697.0,293.56,other
3780,11,Rejected,medium,False,True,6450.92,586.45,material_for_production
3781,28,Approved,high,True,False,5926.81,211.67,material_for_production
3782,27,Approved,medium,True,True,5769.67,213.69,material_for_production
3783,33,Approved,high,False,False,6973.91,211.33,material_for_production
3784,40,Approved,medium,True,True,2387.03,59.68,other
3785,23,Rejected,low,False,True,5412.35,235.32,material_for_production
3786,23,Approved,medium,True,True,3109.75,135.21,material_for_production
3787,34,Approved,medium,False,True,2972.24,87.42,other
3788,23,Rejected,medium,False,True,1817.08,79.0,material_for_production
3789,30,Rejected,high,True,True,4106.81,136.89,office_equipment
3790,6,Approved,medium,False,True,3499.44,583.24,office_equipment
3791,14,Rejected,medium,False,True,5918.04,422.72,material_for_production
3792,39,Rejected,medium,False,True,3297.89,84.56,office_equipment
3793,24,Rejected,medium,False,True,2789.76,116.24,office_equipment
3794,25,Approved,medium,True,True,4125.09,165.0,material_for_production
3795,8,Approved,medium,True,False,5226.61,653.33,other
3796,27,Rejected,high,False,False,6083.21,225.3,material_for_production
3797,22,Approved,high,True,True,5287.93,240.36,material_for_production
3798,22,Approved,low,True,False,2499.66,113.62,other
3799,34,Approved,high,True,False,1629.98,47.94,material_for_production
3800,20,Approved,high,False,True,6114.27,305.71,office_equipment
3801,36,Rejected,medium,True,True,3299.81,91.66,material_for_production
3802,26,Approved,medium,False,False,5726.47,220.25,material_for_production
3803,36,Rejected,high,False,True,1900.84,52.8,material_for_production
3804,7,Approved,medium,False,True,6840.68,977.24,material_for_production
3805,29,Rejected,medium,False,True,5339.02,184.1,office_equipment
3806,35,Approved,high,False,True,6514.97,186.14,material_for_production
3807,5,Rejected,medium,False,True,3072.63,614.53,other
3808,13,Approved,medium,True,True,3011.59,231.66,material_for_production
3809,31,Approved,high,True,True,3293.97,106.26,material_for_production
3810,37,Rejected,high,True,True,6892.73,186.29,office_equipment
3811,13,Approved,medium,True,True,2295.5,176.58,material_for_production
3812,10,Rejected,high,True,True,4772.11,477.21,material_for_production
3813,37,Rejected,medium,False,True,2215.39,59.88,office_equipment
3814,32,Rejected,medium,False,False,6294.24,196.69,office_equipment
3815,30,Approved,medium,True,True,3194.33,106.48,other
3816,25,Approved,high,True,False,2900.91,116.04,other
3817,32,Rejected,medium,False,True,4546.1,142.07,office_equipment
3818,20,Rejected,medium,False,True,2302.72,115.14,office_equipment
3819,28,Approved,medium,True,True,1567.54,55.98,material_for_production
3820,15,Approved,medium,True,False,5751.24,383.42,material_for_production
3821,19,Approved,medium,False,True,2935.86,154.52,material_for_production
3822,33,Rejected,medium,False,False,2880.63,87.29,material_for_production
3823,21,Rejected,medium,False,False,5160.75,245.75,material_for_production
3824,15,Rejected,medium,True,True,6215.67,414.38,material_for_production
3825,6,Approved,low,False,False,4584.36,764.06,material_for_production
3826,23,Approved,medium,True,True,5809.75,252.6,material_for_production
3827,33,Rejected,medium,True,True,3465.27,105.01,other
3828,10,Rejected,low,True,True,1886.39,188.64,office_equipment
3829,31,Approved,medium,True,True,1662.34,53.62,material_for_production
3830,18,Rejected,low,True,True,5776.31,320.91,material_for_production
3831,12,Rejected,high,True,False,5965.55,497.13,office_equipment
3832,23,Approved,medium,False,True,2053.2,89.27,office_equipment
3833,13,Rejected,medium,True,True,2956.95,227.46,office_equipment
3834,23,Rejected,high,False,False,5968.51,259.5,other
3835,33,Approved,high,True,True,3007.27,91.13,material_for_production
3836,35,Approved,low,True,True,4435.34,126.72,office_equipment
3837,38,Approved,medium,False,True,2822.53,74.28,material_for_production
3838,40,Rejected,medium,False,False,5928.02,148.2,other
3839,26,Approved,medium,True,False,3741.14,143.89,material_for_production
3840,40,Approved,high,False,True,1672.28,41.81,office_equipment
3841,6,Approved,high,True,False,4992.5,832.08,other
3842,39,Rejected,medium,False,True,1549.35,39.73,office_equipment
3843,17,Approved,medium,False,True,3779.7,222.34,material_for_production
3844,38,Rejected,medium,False,True,4864.89,128.02,office_equipment
3845,34,Approved,medium,False,True,5966.02,175.47,office_equipment
3846,25,Approved,medium,False,True,6579.36,263.17,material_for_production
3847,28,Rejected,low,True,False,4662.09,166.5,material_for_production
3848,19,Approved,medium,True,True,2934.57,154.45,office_equipment
3849,23,Approved,high,False,True,4832.29,210.1,material_for_production
3850,5,Rejected,medium,False,True,2091.8,418.36,office_equipment
3851,34,Approved,medium,False,True,5542.98,163.03,office_equipment
3852,21,Approved,medium,False,False,4491.75,213.89,material_for_production
3853,14,Approved,medium,False,True,5885.54,420.4,material_for_production
3854,23,Approved,high,False,False,4748.3,206.45,material_for_production
3855,5,Rejected,high,False,True,5317.28,1063.46,office_equipment
3856,13,Rejected,medium,True,True,5818.52,447.58,material_for_production
3857,17,Rejected,high,True,True,5458.49,321.09,material_for_production
3858,17,Rejected,low,False,True,6415.89,377.41,material_for_production
3859,11,Approved,high,True,True,4092.55,372.05,material_for_production
3860,24,Rejected,low,False,False,3973.3,165.55,office_equipment
3861,38,Approved,medium,False,True,3721.74,97.94,office_equipment
3862,7,Approved,low,True,False,2307.13,329.59,material_for_production
3863,16,Approved,medium,False,True,6985.16,436.57,material_for_production
3864,39,Approved,high,True,False,6654.54,170.63,material_for_production
3865,8,Approved,high,True,False,6613.73,826.72,material_for_production
3866,24,Approved,high,False,True,6042.37,251.77,office_equipment
3867,9,Rejected,medium,False,False,2700.41,300.05,office_equipment
3868,9,Approved,high,True,True,3363.59,373.73,material_for_production
3869,17,Rejected,medium,False,True,1588.54,93.44,material_for_production
3870,25,Approved,high,True,True,2223.0,88.92,material_for_production
3871,38,Rejected,high,False,False,4211.67,110.83,office_equipment
3872,15,Rejected,medium,True,False,6965.46,464.36,material_for_production
3873,14,Approved,high,False,True,1700.98,121.5,material_for_production
3874,25,Rejected,medium,False,False,1764.9,70.6,material_for_production
3875,30,Approved,medium,True,True,3468.59,115.62,material_for_production
3876,10,Approved,medium,False,True,5179.71,517.97,office_equipment
3877,11,Approved,medium,True,True,2291.08,208.28,material_for_production
3878,33,Approved,low,False,True,6900.17,209.1,other
3879,36,Rejected,medium,True,True,2945.46,81.82,office_equipment
3880,40,Rejected,medium,True,False,5681.69,142.04,office_equipment
3881,20,Approved,high,True,True,2259.99,113.0,office_equipment
3882,36,Approved,high,False,False,2115.01,58.75,office_equipment
3883,30,Approved,medium,False,True,6144.57,204.82,office_equipment
3884,21,Approved,medium,True,True,6733.72,320.65,office_equipment
3885,20,Approved,high,False,False,4247.46,212.37,office_equipment
3886,7,Rejected,high,False,True,4935.23,705.03,other
3887,30,Rejected,low,False,True,4112.08,137.07,other
3888,23,Rejected,medium,True,True,1890.22,82.18,office_equipment
3889,8,Rejected,medium,True,True,5076.8,634.6,material_for_production
3890,29,Approved,medium,True,True,4788.84,165.13,material_for_production
3891,19,Approved,medium,True,True,3334.32,175.49,office_equipment
3892,9,Rejected,medium,True,False,3925.6,436.18,material_for_production
3893,18,Rejected,high,False,True,3192.29,177.35,office_equipment
3894,34,Rejected,medium,False,True,5225.34,153.69,office_equipment
3895,6,Approved,medium,False,True,6245.33,1040.89,material_for_production
3896,30,Approved,medium,False,True,3616.54,120.55,material_for_production
3897,23,Approved,high,False,True,2443.6,106.24,material_for_production
3898,34,Approved,high,False,False,1512.99,44.5,material_for_production
3899,26,Approved,medium,False,False,2793.18,107.43,material_for_production
3900,35,Approved,medium,True,True,5490.28,156.87,material_for_production
3901,23,Approved,medium,False,True,6689.29,290.84,other
3902,6,Rejected,medium,True,False,4234.98,705.83,material_for_production
3903,22,Rejected,medium,False,True,5833.97,265.18,other
3904,16,Rejected,low,False,True,3838.82,239.93,office_equipment
3905,24,Rejected,high,False,False,1642.53,68.44,other
3906,17,Approved,medium,False,True,5163.88,303.76,material_for_production
3907,15,Approved,medium,True,True,5339.71,355.98,material_for_production
3908,11,Approved,medium,True,False,5404.03,491.28,material_for_production
3909,5,Approved,medium,True,True,6106.53,1221.31,material_for_production
3910,22,Approved,high,True,False,2805.72,127.53,other
3911,10,Rejected,high,False,True,4192.36,419.24,office_equipment
3912,14,Rejected,medium,True,True,5210.57,372.18,office_equipment
3913,28,Approved,high,True,True,2099.85,74.99,office_equipment
3914,11,Rejected,medium,False,True,4792.26,435.66,material_for_production
3915,37,Approved,medium,False,True,1718.84,46.46,office_equipment
3916,28,Approved,high,False,True,3671.33,131.12,material_for_production
3917,33,Approved,high,True,True,5787.78,175.39,office_equipment
3918,5,Rejected,high,False,True,2236.43,447.29,office_equipment
3919,23,Approved,medium,True,True,3170.2,137.83,material_for_production
3920,25,Rejected,high,False,True,2240.67,89.63,material_for_production
3921,25,Rejected,medium,False,True,5728.07,229.12,material_for_production
3922,35,Approved,medium,False,True,4996.13,142.75,office_equipment
3923,33,Rejected,medium,True,True,2323.9,70.42,material_for_production
3924,6,Rejected,medium,False,True,4606.56,767.76,material_for_production
3925,10,Approved,medium,True,False,3855.72,385.57,material_for_production
3926,7,Rejected,medium,True,False,2047.66,292.52,material_for_production
3927,5,Approved,medium,False,True,2319.31,463.86,office_equipment
3928,38,Rejected,medium,True,True,2968.11,78.11,office_equipment
3929,21,Rejected,high,False,True,5169.51,246.17,material_for_production
3930,5,Rejected,medium,False,False,4339.18,867.84,material_for_production
3931,17,Approved,low,False,True,2222.83,130.75,other
3932,34,Approved,medium,False,False,3313.06,97.44,office_equipment
3933,17,Rejected,low,False,False,3104.27,182.6,material_for_production
3934,25,Approved,high,False,False,3091.9,123.68,other
3935,36,Approved,low,True,True,3599.13,99.98,office_equipment
3936,8,Approved,medium,False,True,4036.02,504.5,material_for_production
3937,37,Rejected,medium,False,False,5353.67,144.69,material_for_production
3938,14,Approved,medium,False,False,2098.57,149.9,material_for_production
3939,36,Approved,high,False,True,2294.41,63.73,office_equipment
3940,16,Approved,medium,False,True,4679.8,292.49,material_for_production
3941,17,Approved,medium,False,False,4548.85,267.58,material_for_production
3942,14,Rejected,medium,True,True,2091.31,149.38,other
3943,32,Rejected,medium,False,True,2708.41,84.64,material_for_production
3944,7,Rejected,medium,False,True,3899.53,557.08,office_equipment
3945,39,Rejected,high,False,True,3691.95,94.67,office_equipment
3946,5,Approved,medium,False,False,6362.01,1272.4,office_equipment
3947,13,Approved,medium,False,False,4251.73,327.06,office_equipment
3948,30,Rejected,medium,True,False,2424.52,80.82,material_for_production
3949,36,Approved,high,False,True,4685.13,130.14,other
3950,25,Approved,high,True,True,3809.71,152.39,office_equipment
3951,12,Rejected,medium,False,True,4977.34,414.78,office_equipment
3952,34,Rejected,medium,False,False,4148.63,122.02,other
3953,14,Approved,medium,False,True,6999.64,499.97,material_for_production
3954,25,Approved,medium,True,True,5553.36,222.13,material_for_production
3955,33,Approved,medium,True,False,4798.81,145.42,material_for_production
3956,27,Approved,medium,True,False,5826.09,215.78,office_equipment
3957,9,Approved,high,False,True,4678.17,519.8,material_for_production
3958,8,Rejected,medium,False,False,1630.74,203.84,office_equipment
3959,33,Rejected,low,True,False,4838.29,146.61,other
3960,24,Approved,high,False,True,2138.91,89.12,material_for_production
3961,16,Approved,high,False,True,4285.28,267.83,other
3962,18,Rejected,medium,True,True,2752.77,152.93,material_for_production
3963,24,Rejected,medium,True,False,4332.83,180.53,other
3964,23,Approved,high,True,True,2962.48,128.8,material_for_production
3965,23,Approved,medium,False,True,5732.67,249.25,office_equipment
3966,28,Rejected,medium,False,True,3132.76,111.88,office_equipment
3967,20,Approved,medium,True,True,5285.93,264.3,material_for_production
3968,12,Approved,high,False,True,6903.04,575.25,other
3969,24,Rejected,medium,False,True,5527.08,230.29,other
3970,13,Rejected,low,False,False,5124.63,394.2,material_for_production
3971,20,Approved,medium,True,True,5436.92,271.85,material_for_production
3972,26,Approved,high,False,True,6040.61,232.33,office_equipment
3973,36,Rejected,medium,True,True,3549.07,98.59,office_equipment
3974,12,Approved,high,False,False,6676.67,556.39,material_for_production
3975,32,Rejected,medium,False,True,3600.3,112.51,office_equipment
3976,16,Rejected,low,True,True,6601.51,412.59,other
3977,23,Rejected,medium,False,True,5341.99,232.26,material_for_production
3978,39,Approved,low,True,True,4635.73,118.86,office_equipment
3979,23,Approved,low,False,True,3582.02,155.74,material_for_production
3980,23,Approved,medium,False,False,6171.66,268.33,office_equipment
3981,20,Approved,medium,True,True,5053.6,252.68,office_equipment
3982,12,Approved,low,False,True,2585.34,215.45,office_equipment
3983,40,Rejected,medium,False,False,6045.32,151.13,other
3984,17,Rejected,medium,True,True,2286.37,134.49,office_equipment
3985,22,Rejected,high,True,False,6198.0,281.73,other
3986,13,Approved,medium,True,True,5074.18,390.32,office_equipment
3987,9,Rejected,medium,True,True,5797.95,644.22,other
3988,27,Approved,high,True,True,2481.75,91.92,office_equipment
3989,18,Rejected,high,False,False,3374.11,187.45,office_equipment
3990,30,Approved,medium,False,False,5373.01,179.1,material_for_production
3991,26,Approved,high,False,False,4944.39,190.17,other
3992,11,Rejected,low,False,False,2955.0,268.64,office_equipment
3993,25,Rejected,high,True,False,3263.55,130.54,other
3994,19,Rejected,medium,True,False,3495.33,183.96,office_equipment
3995,8,Approved,medium,False,True,5867.76,733.47,office_equipment
3996,30,Approved,high,False,True,5285.24,176.17,material_for_production
3997,5,Approved,medium,False,False,4227.42,845.48,material_for_production
3998,23,Rejected,medium,True,True,6960.0,302.61,office_equipment
3999,36,Approved,medium,True,True,1785.08,49.59,other
4000,9,Approved,medium,True,True,5361.61,595.73,other
4001,29,Rejected,medium,False,False,3181.18,109.7,material_for_production
4002,9,Rejected,high,False,False,3213.97,357.11,office_equipment
4003,11,Rejected,medium,False,True,6002.52,545.68,material_for_production
4004,34,Approved,high,True,False,5784.24,170.12,material_for_production
4005,14,Approved,medium,False,False,2405.55,171.83,office_equipment
4006,28,Rejected,medium,False,True,5845.22,208.76,material_for_production
4007,12,Rejected,high,True,True,4299.34,358.28,office_equipment
4008,25,Rejected,medium,False,True,4294.54,171.78,other
4009,36,Approved,low,False,True,1521.07,42.25,material_for_production
4010,6,Rejected,medium,False,True,5866.76,977.79,office_equipment
4011,32,Approved,medium,True,True,5577.55,174.3,office_equipment
4012,10,Approved,high,False,True,6390.46,639.05,material_for_production
4013,39,Rejected,medium,False,True,6717.5,172.24,office_equipment
4014,33,Rejected,medium,False,True,2032.65,61.6,office_equipment
4015,10,Approved,medium,True,True,6482.95,648.29,other
4016,17,Approved,low,True,True,2517.05,148.06,material_for_production
4017,10,Approved,medium,True,True,5251.38,525.14,material_for_production
4018,19,Rejected,medium,True,False,4225.12,222.37,office_equipment
4019,23,Rejected,medium,True,True,4524.03,196.7,material_for_production
4020,27,Approved,high,False,False,6414.0,237.56,material_for_production
4021,17,Approved,medium,True,True,2018.58,118.74,office_equipment
4022,30,Rejected,medium,True,True,5419.36,180.65,office_equipment
4023,7,Rejected,medium,True,False,6898.1,985.44,office_equipment
4024,16,Rejected,high,False,True,6231.45,389.47,material_for_production
4025,31,Approved,medium,False,True,6450.78,208.09,material_for_production
4026,28,Rejected,medium,False,True,3886.26,138.8,material_for_production
4027,13,Rejected,high,False,True,1863.45,143.34,material_for_production
4028,35,Rejected,medium,True,True,5392.63,154.08,other
4029,38,Approved,medium,True,False,3896.8,102.55,material_for_production
4030,34,Approved,medium,True,True,6383.15,187.74,material_for_production
4031,35,Approved,high,False,False,6007.91,171.65,other
4032,7,Approved,high,False,False,6700.4,957.2,material_for_production
4033,39,Rejected,medium,True,True,5388.86,138.18,other
4034,30,Rejected,low,False,False,3621.33,120.71,material_for_production
4035,18,Rejected,medium,False,True,2541.57,141.2,material_for_production
4036,7,Rejected,medium,True,False,2817.25,402.46,other
4037,25,Rejected,medium,True,True,4645.7,185.83,office_equipment
4038,17,Rejected,low,True,False,1652.78,97.22,office_equipment
4039,31,Rejected,high,True,True,4972.93,160.42,other
4040,38,Rejected,high,False,False,4323.65,113.78,material_for_production
4041,22,Rejected,medium,False,True,4042.64,183.76,material_for_production
4042,35,Approved,high,False,False,5558.76,158.82,office_equipment
4043,37,Approved,high,False,True,1960.53,52.99,material_for_production
4044,22,Approved,medium,True,True,1696.58,77.12,material_for_production
4045,30,Rejected,medium,False,True,4721.22,157.37,office_equipment
4046,23,Rejected,medium,False,True,4386.22,190.71,other
4047,31,Approved,high,True,True,5163.16,166.55,office_equipment
4048,14,Approved,medium,True,True,4796.53,342.61,other
4049,13,Approved,medium,False,True,1837.32,141.33,material_for_production
4050,21,Rejected,medium,False,True,1915.11,91.2,office_equipment
4051,28,Rejected,medium,False,False,4185.35,149.48,office_equipment
4052,18,Approved,medium,False,True,5900.08,327.78,material_for_production
4053,27,Rejected,medium,True,True,5493.68,203.47,material_for_production
4054,38,Rejected,medium,True,True,3992.34,105.06,other
4055,35,Rejected,medium,False,False,2823.66,80.68,office_equipment
4056,32,Rejected,high,False,True,5715.21,178.6,material_for_production
4057,12,Rejected,medium,False,True,3210.27,267.52,office_equipment
4058,28,Approved,medium,True,True,5261.49,187.91,material_for_production
4059,11,Approved,medium,False,True,6045.84,549.62,material_for_production
4060,25,Rejected,medium,False,False,5721.76,228.87,office_equipment
4061,28,Approved,low,True,True,3793.41,135.48,material_for_production
4062,36,Rejected,medium,True,False,6702.61,186.18,other
4063,5,Approved,medium,True,True,5820.93,1164.19,material_for_production
4064,39,Approved,high,True,True,5351.72,137.22,material_for_production
4065,26,Rejected,medium,True,True,6898.93,265.34,office_equipment
4066,32,Rejected,high,True,False,3124.86,97.65,office_equipment
4067,12,Approved,medium,True,True,2566.54,213.88,other
4068,32,Approved,high,False,True,2632.71,82.27,material_for_production
4069,11,Approved,medium,True,True,4006.61,364.24,office_equipment
4070,23,Approved,medium,False,True,5091.7,221.38,material_for_production
4071,9,Rejected,high,False,True,3547.83,394.2,material_for_production
4072,15,Approved,high,False,True,6725.53,448.37,material_for_production
4073,35,Rejected,medium,True,False,6125.03,175.0,material_for_production
4074,14,Rejected,high,False,False,2814.18,201.01,material_for_production
4075,18,Approved,medium,True,True,6593.98,366.33,other
4076,14,Approved,medium,True,False,5353.15,382.37,office_equipment
4077,14,Approved,low,True,False,1538.21,109.87,other
4078,27,Approved,high,True,False,6423.71,237.92,material_for_production
4079,21,Rejected,medium,True,True,5936.5,282.69,office_equipment
4080,13,Rejected,medium,False,True,4011.5,308.58,material_for_production
4081,37,Approved,medium,True,True,4365.04,117.97,material_for_production
4082,13,Rejected,medium,False,False,3644.67,280.36,other
4083,37,Rejected,medium,False,True,4223.36,114.14,other
4084,31,Rejected,high,True,False,6857.26,221.2,other
4085,6,Rejected,medium,False,False,1720.9,286.82,other
4086,15,Approved,medium,True,False,5527.48,368.5,material_for_production
4087,9,Rejected,medium,True,True,3042.07,338.01,other
4088,19,Approved,medium,True,True,3187.73,167.78,other
4089,33,Rejected,medium,False,True,5634.2,170.73,material_for_production
4090,23,Rejected,high,True,False,5676.92,246.82,other
4091,5,Rejected,high,True,False,3686.46,737.29,material_for_production
4092,9,Rejected,high,False,True,1755.63,195.07,material_for_production
4093,36,Approved,medium,True,False,6073.42,168.71,other
4094,28,Rejected,low,False,True,4230.81,151.1,other
4095,29,Approved,high,True,True,6506.72,224.37,material_for_production
4096,39,Rejected,medium,False,False,5282.22,135.44,other
4097,29,Approved,medium,False,True,4728.48,163.05,material_for_production
4098,25,Approved,medium,False,True,6307.5,252.3,other
4099,34,Approved,high,True,True,1947.76,57.29,material_for_production
4100,8,Approved,medium,False,True,2081.16,260.14,material_for_production
4101,7,Rejected,medium,True,True,4511.86,644.55,other
4102,33,Approved,medium,True,False,1672.66,50.69,office_equipment
4103,14,Approved,medium,False,False,3028.51,216.32,material_for_production
4104,37,Rejected,medium,True,True,4258.06,115.08,office_equipment
4105,35,Rejected,medium,True,True,5872.33,167.78,material_for_production
4106,38,Approved,medium,True,True,6785.87,178.58,office_equipment
4107,5,Rejected,high,True,True,4856.45,971.29,office_equipment
4108,23,Approved,medium,False,True,6716.9,292.04,material_for_production
4109,32,Rejected,medium,False,True,2871.05,89.72,office_equipment
4110,8,Approved,low,False,True,4707.88,588.49,other
4111,17,Rejected,high,False,True,2971.94,174.82,office_equipment
4112,36,Approved,medium,False,True,2066.57,57.4,office_equipment
4113,40,Approved,medium,True,True,3431.84,85.8,material_for_production
4114,23,Approved,medium,True,False,4490.0,195.22,material_for_production
4115,9,Approved,high,False,True,3307.77,367.53,material_for_production
4116,33,Rejected,medium,False,True,2873.21,87.07,material_for_production
4117,25,Rejected,medium,False,False,5933.6,237.34,office_equipment
4118,15,Rejected,medium,True,True,5178.76,345.25,office_equipment
4119,13,Rejected,medium,False,True,6782.5,521.73,other
4120,27,Approved,high,False,True,2445.14,90.56,material_for_production
4121,31,Approved,high,False,False,5042.54,162.66,material_for_production
4122,9,Rejected,high,True,False,3971.64,441.29,office_equipment
4123,9,Rejected,high,False,False,3208.5,356.5,office_equipment
4124,16,Rejected,high,False,True,5008.82,313.05,material_for_production
4125,15,Approved,medium,False,True,3748.74,249.92,office_equipment
4126,34,Rejected,high,False,True,4220.61,124.14,other
4127,28,Rejected,medium,False,False,6118.39,218.51,office_equipment
4128,40,Approved,high,False,False,3137.42,78.44,office_equipment
4129,7,Rejected,medium,False,False,3352.06,478.87,material_for_production
4130,34,Approved,medium,True,False,1537.88,45.23,office_equipment
4131,23,Approved,high,False,True,4538.05,197.31,material_for_production
4132,27,Rejected,low,True,True,5778.69,214.03,office_equipment
4133,13,Rejected,medium,False,False,5008.77,385.29,material_for_production
4134,29,Rejected,medium,False,False,5401.19,186.25,material_for_production
4135,32,Approved,high,False,False,1572.26,49.13,office_equipment
4136,10,Rejected,medium,False,True,5691.9,569.19,office_equipment
4137,5,Approved,medium,True,True,5355.36,1071.07,material_for_production
4138,18,Approved,medium,True,True,5630.55,312.81,material_for_production
4139,40,Approved,low,False,True,3088.07,77.2,office_equipment
4140,9,Approved,medium,True,False,3589.07,398.79,office_equipment
4141,15,Rejected,high,False,True,1991.77,132.78,office_equipment
4142,8,Rejected,medium,True,True,4186.28,523.28,other
4143,26,Rejected,medium,True,True,5622.23,216.24,material_for_production
4144,37,Approved,medium,True,False,4728.01,127.78,material_for_production
4145,36,Rejected,high,False,True,6169.19,171.37,material_for_production
4146,30,Approved,medium,True,False,2588.82,86.29,office_equipment
4147,16,Approved,medium,True,True,2620.61,163.79,material_for_production
4148,29,Rejected,medium,False,False,3680.27,126.91,material_for_production
4149,26,Rejected,high,False,True,2144.49,82.48,material_for_production
4150,27,Approved,high,False,True,3723.3,137.9,other
4151,21,Approved,medium,False,True,5112.09,243.43,office_equipment
4152,39,Approved,medium,True,True,1851.31,47.47,office_equipment
4153,16,Approved,medium,False,True,2004.69,125.29,material_for_production
4154,27,Approved,high,True,True,2429.79,89.99,material_for_production
4155,33,Rejected,medium,False,False,5902.23,178.86,other
4156,39,Approved,medium,False,False,1750.91,44.9,other
4157,12,Approved,high,True,True,5433.18,452.77,material_for_production
4158,39,Rejected,medium,False,True,4336.52,111.19,material_for_production
4159,39,Approved,medium,False,False,4686.24,120.16,material_for_production
4160,31,Approved,high,True,False,2103.69,67.86,material_for_production
4161,35,Approved,medium,False,False,2610.04,74.57,material_for_production
4162,34,Approved,medium,True,True,2175.2,63.98,material_for_production
4163,30,Approved,high,False,True,3533.6,117.79,material_for_production
4164,20,Rejected,high,True,False,2521.77,126.09,office_equipment
4165,7,Approved,medium,False,True,5333.59,761.94,material_for_production
4166,8,Approved,medium,True,True,2412.25,301.53,material_for_production
4167,17,Approved,medium,True,True,3746.51,220.38,office_equipment
4168,35,Rejected,medium,True,False,4628.21,132.23,material_for_production
4169,7,Approved,medium,True,False,3205.91,457.99,material_for_production
4170,38,Approved,medium,False,False,4818.17,126.79,material_for_production
4171,21,Rejected,medium,True,True,6849.22,326.15,other
4172,14,Rejected,high,False,True,3244.69,231.76,office_equipment
4173,13,Rejected,medium,True,False,3829.73,294.59,material_for_production
4174,23,Rejected,low,True,False,1733.38,75.36,other
4175,11,Rejected,medium,True,True,2561.37,232.85,office_equipment
4176,40,Rejected,high,False,True,1758.28,43.96,other
4177,5,Approved,high,True,True,5837.39,1167.48,material_for_production
4178,12,Approved,high,False,False,2275.44,189.62,material_for_production
4179,40,Approved,low,False,False,1810.27,45.26,office_equipment
4180,34,Approved,low,True,False,4453.05,130.97,office_equipment
4181,23,Rejected,medium,False,True,2050.63,89.16,material_for_production
4182,8,Rejected,medium,False,True,3375.88,421.99,material_for_production
4183,16,Rejected,medium,False,True,6611.64,413.23,office_equipment
4184,24,Rejected,medium,True,True,6537.46,272.39,material_for_production
4185,34,Rejected,medium,False,True,6398.19,188.18,material_for_production
4186,5,Rejected,medium,False,True,2048.68,409.74,material_for_production
4187,36,Rejected,medium,False,True,5748.15,159.67,other
4188,26,Approved,medium,True,True,5423.56,208.6,other
4189,33,Rejected,medium,False,False,6138.31,186.01,other
4190,35,Rejected,medium,False,False,5543.69,158.39,office_equipment
4191,19,Rejected,medium,False,True,1722.52,90.66,other
4192,37,Approved,medium,False,False,6297.52,170.2,other
4193,30,Rejected,medium,False,True,6311.63,210.39,material_for_production
4194,16,Approved,medium,False,True,4676.1,292.26,office_equipment
4195,23,Rejected,high,True,True,2990.24,130.01,other
4196,6,Rejected,high,False,True,4530.44,755.07,material_for_production
4197,7,Rejected,medium,True,False,6170.81,881.54,material_for_production
4198,14,Rejected,medium,False,False,5709.43,407.82,office_equipment
4199,27,Approved,medium,False,True,6520.6,241.5,material_for_production
4200,22,Approved,medium,False,True,4924.93,223.86,office_equipment
4201,20,Approved,medium,False,False,2373.0,118.65,office_equipment
4202,35,Rejected,medium,False,True,4527.56,129.36,material_for_production
4203,34,Rejected,medium,True,True,4396.5,129.31,material_for_production
4204,29,Rejected,low,False,True,6757.75,233.03,office_equipment
4205,15,Rejected,medium,True,True,5468.25,364.55,office_equipment
4206,26,Approved,medium,False,True,6393.53,245.91,office_equipment
4207,19,Rejected,medium,False,True,3358.69,176.77,office_equipment
4208,40,Rejected,medium,True,False,6109.53,152.74,material_for_production
4209,29,Rejected,medium,False,False,6098.22,210.28,material_for_production
4210,29,Approved,medium,False,True,4622.79,159.41,material_for_production
4211,24,Approved,medium,True,True,2074.21,86.43,material_for_production
4212,6,Approved,high,False,True,2655.32,442.55,material_for_production
4213,36,Rejected,medium,True,False,6680.72,185.58,material_for_production
4214,16,Approved,medium,True,True,5777.08,361.07,material_for_production
4215,16,Rejected,medium,False,True,4221.15,263.82,office_equipment
4216,39,Approved,low,True,True,5724.75,146.79,material_for_production
4217,9,Rejected,medium,False,True,4104.15,456.02,office_equipment
4218,22,Rejected,medium,True,True,6625.02,301.14,material_for_production
4219,38,Rejected,medium,False,True,1651.53,43.46,other
4220,32,Rejected,medium,True,True,6903.74,215.74,material_for_production
4221,34,Rejected,high,False,True,5096.87,149.91,material_for_production
4222,23,Approved,high,True,True,4981.31,216.58,material_for_production
4223,29,Approved,medium,False,False,3916.73,135.06,material_for_production
4224,21,Approved,high,True,True,4596.73,218.89,material_for_production
4225,9,Rejected,medium,True,False,5872.53,652.5,material_for_production
4226,12,Approved,high,True,False,5952.5,496.04,other
4227,15,Approved,high,False,True,4176.9,278.46,material_for_production
4228,13,Approved,low,True,True,3591.02,276.23,other
4229,10,Rejected,medium,False,True,5803.28,580.33,material_for_production
4230,21,Approved,high,True,False,4440.31,211.44,office_equipment
4231,28,Approved,high,True,True,3252.14,116.15,material_for_production
4232,17,Approved,medium,True,True,4767.49,280.44,material_for_production
4233,21,Rejected,medium,False,False,5203.44,247.78,material_for_production
4234,22,Approved,medium,True,True,2321.25,105.51,office_equipment
4235,32,Rejected,low,True,True,2373.72,74.18,material_for_production
4236,39,Rejected,low,False,True,5211.42,133.63,other
4237,40,Rejected,low,True,False,5328.48,133.21,office_equipment
4238,37,Approved,low,True,True,3423.17,92.52,office_equipment
4239,39,Rejected,low,False,True,4331.56,111.07,material_for_production
4240,19,Rejected,high,False,False,4375.49,230.29,other
4241,20,Rejected,medium,False,False,4716.8,235.84,material_for_production
4242,32,Rejected,medium,False,False,6407.87,200.25,other
4243,13,Rejected,medium,False,True,1830.98,140.84,office_equipment
4244,17,Approved,high,True,True,6087.28,358.08,material_for_production
4245,19,Approved,medium,True,False,1802.65,94.88,office_equipment
4246,23,Rejected,medium,True,False,6398.75,278.21,material_for_production
4247,36,Rejected,medium,True,True,2419.55,67.21,other
4248,14,Approved,medium,False,True,1918.2,137.01,office_equipment
4249,20,Approved,medium,True,True,3801.76,190.09,office_equipment
4250,18,Approved,medium,False,False,6928.51,384.92,material_for_production
4251,26,Rejected,high,False,True,3978.06,153.0,other
4252,28,Approved,medium,False,True,2112.03,75.43,material_for_production
4253,31,Approved,high,True,True,6520.95,210.35,other
4254,39,Approved,medium,True,False,1725.34,44.24,material_for_production
4255,33,Approved,medium,True,True,6078.68,184.2,office_equipment
4256,35,Rejected,high,True,True,4192.12,119.77,office_equipment
4257,36,Approved,low,False,True,5708.86,158.58,material_for_production
4258,32,Approved,medium,True,True,1505.72,47.05,office_equipment
4259,21,Rejected,medium,False,True,5859.12,279.01,material_for_production
4260,20,Approved,medium,True,True,2923.97,146.2,material_for_production
4261,38,Rejected,medium,False,True,1717.04,45.19,other
4262,13,Approved,low,False,True,6959.36,535.34,material_for_production
4263,29,Rejected,high,False,False,4813.83,165.99,material_for_production
4264,16,Rejected,medium,True,True,5210.06,325.63,material_for_production
4265,18,Rejected,low,True,True,5218.39,289.91,material_for_production
4266,27,Rejected,low,False,False,2178.16,80.67,other
4267,36,Approved,high,False,True,5113.6,142.04,other
4268,24,Rejected,medium,True,False,6798.38,283.27,material_for_production
4269,33,Approved,low,False,True,4492.23,136.13,office_equipment
4270,39,Approved,high,True,True,5748.77,147.4,material_for_production
4271,29,Rejected,medium,True,False,3098.81,106.86,material_for_production
4272,28,Approved,low,False,True,1756.35,62.73,other
4273,35,Approved,medium,True,True,1671.5,47.76,office_equipment
4274,23,Approved,medium,True,True,3188.09,138.61,material_for_production
4275,9,Approved,medium,True,False,3576.29,397.37,material_for_production
4276,25,Rejected,medium,True,True,5613.24,224.53,other
4277,21,Approved,medium,True,True,3955.15,188.34,material_for_production
4278,36,Rejected,high,True,True,5031.75,139.77,office_equipment
4279,39,Rejected,medium,True,False,5326.44,136.58,material_for_production
4280,12,Approved,high,False,True,5904.31,492.03,office_equipment
4281,14,Rejected,medium,False,True,6715.76,479.7,office_equipment
4282,20,Rejected,medium,False,True,6486.38,324.32,other
4283,11,Rejected,low,True,False,3590.64,326.42,material_for_production
4284,31,Rejected,high,False,False,2014.62,64.99,office_equipment
4285,9,Approved,medium,False,True,5225.87,580.65,other
4286,25,Approved,high,True,True,1954.95,78.2,material_for_production
4287,7,Approved,medium,True,True,6275.43,896.49,material_for_production
4288,14,Approved,high,False,True,3172.13,226.58,material_for_production
4289,15,Approved,low,False,True,6941.19,462.75,office_equipment
4290,34,Rejected,medium,True,True,5079.9,149.41,material_for_production
4291,17,Rejected,medium,False,False,6524.59,383.8,other
4292,8,Approved,medium,True,True,3109.52,388.69,material_for_production
4293,37,Rejected,high,False,True,1751.82,47.35,office_equipment
4294,13,Approved,high,True,True,2686.35,206.64,material_for_production
4295,12,Approved,medium,False,True,6607.57,550.63,material_for_production
4296,7,Approved,low,True,True,6279.49,897.07,material_for_production
4297,27,Approved,medium,False,True,1838.92,68.11,office_equipment
4298,29,Approved,medium,False,True,5327.73,183.71,material_for_production
4299,6,Rejected,medium,True,True,1885.7,314.28,office_equipment
4300,14,Rejected,medium,False,True,3663.47,261.68,office_equipment
4301,33,Approved,medium,True,True,5590.99,169.42,office_equipment
4302,19,Approved,medium,False,True,4341.66,228.51,material_for_production
4303,7,Rejected,medium,True,True,6463.76,923.39,material_for_production
4304,7,Rejected,medium,False,True,6699.16,957.02,office_equipment
4305,15,Rejected,medium,True,True,2193.51,146.23,other
4306,13,Rejected,medium,True,True,5687.91,437.53,material_for_production
4307,18,Approved,high,False,False,2474.94,137.5,office_equipment
4308,28,Rejected,low,False,True,4503.22,160.83,office_equipment
4309,10,Approved,medium,False,True,5751.29,575.13,material_for_production
4310,29,Rejected,medium,False,False,3358.8,115.82,material_for_production
4311,39,Rejected,medium,False,True,5109.78,131.02,material_for_production
4312,34,Approved,high,False,False,3704.96,108.97,office_equipment
4313,9,Approved,medium,True,True,4153.0,461.44,material_for_production
4314,18,Approved,medium,False,True,4548.22,252.68,material_for_production
4315,15,Rejected,medium,False,True,3137.49,209.17,material_for_production
4316,21,Approved,medium,False,True,2934.49,139.74,material_for_production
4317,17,Rejected,medium,True,True,6657.94,391.64,other
4318,10,Approved,high,True,False,5749.44,574.94,office_equipment
4319,19,Rejected,medium,False,True,4107.73,216.2,office_equipment
4320,15,Rejected,medium,False,False,6054.04,403.6,other
4321,40,Rejected,low,True,True,5888.68,147.22,material_for_production
4322,11,Rejected,medium,True,True,3905.3,355.03,material_for_production
4323,14,Rejected,medium,True,True,1583.57,113.11,material_for_production
4324,38,Approved,high,True,False,3061.64,80.57,material_for_production
4325,25,Approved,medium,True,True,2946.51,117.86,office_equipment
4326,29,Rejected,high,False,True,5441.15,187.63,office_equipment
4327,31,Approved,medium,True,True,2700.77,87.12,material_for_production
4328,17,Approved,medium,False,False,2688.36,158.14,material_for_production
4329,17,Rejected,medium,False,False,6858.03,403.41,office_equipment
4330,27,Approved,high,True,True,2912.94,107.89,office_equipment
4331,28,Approved,high,True,True,6095.62,217.7,material_for_production
4332,17,Approved,medium,True,True,3943.14,231.95,material_for_production
4333,31,Rejected,medium,False,False,6375.56,205.66,material_for_production
4334,26,Approved,high,True,True,3821.92,147.0,other
4335,26,Rejected,high,True,True,6236.21,239.85,material_for_production
4336,13,Approved,low,True,True,3058.1,235.24,other
4337,13,Rejected,medium,False,True,3931.49,302.42,material_for_production
4338,29,Rejected,medium,False,True,2719.77,93.79,material_for_production
4339,15,Approved,medium,True,False,6606.06,440.4,material_for_production
4340,30,Approved,medium,True,True,6682.07,222.74,material_for_production
4341,31,Rejected,medium,True,False,6154.82,198.54,other
4342,18,Approved,medium,False,True,4865.57,270.31,material_for_production
4343,24,Approved,medium,True,True,4911.56,204.65,material_for_production
4344,16,Approved,low,False,True,6344.65,396.54,other
4345,37,Rejected,medium,False,True,4501.41,121.66,material_for_production
4346,10,Approved,medium,False,True,2925.82,292.58,material_for_production
4347,36,Approved,medium,True,False,5451.8,151.44,material_for_production
4348,24,Approved,medium,True,True,4704.75,196.03,material_for_production
4349,40,Approved,medium,True,False,3181.58,79.54,other
4350,6,Approved,medium,True,False,2347.96,391.33,material_for_production
4351,36,Rejected,medium,True,True,5518.36,153.29,material_for_production
4352,19,Approved,medium,False,True,2491.36,131.12,other
4353,18,Rejected,low,False,False,4507.03,250.39,office_equipment
4354,32,Rejected,high,True,True,3985.43,124.54,office_equipment
4355,19,Approved,medium,False,False,5247.55,276.19,material_for_production
4356,25,Approved,medium,False,True,4482.07,179.28,material_for_production
4357,22,Approved,high,True,False,6555.43,297.97,material_for_production
4358,5,Rejected,high,False,True,3919.85,783.97,material_for_production
4359,24,Rejected,medium,False,False,3380.99,140.87,other
4360,14,Approved,high,False,True,3865.85,276.13,material_for_production
4361,26,Rejected,medium,True,True,3957.5,152.21,office_equipment
4362,20,Rejected,high,False,True,3467.11,173.36,office_equipment
4363,20,Approved,medium,False,False,2179.41,108.97,material_for_production
4364,36,Approved,medium,True,True,2771.69,76.99,office_equipment
4365,25,Approved,medium,True,True,2119.46,84.78,office_equipment
4366,9,Approved,high,True,False,2684.63,298.29,office_equipment
4367,8,Approved,medium,True,True,3709.9,463.74,material_for_production
4368,13,Approved,high,True,True,1796.46,138.19,office_equipment
4369,18,Approved,medium,True,True,4321.27,240.07,other
4370,40,Approved,medium,True,True,2189.39,54.73,material_for_production
4371,17,Approved,medium,True,False,2125.68,125.04,material_for_production
4372,23,Approved,medium,True,True,3277.47,142.5,other
4373,5,Rejected,medium,False,True,3544.75,708.95,material_for_production
4374,10,Approved,medium,False,True,5971.56,597.16,material_for_production
4375,21,Approved,medium,False,True,6064.94,288.81,material_for_production
4376,27,Rejected,medium,False,True,4042.53,149.72,office_equipment
4377,29,Approved,medium,True,True,5367.88,185.1,material_for_production
4378,12,Rejected,medium,True,False,4985.04,415.42,office_equipment
4379,32,Rejected,low,True,False,2057.67,64.3,material_for_production
4380,5,Rejected,medium,True,False,2394.02,478.8,material_for_production
4381,5,Approved,high,True,True,6772.0,1354.4,material_for_production
4382,34,Approved,high,True,True,2233.6,65.69,office_equipment
4383,30,Rejected,low,True,False,1546.93,51.56,other
4384,33,Approved,high,False,True,1838.83,55.72,office_equipment
4385,39,Approved,low,True,True,6843.09,175.46,material_for_production
4386,5,Approved,medium,False,False,1969.51,393.9,material_for_production
4387,14,Approved,medium,True,True,6434.94,459.64,other
4388,36,Rejected,medium,True,True,4593.48,127.6,material_for_production
4389,40,Rejected,medium,True,True,2299.0,57.48,office_equipment
4390,21,Approved,medium,False,True,4727.55,225.12,material_for_production
4391,15,Approved,high,False,False,3498.96,233.26,material_for_production
4392,27,Approved,medium,True,True,5759.25,213.31,material_for_production
4393,20,Approved,medium,True,True,4285.36,214.27,other
4394,12,Approved,high,True,False,1725.69,143.81,material_for_production
4395,18,Approved,medium,True,True,2443.84,135.77,other
4396,5,Rejected,high,True,False,3807.24,761.45,office_equipment
4397,7,Approved,medium,True,True,5069.84,724.26,office_equipment
4398,9,Approved,medium,False,False,2463.35,273.71,material_for_production
4399,38,Approved,high,False,True,6361.66,167.41,material_for_production
4400,19,Rejected,medium,False,True,1735.29,91.33,material_for_production
4401,30,Rejected,high,False,False,2261.53,75.38,other
4402,36,Approved,low,True,True,1629.41,45.26,office_equipment
4403,37,Approved,medium,True,True,6975.26,188.52,office_equipment
4404,7,Rejected,medium,True,False,2255.62,322.23,office_equipment
4405,16,Approved,medium,False,False,3944.7,246.54,material_for_production
4406,22,Rejected,high,False,True,6185.24,281.15,office_equipment
4407,29,Approved,high,True,True,5538.18,190.97,material_for_production
4408,33,Approved,medium,False,True,6933.01,210.09,office_equipment
4409,24,Approved,medium,True,True,3888.4,162.02,material_for_production
4410,21,Rejected,high,True,True,3186.77,151.75,material_for_production
4411,29,Approved,high,True,True,6695.97,230.9,material_for_production
4412,34,Rejected,medium,True,True,2611.76,76.82,office_equipment
4413,39,Approved,medium,True,True,5549.29,142.29,other
4414,7,Approved,low,True,True,6637.08,948.15,office_equipment
4415,12,Rejected,high,False,True,3702.22,308.52,material_for_production
4416,5,Approved,medium,True,False,3050.98,610.2,material_for_production
4417,14,Approved,medium,False,True,1936.47,138.32,material_for_production
4418,10,Rejected,medium,True,False,1950.56,195.06,material_for_production
4419,8,Approved,medium,True,True,4797.27,599.66,material_for_production
4420,19,Approved,high,False,True,2657.69,139.88,office_equipment
4421,7,Approved,high,False,True,1502.55,214.65,material_for_production
4422,36,Approved,medium,True,True,4349.81,120.83,material_for_production
4423,38,Approved,high,True,True,3068.77,80.76,office_equipment
4424,7,Approved,medium,True,True,3349.57,478.51,material_for_production
4425,37,Approved,medium,False,True,6061.03,163.81,office_equipment
4426,11,Approved,medium,True,False,3995.5,363.23,material_for_production
4427,40,Approved,medium,True,False,6961.47,174.04,other
4428,11,Approved,medium,True,True,5337.32,485.21,office_equipment
4429,35,Rejected,medium,False,False,4433.96,126.68,material_for_production
4430,14,Rejected,medium,False,True,4541.33,324.38,material_for_production
4431,9,Approved,medium,True,False,6048.69,672.08,office_equipment
4432,35,Approved,low,False,True,4649.15,132.83,material_for_production
4433,5,Approved,medium,False,True,4709.7,941.94,office_equipment
4434,36,Approved,medium,True,False,2410.22,66.95,material_for_production
4435,12,Rejected,medium,True,True,6933.4,577.78,office_equipment
4436,11,Approved,medium,True,True,5235.9,475.99,other
4437,19,Approved,high,True,True,4353.24,229.12,office_equipment
4438,39,Rejected,medium,True,False,1645.43,42.19,other
4439,37,Rejected,high,False,False,4616.01,124.76,material_for_production
4440,12,Approved,medium,False,False,1690.59,140.88,material_for_production
4441,18,Approved,high,False,False,6919.49,384.42,material_for_production
4442,24,Approved,high,True,True,5825.86,242.74,material_for_production
4443,26,Approved,medium,True,True,2564.74,98.64,other
4444,11,Approved,medium,False,True,6579.26,598.11,office_equipment
4445,16,Approved,high,True,True,2791.1,174.44,office_equipment
4446,7,Rejected,medium,True,True,4684.37,669.2,material_for_production
4447,40,Rejected,high,True,True,3459.62,86.49,office_equipment
4448,35,Approved,high,True,True,2291.79,65.48,material_for_production
4449,38,Rejected,medium,False,True,4276.48,112.54,other
4450,7,Approved,high,True,False,2685.38,383.63,material_for_production
4451,33,Approved,medium,False,True,2049.45,62.1,material_for_production
4452,39,Approved,high,False,False,1647.53,42.24,material_for_production
4453,35,Approved,medium,True,True,6061.04,173.17,other
4454,37,Rejected,medium,True,True,5447.65,147.23,office_equipment
4455,7,Rejected,medium,True,True,6540.88,934.41,other
4456,10,Approved,medium,False,True,4585.28,458.53,material_for_production
4457,26,Rejected,medium,True,False,2746.12,105.62,material_for_production
4458,28,Rejected,medium,True,False,4913.08,175.47,office_equipment
4459,18,Rejected,high,True,False,3041.25,168.96,other
4460,18,Approved,medium,False,False,2165.83,120.32,material_for_production
4461,9,Rejected,high,False,True,2087.39,231.93,material_for_production
4462,25,Approved,medium,False,True,3540.4,141.62,other
4463,25,Rejected,medium,False,False,4046.68,161.87,office_equipment
4464,33,Approved,medium,False,True,6695.96,202.91,other
4465,39,Rejected,high,False,True,5782.04,148.26,material_for_production
4466,9,Approved,medium,True,False,4564.16,507.13,material_for_production
4467,18,Approved,high,True,True,4835.64,268.65,material_for_production
4468,30,Rejected,high,True,True,5495.88,183.2,other
4469,22,Rejected,medium,False,True,5365.25,243.88,material_for_production
4470,33,Rejected,medium,True,True,2928.02,88.73,office_equipment
4471,31,Rejected,medium,False,True,3757.27,121.2,material_for_production
4472,25,Approved,high,True,True,6177.67,247.11,material_for_production
4473,22,Approved,medium,True,True,1917.33,87.15,other
4474,7,Approved,medium,False,True,6453.25,921.89,office_equipment
4475,23,Rejected,low,False,True,3164.83,137.6,material_for_production
4476,8,Rejected,high,True,True,4923.59,615.45,material_for_production
4477,26,Approved,high,False,True,6825.03,262.5,other
4478,32,Rejected,medium,True,True,5000.81,156.28,material_for_production
4479,22,Rejected,low,False,True,5599.88,254.54,material_for_production
4480,16,Rejected,high,False,True,2455.62,153.48,office_equipment
4481,12,Approved,medium,True,True,6960.93,580.08,material_for_production
4482,34,Rejected,high,False,True,3914.31,115.13,office_equipment
4483,21,Rejected,medium,False,True,4618.44,219.93,material_for_production
4484,20,Approved,high,True,True,4386.42,219.32,material_for_production
4485,9,Rejected,medium,False,True,3520.81,391.2,office_equipment
4486,29,Approved,medium,False,True,5819.98,200.69,material_for_production
4487,11,Approved,high,False,False,4771.86,433.81,material_for_production
4488,27,Approved,medium,False,False,4417.53,163.61,material_for_production
4489,6,Rejected,high,False,True,2742.49,457.08,office_equipment
4490,27,Approved,high,False,False,1813.54,67.17,other
4491,33,Rejected,high,False,True,6751.5,204.59,office_equipment
4492,19,Approved,medium,False,True,3729.88,196.31,material_for_production
4493,30,Approved,medium,True,False,1890.07,63.0,office_equipment
4494,14,Approved,medium,False,True,2124.85,151.78,other
4495,30,Approved,high,True,False,6481.9,216.06,office_equipment
4496,26,Rejected,medium,True,True,1504.06,57.85,other
4497,17,Rejected,medium,False,True,5105.82,300.34,office_equipment
4498,31,Approved,medium,False,True,2801.8,90.38,other
4499,22,Approved,medium,True,True,3586.37,163.02,other
4500,27,Approved,high,True,True,3027.08,112.11,material_for_production
4501,37,Approved,high,False,True,2683.23,72.52,office_equipment
4502,29,Rejected,high,False,False,5447.63,187.85,office_equipment
4503,6,Rejected,high,True,True,5729.47,954.91,material_for_production
4504,27,Approved,high,False,True,5953.49,220.5,material_for_production
4505,35,Rejected,high,False,False,5452.83,155.8,office_equipment
4506,32,Approved,high,True,False,3462.4,108.2,office_equipment
4507,18,Approved,high,False,False,5252.66,291.81,material_for_production
4508,6,Approved,high,False,True,2468.64,411.44,material_for_production
4509,9,Approved,high,False,True,5286.27,587.36,material_for_production
4510,38,Rejected,high,True,True,3472.55,91.38,office_equipment
4511,14,Approved,low,True,True,6269.54,447.82,office_equipment
4512,29,Approved,high,True,True,6966.78,240.23,other
4513,20,Rejected,high,True,False,3667.22,183.36,other
4514,14,Approved,high,False,False,4785.03,341.79,office_equipment
4515,33,Approved,low,True,False,4664.19,141.34,material_for_production
4516,35,Approved,high,True,True,6356.8,181.62,office_equipment
4517,18,Rejected,medium,False,False,2533.72,140.76,other
4518,11,Approved,medium,False,False,2226.68,202.43,material_for_production
4519,18,Rejected,high,False,True,6935.49,385.31,material_for_production
4520,33,Rejected,medium,False,False,2363.93,71.63,other
4521,31,Rejected,medium,False,True,3160.1,101.94,other
4522,19,Rejected,low,False,True,2150.91,113.21,other
4523,26,Approved,high,True,True,6882.52,264.71,material_for_production
4524,34,Approved,high,True,False,5059.32,148.8,material_for_production
4525,17,Approved,medium,True,False,4450.53,261.8,material_for_production
4526,16,Approved,medium,False,False,4395.21,274.7,other
4527,34,Approved,high,False,True,4388.35,129.07,office_equipment
4528,12,Approved,medium,True,False,5625.86,468.82,material_for_production
4529,25,Rejected,high,False,True,5485.01,219.4,material_for_production
4530,30,Approved,low,True,True,2061.05,68.7,material_for_production
4531,32,Approved,medium,False,False,3868.53,120.89,material_for_production
4532,37,Rejected,high,False,True,2687.22,72.63,office_equipment
4533,20,Approved,medium,True,True,2343.53,117.18,office_equipment
4534,18,Rejected,low,True,True,2977.42,165.41,office_equipment
4535,38,Rejected,medium,True,False,6826.96,179.66,material_for_production
4536,13,Rejected,medium,False,True,6614.53,508.81,material_for_production
4537,19,Approved,high,False,True,2718.26,143.07,material_for_production
4538,20,Approved,medium,True,True,4854.15,242.71,material_for_production
4539,31,Approved,medium,True,True,3975.4,128.24,other
4540,35,Rejected,high,True,True,5399.79,154.28,office_equipment
4541,28,Rejected,medium,False,True,5465.92,195.21,material_for_production
4542,16,Rejected,medium,True,False,6184.69,386.54,office_equipment
4543,7,Approved,medium,True,False,3373.37,481.91,office_equipment
4544,5,Approved,medium,True,True,6710.62,1342.12,material_for_production
4545,18,Approved,high,False,True,3154.01,175.22,office_equipment
4546,33,Approved,medium,True,False,4658.44,141.16,office_equipment
4547,20,Approved,medium,False,True,5666.83,283.34,material_for_production
4548,19,Approved,high,True,True,4927.59,259.35,other
4549,10,Approved,medium,False,True,2647.79,264.78,material_for_production
4550,34,Approved,low,True,True,5226.95,153.73,office_equipment
4551,26,Approved,high,True,True,6184.85,237.88,material_for_production
4552,11,Approved,medium,True,True,2028.57,184.42,other
4553,26,Approved,high,True,True,6976.0,268.31,material_for_production
4554,6,Approved,medium,True,True,6493.88,1082.31,material_for_production
4555,40,Approved,medium,False,True,4316.37,107.91,office_equipment
4556,30,Approved,medium,False,False,5454.89,181.83,material_for_production
4557,40,Rejected,medium,False,True,3020.99,75.52,office_equipment
4558,23,Rejected,low,False,True,3390.05,147.39,office_equipment
4559,22,Approved,high,True,True,1777.61,80.8,material_for_production
4560,18,Rejected,medium,True,True,5588.99,310.5,other
4561,14,Approved,medium,True,False,4614.78,329.63,material_for_production
4562,27,Rejected,medium,True,True,5470.1,202.6,material_for_production
4563,26,Rejected,medium,False,False,2788.49,107.25,material_for_production
4564,21,Rejected,low,True,True,2900.53,138.12,material_for_production
4565,11,Approved,medium,False,True,2793.43,253.95,material_for_production
4566,34,Rejected,medium,False,False,1722.62,50.67,material_for_production
4567,37,Approved,medium,True,True,4342.2,117.36,material_for_production
4568,20,Approved,high,False,True,6535.48,326.77,other
4569,18,Approved,high,False,True,6107.63,339.31,material_for_production
4570,15,Approved,medium,True,True,1551.82,103.45,office_equipment
4571,26,Approved,high,True,False,5623.63,216.29,office_equipment
4572,37,Approved,medium,True,False,3962.68,107.1,office_equipment
4573,14,Rejected,medium,True,True,1620.17,115.73,other
4574,37,Approved,medium,False,True,3068.07,82.92,other
4575,10,Approved,high,True,False,6753.31,675.33,material_for_production
4576,25,Approved,medium,False,True,6547.12,261.88,material_for_production
4577,17,Approved,medium,True,True,1601.9,94.23,office_equipment
4578,15,Approved,high,True,True,3735.56,249.04,material_for_production
4579,19,Approved,medium,True,True,4016.85,211.41,other
4580,40,Approved,high,True,True,4779.33,119.48,material_for_production
4581,34,Approved,medium,True,True,6779.02,199.38,material_for_production
4582,30,Rejected,medium,False,True,3114.04,103.8,office_equipment
4583,19,Approved,medium,False,True,6207.75,326.72,office_equipment
4584,39,Approved,medium,True,True,3668.73,94.07,office_equipment
4585,26,Approved,medium,True,True,3085.96,118.69,office_equipment
4586,25,Approved,high,False,True,3119.69,124.79,material_for_production
4587,9,Approved,medium,True,False,6300.23,700.03,other
4588,18,Rejected,medium,False,True,3968.23,220.46,material_for_production
4589,36,Rejected,high,True,True,5849.34,162.48,material_for_production
4590,17,Rejected,medium,False,True,5103.39,300.2,material_for_production
4591,18,Rejected,medium,True,False,4759.19,264.4,office_equipment
4592,32,Approved,high,False,True,4171.65,130.36,material_for_production
4593,32,Approved,high,True,True,3048.98,95.28,other
4594,12,Rejected,medium,False,True,5661.5,471.79,material_for_production
4595,18,Approved,high,False,True,4047.28,224.85,material_for_production
4596,6,Approved,high,True,True,2064.24,344.04,material_for_production
4597,26,Rejected,high,True,True,3098.93,119.19,office_equipment
4598,35,Approved,medium,True,False,6188.81,176.82,material_for_production
4599,22,Approved,medium,False,True,2099.97,95.45,material_for_production
4600,5,Approved,medium,False,True,5746.9,1149.38,material_for_production
4601,17,Approved,high,False,False,6147.89,361.64,material_for_production
4602,11,Approved,medium,True,False,4805.34,436.85,material_for_production
4603,30,Rejected,medium,False,True,2197.02,73.23,other
4604,11,Approved,medium,True,False,4831.51,439.23,material_for_production
4605,36,Approved,medium,True,True,3532.69,98.13,office_equipment
4606,25,Approved,medium,False,True,2725.98,109.04,material_for_production
4607,22,Approved,medium,True,False,4873.95,221.54,office_equipment
4608,5,Approved,medium,True,True,2390.89,478.18,office_equipment
4609,22,Rejected,medium,True,False,5121.54,232.8,other
4610,6,Approved,low,True,False,6824.09,1137.35,material_for_production
4611,39,Approved,high,False,True,2652.44,68.01,other
4612,23,Approved,medium,True,True,6907.17,300.31,material_for_production
4613,31,Rejected,high,False,False,3213.7,103.67,material_for_production
4614,20,Approved,high,False,True,4678.53,233.93,material_for_production
4615,28,Approved,high,False,False,4549.75,162.49,office_equipment
4616,14,Approved,high,True,False,1904.42,136.03,material_for_production
4617,8,Approved,medium,True,False,6025.78,753.22,material_for_production
4618,36,Approved,high,False,True,2679.91,74.44,material_for_production
4619,6,Approved,high,True,True,2987.6,497.93,material_for_production
4620,11,Approved,medium,True,True,5777.47,525.22,other
4621,11,Rejected,medium,False,False,4665.81,424.16,material_for_production
4622,24,Rejected,medium,False,True,6457.43,269.06,office_equipment
4623,9,Rejected,medium,True,False,3515.45,390.61,office_equipment
4624,27,Approved,medium,False,False,2334.5,86.46,material_for_production
4625,16,Approved,medium,False,True,6739.79,421.24,material_for_production
4626,15,Rejected,medium,False,True,2370.45,158.03,office_equipment
4627,26,Rejected,medium,True,False,2280.79,87.72,office_equipment
4628,28,Approved,high,False,False,2928.55,104.59,other
4629,36,Rejected,medium,True,True,5813.79,161.49,material_for_production
4630,28,Rejected,high,False,True,5955.59,212.7,material_for_production
4631,40,Approved,medium,False,False,4560.92,114.02,material_for_production
4632,28,Rejected,medium,True,True,3248.08,116.0,material_for_production
4633,27,Rejected,medium,True,True,1801.02,66.7,material_for_production
4634,14,Rejected,high,True,True,1573.23,112.37,material_for_production
4635,10,Rejected,high,True,True,3415.93,341.59,material_for_production
4636,38,Rejected,high,False,False,3206.96,84.39,material_for_production
4637,5,Rejected,medium,True,False,5435.63,1087.13,other
4638,13,Approved,high,False,True,2301.72,177.06,material_for_production
4639,14,Approved,high,True,False,3169.58,226.4,office_equipment
4640,34,Approved,high,True,True,5863.15,172.45,office_equipment
4641,14,Approved,medium,False,True,4915.89,351.14,material_for_production
4642,18,Rejected,medium,False,True,6983.49,387.97,material_for_production
4643,22,Approved,high,False,True,6875.06,312.5,office_equipment
4644,25,Approved,medium,True,False,3624.07,144.96,material_for_production
4645,30,Rejected,medium,True,False,3883.56,129.45,office_equipment
4646,15,Rejected,medium,False,True,5655.59,377.04,material_for_production
4647,25,Approved,medium,False,True,2006.03,80.24,office_equipment
4648,7,Approved,medium,True,True,6563.55,937.65,other
4649,22,Rejected,low,True,True,6679.69,303.62,material_for_production
4650,38,Approved,medium,True,True,1956.23,51.48,material_for_production
4651,22,Rejected,medium,True,False,4489.26,204.06,other
4652,20,Approved,high,False,False,3736.61,186.83,other
4653,33,Rejected,high,False,True,1579.35,47.86,other
4654,23,Rejected,medium,False,True,6876.06,298.96,office_equipment
4655,40,Rejected,medium,True,True,2084.92,52.12,material_for_production
4656,25,Approved,medium,False,True,3209.53,128.38,material_for_production
4657,19,Approved,high,False,True,2208.29,116.23,office_equipment
4658,11,Rejected,medium,True,True,5458.12,496.19,material_for_production
4659,33,Rejected,high,False,False,6698.85,203.0,material_for_production
4660,13,Rejected,medium,False,False,2725.75,209.67,material_for_production
4661,13,Rejected,medium,True,False,6857.85,527.53,other
4662,31,Approved,low,True,True,4162.73,134.28,other
4663,24,Approved,medium,True,True,1573.34,65.56,material_for_production
4664,7,Rejected,medium,False,False,3185.37,455.05,office_equipment
4665,33,Rejected,medium,False,True,6318.35,191.47,office_equipment
4666,14,Approved,high,False,True,3348.94,239.21,material_for_production
4667,19,Approved,high,True,False,3921.47,206.39,office_equipment
4668,19,Rejected,high,False,False,4570.71,240.56,material_for_production
4669,24,Rejected,low,False,True,6601.93,275.08,material_for_production
4670,20,Approved,medium,True,False,5056.98,252.85,material_for_production
4671,36,Approved,medium,False,True,5316.05,147.67,material_for_production
4672,9,Rejected,low,False,False,4358.61,484.29,office_equipment
4673,22,Approved,high,True,True,4544.96,206.59,material_for_production
4674,19,Approved,medium,True,True,4156.85,218.78,material_for_production
4675,16,Rejected,medium,False,True,5908.51,369.28,material_for_production
4676,37,Approved,medium,True,False,4749.23,128.36,office_equipment
4677,10,Rejected,medium,False,True,5521.58,552.16,material_for_production
4678,30,Approved,medium,False,False,3877.5,129.25,office_equipment
4679,5,Approved,high,True,False,4872.25,974.45,material_for_production
4680,27,Approved,medium,True,True,4714.51,174.61,office_equipment
4681,28,Approved,medium,True,True,6853.88,244.78,office_equipment
4682,30,Rejected,medium,True,True,6647.39,221.58,material_for_production
4683,15,Approved,high,False,True,2704.64,180.31,material_for_production
4684,23,Approved,high,True,False,5047.66,219.46,material_for_production
4685,29,Rejected,high,False,True,3835.83,132.27,office_equipment
4686,40,Approved,medium,False,True,2933.43,73.34,material_for_production
4687,13,Approved,high,True,True,3832.27,294.79,other
4688,24,Approved,medium,True,True,3365.31,140.22,material_for_production
4689,6,Approved,high,False,True,3163.24,527.21,other
4690,32,Rejected,low,True,False,1740.06,54.38,material_for_production
4691,6,Approved,medium,False,True,4691.49,781.91,other
4692,37,Approved,high,False,True,5264.05,142.27,office_equipment
4693,23,Rejected,medium,True,True,5386.54,234.2,other
4694,38,Rejected,medium,True,False,6304.03,165.9,material_for_production
4695,21,Rejected,medium,False,True,2585.42,123.12,other
4696,24,Approved,low,False,True,5506.84,229.45,material_for_production
4697,24,Rejected,medium,False,True,2508.16,104.51,office_equipment
4698,38,Rejected,medium,False,True,5479.59,144.2,office_equipment
4699,32,Rejected,medium,False,True,2956.22,92.38,office_equipment
4700,27,Approved,medium,True,True,6279.2,232.56,other
4701,36,Approved,medium,False,True,3397.86,94.39,material_for_production
4702,13,Approved,medium,False,True,5381.96,414.0,other
4703,13,Rejected,low,False,True,2683.72,206.44,material_for_production
4704,31,Approved,medium,False,True,4870.78,157.12,material_for_production
4705,40,Rejected,medium,False,True,4654.67,116.37,material_for_production
4706,34,Approved,medium,True,True,1914.91,56.32,material_for_production
4707,12,Approved,medium,False,True,5396.48,449.71,material_for_production
4708,28,Approved,medium,False,True,4488.23,160.29,material_for_production
4709,16,Rejected,medium,True,False,2369.62,148.1,material_for_production
4710,23,Approved,low,False,True,6670.34,290.01,office_equipment
4711,12,Rejected,low,False,True,4495.28,374.61,material_for_production
4712,5,Approved,high,False,True,2396.58,479.32,material_for_production
4713,40,Approved,medium,True,True,5905.78,147.64,material_for_production
4714,34,Approved,high,True,True,4643.57,136.58,material_for_production
4715,38,Rejected,medium,False,True,5452.24,143.48,other
4716,36,Approved,medium,True,False,3586.37,99.62,office_equipment
4717,32,Rejected,low,False,True,3208.3,100.26,office_equipment
4718,16,Rejected,high,False,False,3827.49,239.22,material_for_production
4719,28,Approved,medium,True,True,5578.06,199.22,material_for_production
4720,37,Rejected,high,False,False,5684.55,153.64,material_for_production
4721,29,Rejected,medium,True,True,2361.84,81.44,other
4722,21,Rejected,high,False,True,1991.27,94.82,office_equipment
4723,16,Approved,high,False,True,5429.57,339.35,office_equipment
4724,25,Approved,medium,True,True,5532.08,221.28,material_for_production
4725,6,Rejected,medium,True,True,3305.34,550.89,other
4726,31,Approved,medium,True,True,4194.35,135.3,material_for_production
4727,9,Approved,medium,True,False,1731.49,192.39,office_equipment
4728,20,Approved,medium,True,True,4454.95,222.75,material_for_production
4729,23,Rejected,medium,False,True,5193.23,225.79,office_equipment
4730,19,Approved,high,False,False,4669.56,245.77,office_equipment
4731,22,Rejected,high,False,False,4670.04,212.27,material_for_production
4732,39,Rejected,high,False,True,5828.43,149.45,other
4733,30,Approved,medium,True,True,6205.72,206.86,material_for_production
4734,28,Approved,high,True,False,6923.85,247.28,material_for_production
4735,38,Approved,high,True,True,4310.44,113.43,material_for_production
4736,17,Approved,medium,False,False,2617.42,153.97,material_for_production
4737,7,Rejected,medium,True,True,5271.77,753.11,office_equipment
4738,12,Approved,medium,True,True,2447.18,203.93,material_for_production
4739,23,Rejected,high,True,True,5656.29,245.93,other
4740,14,Rejected,medium,False,False,5869.92,419.28,material_for_production
4741,32,Rejected,medium,True,True,2396.77,74.9,material_for_production
4742,19,Approved,medium,True,True,2600.84,136.89,office_equipment
4743,11,Rejected,medium,False,True,5758.1,523.46,other
4744,39,Approved,medium,False,True,4710.62,120.79,office_equipment
4745,14,Approved,medium,True,True,2048.05,146.29,material_for_production
4746,18,Rejected,low,False,True,5825.29,323.63,other
4747,5,Approved,high,True,True,6095.68,1219.14,material_for_production
4748,16,Rejected,medium,False,True,2046.62,127.91,office_equipment
4749,9,Approved,medium,True,False,4034.49,448.28,material_for_production
4750,39,Approved,high,True,False,5282.34,135.44,office_equipment
4751,24,Approved,medium,True,True,1949.57,81.23,other
4752,24,Approved,medium,True,False,2194.93,91.46,material_for_production
4753,28,Approved,medium,True,True,4116.42,147.02,material_for_production
4754,25,Approved,high,True,True,4301.03,172.04,office_equipment
4755,35,Approved,medium,False,True,4770.45,136.3,material_for_production
4756,31,Rejected,medium,False,False,3345.54,107.92,office_equipment
4757,40,Approved,medium,False,False,4735.93,118.4,office_equipment
4758,13,Approved,low,True,True,6800.34,523.1,material_for_production
4759,39,Approved,high,False,True,4815.94,123.49,other
4760,36,Rejected,high,True,True,6183.61,171.77,material_for_production
4761,23,Approved,medium,True,True,2360.65,102.64,other
4762,16,Rejected,medium,True,False,3490.41,218.15,other
4763,27,Approved,high,False,True,2703.03,100.11,material_for_production
4764,32,Rejected,medium,False,True,2935.4,91.73,office_equipment
4765,17,Rejected,medium,False,False,6222.3,366.02,office_equipment
4766,27,Approved,high,False,True,5596.52,207.28,other
4767,24,Approved,medium,True,True,2475.65,103.15,other
4768,24,Approved,high,False,True,4936.68,205.7,office_equipment
4769,17,Rejected,high,True,False,5257.85,309.29,material_for_production
4770,6,Approved,low,False,False,6284.93,1047.49,material_for_production
4771,34,Approved,medium,False,True,3894.92,114.56,material_for_production
4772,14,Rejected,high,True,True,5298.56,378.47,material_for_production
4773,18,Rejected,high,True,True,2187.41,121.52,material_for_production
4774,29,Rejected,high,True,True,2679.45,92.39,office_equipment
4775,13,Approved,medium,True,True,2786.0,214.31,office_equipment
4776,37,Approved,high,True,False,4493.22,121.44,office_equipment
4777,10,Rejected,high,True,True,5411.31,541.13,other
4778,18,Approved,high,True,True,5259.24,292.18,other
4779,19,Approved,medium,True,True,5018.39,264.13,office_equipment
4780,38,Approved,high,False,True,2220.23,58.43,material_for_production
4781,16,Rejected,medium,True,True,1983.43,123.96,material_for_production
4782,5,Rejected,medium,True,True,4547.89,909.58,office_equipment
4783,18,Rejected,medium,True,False,4666.87,259.27,other
4784,29,Approved,high,False,True,6328.45,218.22,material_for_production
4785,11,Rejected,medium,False,True,4358.92,396.27,office_equipment
4786,18,Rejected,medium,True,True,6235.98,346.44,material_for_production
4787,11,Approved,medium,True,True,3265.02,296.82,material_for_production
4788,7,Approved,high,False,False,4086.45,583.78,material_for_production
4789,10,Approved,medium,False,True,2818.61,281.86,office_equipment
4790,25,Rejected,high,False,False,5541.95,221.68,other
4791,29,Approved,medium,True,False,2336.76,80.58,office_equipment
4792,27,Rejected,medium,False,True,5058.92,187.37,office_equipment
4793,7,Rejected,medium,False,False,3007.36,429.62,other
4794,14,Rejected,medium,True,False,6900.79,492.91,other
4795,19,Rejected,high,True,True,6737.63,354.61,office_equipment
4796,15,Approved,medium,False,True,2883.09,192.21,office_equipment
4797,33,Approved,medium,False,False,6897.64,209.02,other
4798,40,Rejected,medium,True,True,3933.59,98.34,office_equipment
4799,14,Rejected,medium,True,True,5597.87,399.85,material_for_production
4800,33,Rejected,medium,False,False,6944.91,210.45,material_for_production
4801,21,Approved,medium,True,True,1973.77,93.99,office_equipment
4802,20,Approved,medium,False,False,2866.72,143.34,material_for_production
4803,32,Approved,medium,True,True,5874.34,183.57,material_for_production
4804,17,Approved,medium,True,False,4038.32,237.55,office_equipment
4805,35,Rejected,medium,True,True,4552.59,130.07,office_equipment
4806,35,Approved,high,True,True,2599.48,74.27,material_for_production
4807,38,Approved,medium,True,False,1774.22,46.69,office_equipment
4808,27,Approved,medium,True,True,4306.67,159.51,material_for_production
4809,15,Rejected,low,True,False,6444.72,429.65,office_equipment
4810,40,Rejected,high,True,True,1659.04,41.48,other
4811,13,Approved,high,True,True,1665.12,128.09,material_for_production
4812,13,Rejected,low,False,False,5094.4,391.88,material_for_production
4813,13,Approved,medium,True,True,2870.16,220.78,other
4814,25,Rejected,low,False,True,1728.22,69.13,other
4815,17,Rejected,high,False,False,3279.71,192.92,material_for_production
4816,23,Approved,high,False,False,4107.91,178.6,material_for_production
4817,31,Approved,high,True,True,4133.28,133.33,office_equipment
4818,25,Approved,medium,True,True,2837.04,113.48,material_for_production
4819,24,Approved,high,True,True,1973.24,82.22,material_for_production
4820,28,Approved,high,False,True,2553.45,91.19,other
4821,37,Rejected,medium,False,False,4494.56,121.47,other
4822,36,Rejected,medium,False,True,4547.91,126.33,office_equipment
4823,35,Approved,medium,True,True,5803.63,165.82,other
4824,10,Rejected,high,False,False,2716.44,271.64,office_equipment
4825,37,Rejected,medium,False,False,1515.33,40.95,office_equipment
4826,9,Rejected,medium,False,False,6091.8,676.87,office_equipment
4827,38,Rejected,medium,False,False,4711.79,123.99,material_for_production
4828,13,Rejected,medium,False,True,1707.83,131.37,material_for_production
4829,25,Approved,high,False,True,3979.64,159.19,material_for_production
4830,24,Rejected,high,False,True,2791.24,116.3,material_for_production
4831,26,Approved,high,True,True,5948.99,228.81,other
4832,19,Approved,medium,True,True,2757.72,145.14,material_for_production
4833,17,Rejected,medium,False,True,3529.37,207.61,material_for_production
4834,25,Rejected,low,False,False,3934.6,157.38,material_for_production
4835,35,Rejected,medium,False,False,6503.52,185.81,material_for_production
4836,13,Approved,medium,True,False,5078.88,390.68,office_equipment
4837,28,Approved,high,False,True,6646.68,237.38,material_for_production
4838,33,Rejected,medium,True,False,3386.41,102.62,other
4839,23,Rejected,low,False,True,3488.28,151.66,material_for_production
4840,24,Rejected,low,False,True,3501.75,145.91,material_for_production
4841,30,Rejected,low,True,True,2597.13,86.57,material_for_production
4842,29,Rejected,low,False,False,5847.94,201.65,other
4843,24,Approved,high,True,True,3455.76,143.99,material_for_production
4844,24,Rejected,medium,True,True,6077.89,253.25,material_for_production
4845,11,Rejected,medium,True,True,3317.05,301.55,material_for_production
4846,12,Approved,medium,False,True,5532.35,461.03,office_equipment
4847,24,Approved,medium,False,True,2748.12,114.5,office_equipment
4848,13,Rejected,medium,False,True,2079.49,159.96,office_equipment
4849,5,Approved,medium,True,True,4897.4,979.48,material_for_production
4850,23,Rejected,high,False,False,4196.03,182.44,office_equipment
4851,39,Approved,medium,True,True,3711.37,95.16,other
4852,25,Rejected,high,False,True,1547.24,61.89,other
4853,5,Approved,medium,False,True,3038.97,607.79,other
4854,33,Rejected,high,True,True,5483.03,166.15,material_for_production
4855,37,Approved,high,True,True,4273.49,115.5,material_for_production
4856,28,Approved,medium,True,True,5489.53,196.05,office_equipment
4857,8,Rejected,medium,True,True,6995.47,874.43,material_for_production
4858,11,Approved,medium,False,True,2245.92,204.17,material_for_production
4859,32,Rejected,medium,True,False,1518.43,47.45,material_for_production
4860,27,Rejected,medium,True,False,3214.78,119.07,other
4861,14,Rejected,medium,False,True,1545.3,110.38,material_for_production
4862,10,Rejected,medium,True,True,6427.13,642.71,material_for_production
4863,5,Approved,high,True,False,1539.12,307.82,material_for_production
4864,23,Approved,medium,False,True,5513.69,239.73,office_equipment
4865,17,Rejected,medium,True,True,1603.99,94.35,office_equipment
4866,13,Approved,high,False,False,3800.98,292.38,material_for_production
4867,35,Approved,low,False,True,3356.75,95.91,office_equipment
4868,38,Rejected,high,False,True,2657.34,69.93,office_equipment
4869,13,Approved,medium,False,False,6473.26,497.94,material_for_production
4870,30,Approved,high,False,True,1615.42,53.85,material_for_production
4871,27,Approved,high,False,True,3615.52,133.91,other
4872,13,Rejected,medium,True,False,2249.91,173.07,office_equipment
4873,33,Approved,medium,False,True,2601.35,78.83,other
4874,29,Rejected,medium,True,True,5392.64,185.95,office_equipment
4875,13,Rejected,low,False,False,4532.69,348.67,other
4876,36,Approved,medium,True,False,6836.73,189.91,material_for_production
4877,40,Approved,low,False,True,4309.43,107.74,office_equipment
4878,19,Approved,high,False,False,3936.73,207.2,material_for_production
4879,18,Approved,high,True,True,5615.18,311.95,other
4880,38,Approved,medium,True,True,4271.8,112.42,office_equipment
4881,19,Rejected,medium,False,True,3677.66,193.56,office_equipment
4882,11,Approved,medium,False,True,1734.31,157.66,material_for_production
4883,9,Rejected,low,True,True,3322.02,369.11,material_for_production
4884,38,Rejected,medium,False,False,6718.81,176.81,office_equipment
4885,15,Rejected,medium,True,True,6234.56,415.64,office_equipment
4886,11,Approved,high,True,True,1601.66,145.61,material_for_production
4887,6,Approved,high,False,True,2590.64,431.77,material_for_production
4888,22,Approved,medium,True,False,5119.46,232.7,office_equipment
4889,5,Approved,high,False,False,6483.69,1296.74,other
4890,21,Approved,medium,False,False,6245.46,297.4,office_equipment
4891,36,Approved,high,True,True,6520.38,181.12,office_equipment
4892,30,Approved,medium,False,False,2247.35,74.91,material_for_production
4893,8,Approved,medium,True,True,4796.31,599.54,material_for_production
4894,19,Rejected,low,False,False,5060.54,266.34,material_for_production
4895,22,Rejected,medium,False,True,4185.48,190.25,office_equipment
4896,29,Approved,medium,True,True,3507.26,120.94,office_equipment
4897,38,Rejected,high,False,False,5102.07,134.26,office_equipment
4898,32,Rejected,medium,True,True,4049.48,126.55,material_for_production
4899,24,Rejected,medium,False,True,4738.57,197.44,other
4900,24,Approved,high,True,True,6875.62,286.48,material_for_production
4901,33,Rejected,medium,False,True,3459.44,104.83,other
4902,13,Approved,medium,True,True,6455.31,496.56,material_for_production
4903,34,Approved,medium,False,True,2490.09,73.24,office_equipment
4904,15,Approved,medium,True,True,4284.41,285.63,material_for_production
4905,33,Rejected,low,True,True,2875.06,87.12,material_for_production
4906,7,Approved,high,True,True,6480.51,925.79,office_equipment
4907,18,Approved,high,True,True,3746.92,208.16,material_for_production
4908,19,Approved,medium,True,True,5678.21,298.85,office_equipment
4909,6,Rejected,medium,True,False,2736.83,456.14,material_for_production
4910,9,Rejected,medium,True,False,4816.87,535.21,other
4911,18,Rejected,high,True,False,4591.67,255.09,material_for_production
4912,19,Rejected,medium,True,False,3780.86,198.99,other
4913,22,Approved,medium,False,True,1918.35,87.2,other
4914,27,Approved,medium,False,True,2498.27,92.53,other
4915,22,Approved,low,False,True,2566.84,116.67,material_for_production
4916,21,Approved,low,False,True,4580.55,218.12,material_for_production
4917,25,Rejected,high,False,True,4026.36,161.05,office_equipment
4918,22,Rejected,medium,False,True,4231.96,192.36,material_for_production
4919,38,Approved,high,False,True,6321.02,166.34,material_for_production
4920,24,Approved,high,False,False,6457.53,269.06,material_for_production
4921,11,Approved,high,True,True,4395.14,399.56,material_for_production
4922,18,Approved,high,False,True,4404.56,244.7,material_for_production
4923,27,Approved,low,False,False,3056.26,113.19,office_equipment
4924,10,Approved,high,False,False,5167.42,516.74,material_for_production
4925,19,Rejected,medium,True,False,2494.5,131.29,material_for_production
4926,31,Rejected,high,False,False,2735.73,88.25,office_equipment
4927,30,Approved,high,True,True,6338.24,211.27,other
4928,37,Approved,low,True,True,3639.37,98.36,material_for_production
4929,38,Rejected,medium,True,True,6326.39,166.48,material_for_production
4930,27,Approved,high,False,True,2377.11,88.04,material_for_production
4931,30,Approved,high,True,True,3999.0,133.3,office_equipment
4932,32,Approved,medium,True,True,5893.49,184.17,material_for_production
4933,17,Approved,low,True,True,4496.31,264.49,office_equipment
4934,25,Approved,medium,True,True,4151.45,166.06,office_equipment
4935,36,Approved,medium,True,True,6423.71,178.44,material_for_production
4936,18,Approved,high,True,False,3345.37,185.85,material_for_production
4937,39,Rejected,medium,False,True,5909.17,151.52,material_for_production
4938,36,Approved,high,True,True,4603.92,127.89,other
4939,31,Approved,medium,True,False,3288.19,106.07,material_for_production
4940,33,Approved,medium,False,False,2628.52,79.65,material_for_production
4941,5,Rejected,medium,False,False,6363.87,1272.77,material_for_production
4942,33,Rejected,high,True,False,6587.87,199.63,office_equipment
4943,9,Approved,high,True,True,5413.58,601.51,other
4944,30,Approved,high,True,True,5094.46,169.82,material_for_production
4945,6,Approved,low,True,True,3131.07,521.85,office_equipment
4946,27,Rejected,high,False,False,2571.97,95.26,material_for_production
4947,25,Approved,medium,True,True,2899.04,115.96,other
4948,10,Approved,high,True,True,5045.64,504.56,other
4949,10,Approved,high,True,True,2558.98,255.9,material_for_production
4950,12,Rejected,high,True,True,4686.9,390.57,other
4951,33,Approved,medium,True,True,3588.95,108.76,material_for_production
4952,32,Rejected,high,True,True,6470.11,202.19,office_equipment
4953,26,Rejected,medium,True,True,2776.73,106.8,office_equipment
4954,11,Approved,high,True,False,4401.44,400.13,office_equipment
4955,33,Approved,medium,False,True,2816.83,85.36,office_equipment
4956,11,Rejected,medium,True,True,5272.59,479.33,material_for_production
4957,27,Rejected,medium,True,True,5227.02,193.59,material_for_production
4958,20,Rejected,medium,False,True,6502.59,325.13,other
4959,37,Approved,medium,True,True,2612.4,70.61,office_equipment
4960,36,Approved,high,True,True,2738.02,76.06,office_equipment
4961,25,Rejected,high,False,True,4077.78,163.11,material_for_production
4962,40,Approved,low,False,True,3374.41,84.36,material_for_production
4963,8,Rejected,high,True,True,1809.36,226.17,office_equipment
4964,27,Rejected,medium,True,True,3590.96,133.0,material_for_production
4965,39,Rejected,medium,True,True,4506.05,115.54,office_equipment
4966,28,Approved,medium,True,True,4806.86,171.67,material_for_production
4967,22,Rejected,low,False,True,3216.11,146.19,office_equipment
4968,40,Approved,high,False,True,4348.45,108.71,material_for_production
4969,17,Approved,medium,True,True,2428.94,142.88,material_for_production
4970,26,Approved,high,True,True,2448.18,94.16,material_for_production
4971,22,Rejected,high,False,False,4534.94,206.13,material_for_production
4972,38,Approved,high,True,True,3934.85,103.55,office_equipment
4973,16,Approved,medium,True,False,2543.54,158.97,material_for_production
4974,32,Approved,medium,True,True,4340.52,135.64,office_equipment
4975,30,Approved,medium,True,False,5044.23,168.14,material_for_production
4976,19,Approved,medium,True,True,2243.79,118.09,other
4977,13,Rejected,medium,False,True,1598.28,122.94,material_for_production
4978,26,Approved,high,True,True,6491.13,249.66,material_for_production
4979,36,Rejected,medium,True,True,6398.08,177.72,office_equipment
4980,39,Rejected,medium,False,True,4832.62,123.91,office_equipment
4981,24,Approved,high,True,True,1738.32,72.43,office_equipment
4982,22,Rejected,medium,True,False,5550.23,252.28,other
4983,19,Rejected,medium,False,True,5458.49,287.29,other
4984,39,Rejected,medium,False,True,2757.4,70.7,office_equipment
4985,19,Rejected,low,True,False,1667.02,87.74,office_equipment
4986,15,Approved,high,False,True,6397.25,426.48,other
4987,34,Approved,medium,False,True,3371.94,99.17,material_for_production
4988,17,Rejected,medium,False,True,5101.18,300.07,material_for_production
4989,29,Approved,medium,True,True,3599.02,124.1,other
4990,27,Approved,medium,False,True,2844.62,105.36,material_for_production
4991,6,Approved,medium,False,False,4639.52,773.25,other
4992,26,Approved,medium,False,True,6155.73,236.76,material_for_production
4993,34,Rejected,medium,True,True,5889.72,173.23,material_for_production
4994,7,Rejected,medium,False,True,6298.59,899.8,other
4995,22,Rejected,medium,False,True,4473.79,203.35,office_equipment
4996,40,Rejected,medium,False,True,5874.24,146.86,other
4997,14,Rejected,medium,True,False,2788.88,199.21,office_equipment
4998,40,Rejected,medium,False,True,6934.8,173.37,other
4999,19,Rejected,medium,True,True,6862.76,361.2,material_for_production
5000,35,Rejected,medium,False,False,2355.27,67.29,other
5001,36,Rejected,medium,False,True,5960.35,165.57,office_equipment
5002,29,Rejected,medium,True,True,6577.6,226.81,other
5003,18,Rejected,medium,True,False,5496.03,305.33,material_for_production
5004,19,Rejected,high,True,True,4738.94,249.42,other
5005,14,Approved,medium,True,True,4075.72,291.12,material_for_production
5006,23,Approved,high,True,True,6843.59,297.55,material_for_production
5007,27,Approved,medium,False,False,5221.25,193.38,material_for_production
5008,38,Rejected,medium,False,True,5415.41,142.51,material_for_production
5009,27,Approved,low,True,True,6172.59,228.61,material_for_production
5010,35,Rejected,medium,True,True,5906.23,168.75,office_equipment
5011,14,Approved,medium,True,True,2638.5,188.46,material_for_production
5012,29,Approved,low,False,True,3455.08,119.14,material_for_production
5013,37,Rejected,medium,False,True,2005.1,54.19,material_for_production
5014,35,Approved,medium,True,True,4554.32,130.12,office_equipment
5015,29,Approved,medium,False,True,6913.5,238.4,other
5016,21,Rejected,low,True,True,2790.76,132.89,other
5017,35,Approved,medium,True,False,1681.41,48.04,material_for_production
5018,19,Rejected,medium,False,True,1732.09,91.16,office_equipment
5019,19,Approved,medium,False,True,4909.14,258.38,office_equipment
5020,21,Approved,medium,False,True,2104.8,100.23,material_for_production
5021,35,Rejected,medium,False,True,5562.78,158.94,office_equipment
5022,34,Approved,medium,False,False,4690.91,137.97,office_equipment
5023,5,Approved,high,True,True,5258.35,1051.67,material_for_production
5024,10,Approved,medium,False,True,1531.28,153.13,material_for_production
5025,8,Approved,medium,True,True,4490.03,561.25,material_for_production
5026,38,Approved,medium,False,False,5980.67,157.39,material_for_production
5027,37,Rejected,medium,True,True,2777.27,75.06,material_for_production
5028,30,Rejected,medium,True,True,5397.97,179.93,other
5029,23,Rejected,medium,False,False,5987.04,260.31,material_for_production
5030,9,Approved,high,False,False,4645.87,516.21,material_for_production
5031,37,Rejected,high,True,True,6872.65,185.75,material_for_production
5032,31,Rejected,medium,False,True,1942.32,62.66,material_for_production
5033,25,Approved,high,True,True,3035.74,121.43,material_for_production
5034,12,Approved,medium,True,True,2486.26,207.19,office_equipment
5035,39,Approved,medium,False,False,6596.23,169.13,material_for_production
5036,34,Rejected,medium,True,True,1717.59,50.52,office_equipment
5037,16,Approved,high,True,True,6510.59,406.91,material_for_production
5038,6,Approved,medium,True,True,2225.13,370.86,material_for_production
5039,12,Approved,high,False,True,2521.71,210.14,material_for_production
5040,6,Approved,high,True,True,5650.12,941.69,material_for_production
5041,26,Approved,high,False,True,6734.51,259.02,other
5042,8,Approved,medium,False,False,4739.76,592.47,material_for_production
5043,31,Approved,medium,False,True,3700.33,119.37,material_for_production
5044,18,Rejected,high,False,False,5921.46,328.97,material_for_production
5045,26,Approved,medium,True,False,2088.33,80.32,office_equipment
5046,17,Approved,medium,False,True,6661.65,391.86,office_equipment
5047,17,Rejected,high,True,True,5093.28,299.6,other
5048,39,Approved,medium,True,False,3741.03,95.92,material_for_production
5049,38,Approved,high,True,True,4280.94,112.66,office_equipment
5050,29,Rejected,high,False,True,4714.99,162.59,material_for_production
5051,24,Approved,high,True,True,5654.43,235.6,material_for_production
5052,13,Rejected,high,True,False,6424.88,494.22,office_equipment
5053,12,Approved,low,False,False,6209.18,517.43,other
5054,40,Approved,medium,True,True,6683.99,167.1,material_for_production
5055,38,Approved,high,True,True,6468.98,170.24,material_for_production
5056,5,Rejected,medium,True,False,3058.6,611.72,office_equipment
5057,11,Rejected,medium,True,False,1521.2,138.29,other
5058,19,Approved,medium,True,True,4162.08,219.06,other
5059,8,Rejected,medium,False,True,6396.19,799.52,office_equipment
5060,40,Approved,medium,True,True,4930.63,123.27,material_for_production
5061,28,Approved,medium,False,True,4794.18,171.22,office_equipment
5062,9,Rejected,high,False,False,5981.72,664.64,other
5063,7,Rejected,low,False,True,4727.86,675.41,other
5064,6,Approved,medium,True,True,3654.5,609.08,office_equipment
5065,16,Approved,medium,True,True,6712.81,419.55,material_for_production
5066,35,Rejected,medium,False,False,2188.04,62.52,office_equipment
5067,38,Approved,high,True,True,3953.28,104.03,material_for_production
5068,28,Rejected,high,True,True,6037.81,215.64,material_for_production
5069,35,Rejected,high,False,False,4914.92,140.43,office_equipment
5070,9,Approved,high,False,False,4132.11,459.12,material_for_production
5071,36,Rejected,high,False,False,3405.32,94.59,material_for_production
5072,19,Rejected,medium,False,True,5015.83,263.99,office_equipment
5073,38,Rejected,high,True,True,2666.11,70.16,office_equipment
5074,18,Rejected,high,False,True,2909.78,161.65,office_equipment
5075,8,Approved,medium,True,True,5635.0,704.38,other
5076,17,Rejected,high,False,True,1736.67,102.16,office_equipment
5077,33,Rejected,medium,False,True,5447.03,165.06,office_equipment
5078,11,Rejected,medium,False,True,6428.0,584.36,material_for_production
5079,33,Approved,medium,False,True,2810.09,85.15,material_for_production
5080,24,Approved,medium,False,True,2577.02,107.38,material_for_production
5081,27,Approved,high,False,True,1694.27,62.75,other
5082,23,Approved,medium,True,True,3066.03,133.31,other
5083,10,Approved,high,False,True,1720.52,172.05,material_for_production
5084,27,Approved,medium,False,False,4124.6,152.76,material_for_production
5085,40,Approved,medium,False,True,6906.53,172.66,material_for_production
5086,27,Rejected,medium,False,False,5834.97,216.11,other
5087,10,Approved,medium,True,False,4617.35,461.74,material_for_production
5088,14,Rejected,medium,True,True,5626.42,401.89,material_for_production
5089,33,Rejected,medium,False,True,4349.31,131.8,other
5090,11,Approved,high,False,True,1862.08,169.28,material_for_production
5091,12,Rejected,high,False,True,2551.28,212.61,material_for_production
5092,25,Approved,high,False,True,2240.57,89.62,material_for_production
5093,39,Approved,high,True,True,1633.17,41.88,office_equipment
5094,9,Approved,high,True,True,4648.83,516.54,other
5095,11,Rejected,medium,False,False,5331.02,484.64,office_equipment
5096,25,Approved,medium,False,True,4887.76,195.51,office_equipment
5097,5,Rejected,high,False,True,4670.53,934.11,office_equipment
5098,5,Approved,medium,True,True,4688.22,937.64,office_equipment
5099,40,Approved,medium,False,True,5446.43,136.16,material_for_production
5100,8,Rejected,medium,True,False,6054.69,756.84,other
5101,35,Approved,high,True,True,4444.37,126.98,material_for_production
5102,40,Rejected,high,False,True,2782.45,69.56,office_equipment
5103,18,Approved,high,False,True,5578.76,309.93,office_equipment
5104,25,Rejected,low,True,False,3690.06,147.6,material_for_production
5105,38,Rejected,medium,True,True,4252.13,111.9,other
5106,19,Rejected,medium,True,False,6804.66,358.14,material_for_production
5107,34,Rejected,medium,False,False,5504.78,161.91,office_equipment
5108,13,Approved,high,False,True,4028.11,309.85,other
5109,36,Approved,high,False,False,3064.18,85.12,office_equipment
5110,30,Rejected,medium,False,False,4197.86,139.93,other
5111,33,Rejected,high,False,False,1547.3,46.89,material_for_production
5112,37,Rejected,high,False,False,6987.21,188.84,material_for_production
5113,6,Rejected,medium,True,True,2226.8,371.13,office_equipment
5114,36,Rejected,high,False,False,3190.38,88.62,office_equipment
5115,12,Rejected,medium,True,False,6785.01,565.42,other
5116,19,Rejected,medium,True,True,4611.97,242.74,office_equipment
5117,12,Rejected,low,False,True,4537.95,378.16,material_for_production
5118,20,Rejected,medium,False,True,6432.49,321.62,office_equipment
5119,7,Approved,medium,False,False,1641.84,234.55,other
5120,40,Approved,medium,True,True,6652.05,166.3,material_for_production
5121,5,Rejected,low,False,True,3863.19,772.64,office_equipment
5122,11,Rejected,medium,True,True,2470.35,224.58,office_equipment
5123,13,Approved,medium,True,True,2510.64,193.13,other
5124,13,Rejected,medium,True,False,1521.81,117.06,material_for_production
5125,16,Approved,low,True,False,1715.49,107.22,material_for_production
5126,8,Approved,medium,True,True,3702.84,462.86,other
5127,8,Rejected,medium,True,True,3171.69,396.46,material_for_production
5128,32,Approved,medium,False,True,4740.61,148.14,material_for_production
5129,27,Approved,high,True,True,5972.47,221.2,office_equipment
5130,34,Rejected,medium,False,False,5844.94,171.91,other
5131,6,Rejected,medium,False,False,4288.26,714.71,material_for_production
5132,29,Approved,high,True,True,5755.36,198.46,material_for_production
5133,23,Approved,medium,True,True,2340.89,101.78,material_for_production
5134,32,Approved,high,True,True,5825.22,182.04,material_for_production
5135,15,Rejected,medium,True,True,5944.08,396.27,other
5136,17,Rejected,medium,True,False,6680.72,392.98,material_for_production
5137,34,Rejected,high,True,True,5270.66,155.02,office_equipment
5138,14,Approved,high,True,True,4284.83,306.06,other
5139,16,Approved,high,True,True,2337.89,146.12,material_for_production
5140,19,Rejected,medium,False,True,2687.77,141.46,material_for_production
5141,34,Rejected,high,False,True,5867.27,172.57,material_for_production
5142,39,Rejected,medium,False,True,1826.55,46.83,other
5143,37,Approved,medium,True,True,1590.93,43.0,office_equipment
5144,22,Approved,medium,True,True,6134.55,278.84,other
5145,40,Approved,high,True,False,3107.31,77.68,material_for_production
5146,19,Approved,medium,True,True,6662.61,350.66,office_equipment
5147,28,Rejected,medium,False,False,2333.88,83.35,office_equipment
5148,11,Rejected,medium,True,False,5162.18,469.29,material_for_production
5149,38,Approved,medium,True,True,3965.56,104.36,material_for_production
5150,33,Approved,high,True,True,4977.79,150.84,material_for_production
5151,9,Approved,medium,True,True,1709.06,189.9,other
5152,13,Rejected,medium,False,False,2099.51,161.5,office_equipment
5153,32,Approved,high,False,True,3054.3,95.45,office_equipment
5154,25,Rejected,low,False,True,6995.9,279.84,other
5155,33,Approved,medium,False,True,5902.56,178.87,office_equipment
5156,21,Rejected,high,True,False,5613.28,267.3,office_equipment
5157,37,Approved,medium,True,True,1804.43,48.77,office_equipment
5158,18,Approved,medium,True,True,3848.54,213.81,other
5159,17,Rejected,high,True,True,2499.66,147.04,other
5160,11,Approved,medium,True,True,4425.63,402.33,material_for_production
5161,32,Rejected,medium,True,False,6807.95,212.75,material_for_production
5162,40,Approved,high,False,False,6203.36,155.08,material_for_production
5163,8,Approved,medium,True,True,5950.26,743.78,material_for_production
5164,35,Approved,high,False,True,2986.54,85.33,material_for_production
5165,9,Rejected,high,True,True,2494.76,277.2,other
5166,26,Approved,high,True,True,4328.0,166.46,material_for_production
5167,20,Approved,high,True,True,5688.09,284.4,office_equipment
5168,10,Approved,high,False,True,3587.99,358.8,material_for_production
5169,31,Rejected,high,True,True,2955.39,95.34,other
5170,30,Approved,medium,False,True,6361.13,212.04,other
5171,7,Approved,high,True,True,3602.4,514.63,office_equipment
5172,33,Approved,medium,True,True,1600.68,48.51,other
5173,37,Rejected,medium,False,True,2368.06,64.0,material_for_production
5174,20,Rejected,medium,True,False,6373.27,318.66,office_equipment
5175,12,Rejected,medium,True,False,4423.69,368.64,office_equipment
5176,5,Approved,medium,True,False,2494.79,498.96,material_for_production
5177,13,Approved,high,False,True,5022.1,386.32,material_for_production
5178,35,Rejected,high,False,True,4503.92,128.68,material_for_production
5179,40,Rejected,medium,False,False,4457.28,111.43,other
5180,23,Approved,high,False,True,2784.96,121.09,material_for_production
5181,34,Approved,medium,True,False,4267.33,125.51,other
5182,22,Rejected,low,False,False,5809.27,264.06,material_for_production
5183,32,Rejected,medium,False,False,5966.67,186.46,other
5184,36,Rejected,high,False,True,2536.45,70.46,other
5185,6,Rejected,high,False,True,2785.51,464.25,office_equipment
5186,20,Approved,medium,False,True,2875.98,143.8,other
5187,18,Approved,medium,False,True,2574.12,143.01,material_for_production
5188,33,Approved,medium,False,True,3508.75,106.33,office_equipment
5189,12,Rejected,medium,False,True,6701.98,558.5,office_equipment
5190,6,Rejected,medium,False,False,5847.9,974.65,material_for_production
5191,18,Rejected,medium,False,False,5751.23,319.51,material_for_production
5192,22,Rejected,medium,False,False,5117.99,232.64,office_equipment
5193,8,Rejected,high,True,False,5982.46,747.81,material_for_production
5194,28,Rejected,high,True,False,4022.73,143.67,material_for_production
5195,17,Approved,medium,False,True,2195.87,129.17,material_for_production
5196,34,Rejected,medium,True,True,2020.78,59.43,material_for_production
5197,40,Approved,medium,False,False,4831.28,120.78,material_for_production
5198,8,Rejected,medium,False,False,1922.58,240.32,material_for_production
5199,20,Approved,high,False,True,3457.95,172.9,material_for_production
5200,38,Rejected,low,True,True,2683.2,70.61,office_equipment
5201,11,Rejected,medium,False,True,4254.36,386.76,office_equipment
5202,20,Approved,low,True,True,4827.64,241.38,office_equipment
5203,19,Approved,low,False,True,3465.45,182.39,material_for_production
5204,34,Approved,high,True,True,6744.04,198.35,material_for_production
5205,30,Approved,medium,True,False,4139.67,137.99,other
5206,39,Rejected,medium,False,False,3236.52,82.99,office_equipment
5207,24,Approved,medium,True,False,3000.65,125.03,office_equipment
5208,5,Rejected,medium,False,True,5588.75,1117.75,office_equipment
5209,8,Approved,medium,False,True,6858.46,857.31,other
5210,7,Rejected,high,True,False,3781.14,540.16,material_for_production
5211,34,Rejected,medium,False,False,2446.8,71.96,material_for_production
5212,40,Approved,medium,False,True,3907.81,97.7,office_equipment
5213,31,Rejected,medium,False,False,2139.23,69.01,other
5214,10,Approved,low,False,True,4965.09,496.51,other
5215,19,Approved,medium,False,True,6826.82,359.31,material_for_production
5216,12,Approved,medium,False,False,3563.22,296.94,other
5217,21,Approved,high,True,True,4450.75,211.94,office_equipment
5218,23,Approved,medium,True,True,3360.64,146.11,office_equipment
5219,30,Rejected,high,True,True,5924.91,197.5,office_equipment
5220,22,Rejected,medium,True,True,2126.77,96.67,material_for_production
5221,20,Rejected,high,False,True,3346.08,167.3,office_equipment
5222,21,Approved,medium,True,True,2633.89,125.42,office_equipment
5223,37,Rejected,medium,False,True,6846.79,185.05,office_equipment
5224,14,Approved,medium,False,True,1997.28,142.66,material_for_production
5225,22,Rejected,high,True,True,2665.17,121.14,other
5226,6,Approved,medium,True,False,3302.22,550.37,office_equipment
5227,25,Rejected,medium,False,True,3623.5,144.94,material_for_production
5228,24,Rejected,high,False,True,4661.35,194.22,material_for_production
5229,32,Rejected,high,True,True,6280.66,196.27,material_for_production
5230,38,Approved,medium,False,True,4523.52,119.04,office_equipment
5231,17,Rejected,medium,False,True,5794.34,340.84,office_equipment
5232,25,Approved,medium,True,False,3466.46,138.66,material_for_production
5233,22,Approved,medium,True,True,3596.34,163.47,material_for_production
5234,28,Approved,medium,True,True,3010.9,107.53,material_for_production
5235,20,Approved,medium,False,True,4799.24,239.96,material_for_production
5236,15,Approved,medium,True,False,5845.0,389.67,material_for_production
5237,8,Approved,high,True,True,1767.92,220.99,office_equipment
5238,18,Approved,medium,False,True,1839.32,102.18,office_equipment
5239,9,Rejected,medium,True,True,6102.34,678.04,office_equipment
5240,13,Rejected,medium,False,True,2127.74,163.67,material_for_production
5241,39,Rejected,medium,True,False,4271.12,109.52,other
5242,17,Approved,medium,True,False,2456.66,144.51,material_for_production
5243,26,Approved,medium,True,True,1672.12,64.31,other
5244,31,Approved,high,True,False,6744.99,217.58,material_for_production
5245,32,Rejected,medium,True,False,3323.66,103.86,material_for_production
5246,20,Rejected,low,True,True,3852.31,192.62,material_for_production
5247,11,Approved,medium,False,True,4994.99,454.09,office_equipment
5248,5,Approved,high,True,True,6481.27,1296.25,material_for_production
5249,9,Rejected,medium,False,True,3289.32,365.48,office_equipment
5250,8,Rejected,medium,False,False,3206.23,400.78,other
5251,13,Rejected,medium,True,False,1764.09,135.7,material_for_production
5252,12,Rejected,medium,True,True,5041.52,420.13,material_for_production
5253,15,Rejected,medium,False,False,4360.04,290.67,material_for_production
5254,27,Approved,low,False,False,5192.11,192.3,office_equipment
5255,11,Approved,medium,False,True,1709.3,155.39,other
5256,23,Rejected,high,False,True,1538.11,66.87,material_for_production
5257,5,Approved,medium,True,True,6639.3,1327.86,material_for_production
5258,24,Approved,medium,True,True,1815.7,75.65,material_for_production
5259,38,Approved,medium,True,True,2238.98,58.92,material_for_production
5260,34,Approved,medium,True,True,4630.0,136.18,office_equipment
5261,20,Approved,low,False,True,1583.64,79.18,other
5262,37,Rejected,medium,True,True,5000.01,135.14,office_equipment
5263,17,Rejected,medium,False,False,1721.8,101.28,other
5264,22,Approved,high,False,True,2775.79,126.17,office_equipment
5265,40,Approved,low,True,True,3359.31,83.98,other
5266,30,Approved,medium,False,True,2730.69,91.02,other
5267,25,Approved,low,True,True,4755.83,190.23,material_for_production
5268,36,Rejected,medium,True,False,4328.37,120.23,material_for_production
5269,14,Rejected,high,True,False,3604.9,257.49,office_equipment
5270,36,Rejected,medium,True,True,5777.43,160.48,material_for_production
5271,39,Rejected,medium,True,False,4678.3,119.96,other
5272,37,Approved,high,True,False,4117.23,111.28,material_for_production
5273,33,Rejected,low,False,True,3871.06,117.3,office_equipment
5274,38,Rejected,medium,True,False,4866.32,128.06,material_for_production
5275,16,Approved,medium,False,True,4073.75,254.61,material_for_production
5276,20,Approved,medium,False,True,4002.89,200.14,material_for_production
5277,5,Approved,high,True,False,5450.98,1090.2,other
5278,14,Rejected,medium,False,True,6816.72,486.91,office_equipment
5279,35,Approved,high,False,False,2191.75,62.62,material_for_production
5280,33,Rejected,medium,False,False,3884.6,117.72,other
5281,7,Rejected,low,False,True,4488.24,641.18,office_equipment
5282,10,Rejected,medium,False,True,1737.59,173.76,material_for_production
5283,11,Approved,high,False,True,3668.95,333.54,other
5284,5,Rejected,high,False,True,5412.66,1082.53,other
5285,16,Approved,high,False,True,2004.39,125.27,office_equipment
5286,30,Rejected,medium,False,False,1722.57,57.42,office_equipment
5287,5,Approved,high,True,True,6167.03,1233.41,material_for_production
5288,33,Approved,medium,False,True,2911.15,88.22,office_equipment
5289,26,Rejected,medium,False,False,5766.57,221.79,office_equipment
5290,30,Rejected,medium,False,True,4691.29,156.38,other
5291,21,Rejected,high,True,False,6706.53,319.36,other
5292,5,Approved,medium,False,True,2927.48,585.5,other
5293,25,Rejected,medium,True,False,2194.45,87.78,office_equipment
5294,30,Approved,high,True,True,5104.75,170.16,office_equipment
5295,40,Rejected,medium,False,False,2957.32,73.93,material_for_production
5296,36,Approved,medium,False,True,2979.12,82.75,material_for_production
5297,20,Rejected,high,False,False,1856.9,92.84,material_for_production
5298,26,Approved,high,True,True,5917.33,227.59,material_for_production
5299,13,Approved,medium,False,True,5900.36,453.87,material_for_production
5300,32,Rejected,medium,True,False,5800.52,181.27,office_equipment
5301,12,Rejected,high,False,True,3226.63,268.89,material_for_production
5302,28,Approved,medium,False,False,1928.45,68.87,material_for_production
5303,22,Rejected,medium,False,False,5659.29,257.24,material_for_production
5304,32,Approved,medium,True,True,3104.73,97.02,material_for_production
5305,10,Rejected,medium,False,False,2845.45,284.54,material_for_production
5306,18,Rejected,high,True,True,1664.86,92.49,office_equipment
5307,33,Approved,medium,True,True,3755.26,113.8,material_for_production
5308,21,Approved,medium,False,False,2644.36,125.92,office_equipment
5309,14,Rejected,medium,False,False,3473.65,248.12,office_equipment
5310,27,Approved,medium,True,True,5713.72,211.62,other
5311,36,Rejected,medium,True,False,6873.25,190.92,other
5312,17,Approved,high,False,True,3495.9,205.64,material_for_production
5313,20,Approved,medium,False,True,1791.78,89.59,material_for_production
5314,33,Rejected,medium,True,False,5452.35,165.22,material_for_production
5315,9,Rejected,high,True,True,3436.14,381.79,office_equipment
5316,11,Approved,medium,False,False,5980.22,543.66,other
5317,38,Rejected,high,True,True,3219.16,84.71,office_equipment
5318,35,Rejected,medium,True,False,6443.75,184.11,office_equipment
5319,32,Approved,medium,True,True,6273.44,196.04,material_for_production
5320,17,Approved,low,True,False,6107.58,359.27,material_for_production
5321,9,Approved,medium,True,True,4125.63,458.4,material_for_production
5322,38,Approved,high,True,True,2170.36,57.11,material_for_production
5323,40,Rejected,medium,False,True,5187.75,129.69,other
5324,25,Approved,medium,False,True,3407.65,136.31,other
5325,5,Rejected,high,True,True,6079.71,1215.94,material_for_production
5326,35,Approved,medium,True,False,2003.62,57.25,other
5327,35,Rejected,medium,True,True,6458.25,184.52,other
5328,20,Rejected,medium,False,False,4086.67,204.33,office_equipment
5329,40,Approved,high,False,False,4372.79,109.32,material_for_production
5330,35,Approved,medium,True,True,6187.8,176.79,material_for_production
5331,35,Rejected,medium,False,True,6760.33,193.15,other
5332,37,Rejected,high,True,True,4950.68,133.8,office_equipment
5333,24,Approved,medium,True,True,1822.3,75.93,material_for_production
5334,14,Approved,high,True,False,3263.79,233.13,material_for_production
5335,37,Approved,medium,False,True,6586.39,178.01,material_for_production
5336,8,Approved,low,False,True,5397.65,674.71,material_for_production
5337,20,Rejected,medium,True,False,5111.49,255.57,material_for_production
5338,10,Rejected,medium,False,True,4097.31,409.73,material_for_production
5339,34,Rejected,medium,False,False,2837.36,83.45,material_for_production
5340,12,Rejected,medium,False,True,6183.09,515.26,material_for_production
5341,40,Rejected,high,False,True,6912.87,172.82,office_equipment
5342,32,Rejected,high,False,True,1911.05,59.72,office_equipment
5343,30,Approved,high,False,True,4732.93,157.76,material_for_production
5344,18,Approved,high,False,True,3729.52,207.2,material_for_production
5345,19,Rejected,high,True,True,2264.18,119.17,office_equipment
5346,31,Approved,medium,True,True,2201.37,71.01,material_for_production
5347,6,Approved,medium,False,True,6427.19,1071.2,material_for_production
5348,24,Approved,medium,True,True,2016.83,84.03,office_equipment
5349,35,Rejected,low,False,True,3224.61,92.13,material_for_production
5350,35,Rejected,medium,True,False,4847.26,138.49,material_for_production
5351,38,Approved,medium,False,False,5916.51,155.7,material_for_production
5352,15,Approved,low,False,True,6928.09,461.87,office_equipment
5353,5,Rejected,low,False,True,5824.66,1164.93,office_equipment
5354,40,Approved,medium,False,True,3553.01,88.83,material_for_production
5355,30,Rejected,medium,True,True,2841.42,94.71,other
5356,14,Approved,medium,False,True,5144.02,367.43,other
5357,37,Rejected,medium,True,False,4812.1,130.06,office_equipment
5358,25,Approved,high,True,False,5615.18,224.61,material_for_production
5359,18,Rejected,medium,False,True,5119.25,284.4,other
5360,14,Rejected,high,False,True,6681.11,477.22,material_for_production
5361,31,Approved,low,False,False,2435.98,78.58,other
5362,40,Rejected,low,False,False,5157.6,128.94,office_equipment
5363,12,Approved,medium,True,True,4062.01,338.5,material_for_production
5364,39,Approved,medium,False,True,3242.28,83.14,material_for_production
5365,20,Rejected,medium,True,False,1515.49,75.77,office_equipment
5366,5,Rejected,low,False,True,3375.07,675.01,office_equipment
5367,38,Approved,high,True,True,6567.84,172.84,material_for_production
5368,12,Approved,medium,True,True,1674.5,139.54,material_for_production
5369,30,Rejected,high,False,True,2484.56,82.82,other
5370,12,Rejected,medium,False,True,6731.7,560.98,other
5371,34,Approved,high,True,True,6196.39,182.25,material_for_production
5372,22,Approved,medium,True,True,6842.39,311.02,office_equipment
5373,12,Approved,medium,False,True,5821.58,485.13,material_for_production
5374,16,Rejected,medium,False,False,2296.45,143.53,other
5375,35,Rejected,high,False,False,3278.13,93.66,material_for_production
5376,21,Rejected,medium,False,True,5531.53,263.41,other
5377,32,Approved,medium,True,True,6906.31,215.82,office_equipment
5378,30,Approved,medium,False,True,4833.55,161.12,office_equipment
5379,33,Approved,high,True,False,3494.78,105.9,material_for_production
5380,10,Rejected,medium,False,True,1849.0,184.9,office_equipment
5381,26,Rejected,medium,False,True,3013.9,115.92,material_for_production
5382,18,Rejected,medium,True,True,6019.86,334.44,other
5383,26,Approved,medium,False,True,2143.14,82.43,material_for_production
5384,19,Approved,medium,True,True,6722.86,353.83,material_for_production
5385,25,Approved,medium,False,False,5452.86,218.11,material_for_production
5386,8,Rejected,low,False,False,6590.95,823.87,office_equipment
5387,39,Rejected,low,False,False,6236.43,159.91,office_equipment
5388,28,Approved,medium,True,False,5841.24,208.62,material_for_production
5389,36,Rejected,high,True,True,4220.04,117.22,material_for_production
5390,36,Rejected,high,True,True,3178.24,88.28,office_equipment
5391,40,Rejected,high,False,True,2648.92,66.22,material_for_production
5392,12,Approved,high,True,True,6838.46,569.87,office_equipment
5393,9,Approved,high,False,False,3202.8,355.87,material_for_production
5394,19,Approved,high,False,False,2269.57,119.45,material_for_production
5395,30,Approved,high,False,True,6340.51,211.35,material_for_production
5396,18,Rejected,low,True,True,5651.38,313.97,other
5397,13,Rejected,medium,False,True,4467.97,343.69,material_for_production
5398,13,Rejected,medium,True,False,1656.04,127.39,other
5399,23,Approved,medium,True,True,3207.71,139.47,material_for_production
5400,20,Approved,medium,True,False,1518.86,75.94,material_for_production
5401,18,Rejected,medium,True,True,3377.44,187.64,office_equipment
5402,12,Rejected,high,True,False,4839.46,403.29,material_for_production
5403,5,Rejected,medium,True,True,2632.86,526.57,material_for_production
5404,31,Approved,medium,True,True,3050.37,98.4,other
5405,15,Approved,low,True,True,6240.89,416.06,material_for_production
5406,37,Rejected,medium,False,True,5533.98,149.57,material_for_production
5407,16,Approved,high,True,True,2702.38,168.9,material_for_production
5408,19,Rejected,low,False,True,5100.6,268.45,office_equipment
5409,15,Rejected,medium,False,False,4631.67,308.78,other
5410,13,Approved,high,True,True,6287.13,483.63,material_for_production
5411,13,Rejected,high,False,True,2065.58,158.89,other
5412,39,Rejected,medium,False,True,3445.1,88.34,other
5413,37,Rejected,medium,False,False,3904.49,105.53,material_for_production
5414,33,Approved,medium,True,False,4616.75,139.9,material_for_production
5415,27,Approved,medium,False,True,4370.21,161.86,material_for_production
5416,8,Approved,medium,True,True,2883.31,360.41,other
5417,7,Approved,medium,True,True,6485.56,926.51,office_equipment
5418,17,Approved,medium,True,True,6571.8,386.58,material_for_production
5419,13,Rejected,high,False,True,5339.68,410.74,office_equipment
5420,37,Rejected,low,False,True,3987.24,107.76,other
5421,35,Rejected,high,False,True,3291.08,94.03,material_for_production
5422,9,Approved,high,False,True,5780.5,642.28,material_for_production
5423,28,Rejected,medium,False,True,2050.14,73.22,material_for_production
5424,20,Approved,medium,False,True,4892.37,244.62,material_for_production
5425,14,Rejected,medium,True,True,4561.07,325.79,other
5426,11,Approved,medium,True,False,2056.09,186.92,office_equipment
5427,20,Rejected,medium,False,False,2432.53,121.63,other
5428,36,Approved,high,False,True,5413.03,150.36,material_for_production
5429,24,Rejected,medium,True,True,6638.97,276.62,office_equipment
5430,40,Rejected,low,True,False,4070.85,101.77,office_equipment
5431,8,Approved,medium,False,True,5346.02,668.25,material_for_production
5432,15,Approved,medium,True,True,1557.18,103.81,office_equipment
5433,13,Approved,high,True,False,6905.79,531.21,office_equipment
5434,23,Rejected,low,False,False,5031.76,218.77,material_for_production
5435,28,Rejected,medium,False,True,5526.93,197.39,office_equipment
5436,18,Rejected,high,False,True,5159.33,286.63,office_equipment
5437,9,Approved,medium,True,True,5040.14,560.02,office_equipment
5438,15,Rejected,low,True,True,2677.81,178.52,office_equipment
5439,21,Rejected,high,False,True,1960.33,93.35,other
5440,39,Rejected,medium,True,False,1984.06,50.87,material_for_production
5441,18,Approved,medium,False,False,5003.91,278.0,material_for_production
5442,7,Rejected,medium,False,True,6868.57,981.22,material_for_production
5443,23,Approved,high,True,True,3981.9,173.13,material_for_production
5444,26,Approved,high,True,False,5796.69,222.95,other
5445,40,Rejected,medium,True,False,6636.08,165.9,material_for_production
5446,22,Approved,high,True,False,3430.25,155.92,material_for_production
5447,7,Approved,high,True,True,5294.85,756.41,other
5448,33,Approved,low,False,True,5174.2,156.79,other
5449,21,Rejected,low,False,False,6611.19,314.82,material_for_production
5450,20,Rejected,medium,False,True,6560.19,328.01,office_equipment
5451,29,Rejected,low,False,False,4419.07,152.38,other
5452,9,Rejected,high,False,False,6313.0,701.44,material_for_production
5453,22,Approved,low,True,True,2100.92,95.5,office_equipment
5454,34,Approved,low,False,True,2675.65,78.7,material_for_production
5455,9,Approved,high,True,True,5663.1,629.23,material_for_production
5456,26,Approved,medium,False,True,3006.44,115.63,other
5457,21,Approved,medium,False,True,3324.9,158.33,office_equipment
5458,7,Approved,medium,True,True,2651.78,378.83,other
5459,25,Approved,medium,False,True,2783.12,111.32,material_for_production
5460,16,Approved,medium,True,True,6685.8,417.86,material_for_production
5461,10,Rejected,medium,True,False,6636.61,663.66,material_for_production
5462,36,Approved,medium,True,True,2277.75,63.27,material_for_production
5463,20,Approved,medium,False,True,6466.16,323.31,material_for_production
5464,15,Rejected,high,False,True,6833.33,455.56,office_equipment
5465,6,Rejected,medium,False,False,2069.0,344.83,office_equipment
5466,13,Approved,medium,False,True,5870.46,451.57,other
5467,39,Approved,medium,True,True,3055.23,78.34,material_for_production
5468,22,Rejected,medium,False,True,6006.61,273.03,office_equipment
5469,15,Rejected,high,True,False,2921.59,194.77,office_equipment
5470,39,Approved,high,False,True,5676.85,145.56,material_for_production
5471,14,Approved,high,False,True,5374.02,383.86,material_for_production
5472,28,Approved,medium,False,True,1997.96,71.36,material_for_production
5473,40,Approved,low,False,True,5571.54,139.29,material_for_production
5474,33,Rejected,medium,False,True,6610.86,200.33,other
5475,35,Rejected,medium,False,False,5771.62,164.9,other
5476,38,Approved,medium,True,True,5785.9,152.26,material_for_production
5477,15,Rejected,low,True,True,6422.82,428.19,office_equipment
5478,21,Approved,medium,False,True,3603.02,171.57,office_equipment
5479,39,Approved,low,False,True,5219.45,133.83,material_for_production
5480,12,Rejected,low,False,True,5666.52,472.21,other
5481,34,Rejected,medium,True,False,2234.95,65.73,other
5482,31,Rejected,high,False,False,5335.16,172.1,material_for_production
5483,32,Approved,medium,True,True,3325.86,103.93,material_for_production
5484,34,Approved,medium,False,True,5879.58,172.93,material_for_production
5485,17,Rejected,medium,False,True,4591.74,270.1,material_for_production
5486,8,Approved,high,True,True,3049.44,381.18,material_for_production
5487,33,Approved,low,False,False,3766.76,114.14,other
5488,39,Approved,high,False,True,3271.13,83.88,other
5489,20,Approved,high,True,True,4583.57,229.18,material_for_production
5490,12,Rejected,medium,True,False,6779.86,564.99,material_for_production
5491,6,Approved,high,True,True,6114.62,1019.1,material_for_production
5492,22,Approved,medium,True,False,4564.69,207.49,material_for_production
5493,22,Approved,medium,True,True,4063.2,184.69,material_for_production
5494,14,Rejected,medium,False,True,6578.77,469.91,material_for_production
5495,35,Rejected,high,True,True,3785.37,108.15,material_for_production
5496,18,Rejected,high,True,False,3158.11,175.45,material_for_production
5497,18,Approved,medium,False,False,4458.76,247.71,material_for_production
5498,40,Rejected,medium,True,True,5295.92,132.4,office_equipment
5499,37,Approved,medium,True,True,3367.76,91.02,office_equipment
5500,39,Approved,medium,True,True,1969.01,50.49,other
5501,11,Approved,medium,False,False,3529.17,320.83,material_for_production
5502,40,Rejected,medium,True,False,5375.07,134.38,office_equipment
5503,22,Approved,high,True,True,4133.9,187.9,office_equipment
5504,20,Approved,medium,True,True,5831.02,291.55,office_equipment
5505,32,Approved,medium,True,True,5708.94,178.4,material_for_production
5506,25,Rejected,medium,False,True,2091.62,83.66,office_equipment
5507,32,Approved,medium,True,True,2203.37,68.86,office_equipment
5508,35,Approved,medium,True,True,4665.82,133.31,material_for_production
5509,10,Approved,high,False,False,5119.54,511.95,material_for_production
5510,10,Approved,high,False,True,4175.38,417.54,material_for_production
5511,13,Rejected,medium,True,True,5944.25,457.25,other
5512,39,Approved,medium,False,True,6353.64,162.91,office_equipment
5513,26,Rejected,high,True,True,6705.58,257.91,other
5514,9,Approved,medium,True,True,3535.18,392.8,material_for_production
5515,6,Approved,low,True,True,4267.97,711.33,material_for_production
5516,8,Rejected,medium,True,False,6525.36,815.67,office_equipment
5517,15,Approved,medium,True,True,3244.88,216.33,material_for_production
5518,17,Approved,medium,True,True,6463.99,380.23,office_equipment
5519,37,Rejected,high,False,True,6338.45,171.31,office_equipment
5520,33,Approved,high,True,True,4290.66,130.02,other
5521,24,Approved,medium,False,False,2598.02,108.25,material_for_production
5522,7,Approved,medium,True,False,4622.25,660.32,other
5523,18,Rejected,medium,False,False,2897.25,160.96,office_equipment
5524,27,Approved,medium,True,False,5123.48,189.76,other
5525,18,Rejected,high,False,True,3909.64,217.2,office_equipment
5526,25,Approved,medium,True,False,5672.69,226.91,office_equipment
5527,17,Approved,medium,False,True,4127.8,242.81,material_for_production
5528,6,Rejected,low,True,True,1797.51,299.58,material_for_production
5529,30,Approved,low,True,True,2494.71,83.16,material_for_production
5530,30,Approved,medium,True,True,5278.73,175.96,other
5531,35,Approved,medium,False,False,6405.99,183.03,material_for_production
5532,26,Approved,medium,False,True,6478.46,249.17,office_equipment
5533,25,Approved,medium,False,True,2476.36,99.05,material_for_production
5534,13,Rejected,high,False,False,2803.03,215.62,office_equipment
5535,38,Rejected,high,False,True,6877.53,180.99,other
5536,33,Rejected,medium,False,True,2536.17,76.85,other
5537,15,Approved,high,True,True,5852.95,390.2,other
5538,14,Rejected,medium,False,True,4173.85,298.13,material_for_production
5539,32,Rejected,medium,False,True,2337.13,73.04,office_equipment
5540,16,Rejected,medium,False,False,6812.47,425.78,material_for_production
5541,34,Approved,medium,True,True,2679.76,78.82,office_equipment
5542,14,Approved,medium,False,True,5654.15,403.87,material_for_production
5543,32,Approved,high,False,True,3243.68,101.36,material_for_production
5544,16,Rejected,medium,False,True,4812.71,300.79,other
5545,22,Approved,medium,True,False,5604.08,254.73,material_for_production
5546,39,Rejected,high,False,True,3073.37,78.8,office_equipment
5547,26,Approved,medium,False,True,1905.68,73.3,material_for_production
5548,7,Approved,high,False,True,2613.76,373.39,material_for_production
5549,35,Approved,medium,False,True,1861.96,53.2,office_equipment
5550,33,Rejected,high,False,True,6546.42,198.38,office_equipment
5551,14,Approved,medium,True,False,3575.85,255.42,office_equipment
5552,24,Approved,medium,True,True,6589.69,274.57,material_for_production
5553,37,Rejected,medium,False,True,6233.8,168.48,other
5554,26,Approved,medium,False,False,6958.84,267.65,material_for_production
5555,33,Rejected,medium,True,True,2722.55,82.5,material_for_production
5556,37,Approved,medium,False,False,3059.91,82.7,material_for_production
5557,28,Rejected,medium,False,True,5849.48,208.91,other
5558,11,Approved,medium,True,True,5673.91,515.81,office_equipment
5559,35,Approved,medium,False,True,1901.98,54.34,office_equipment
5560,11,Rejected,medium,True,True,6347.87,577.08,office_equipment
5561,24,Approved,medium,True,True,3310.29,137.93,office_equipment
5562,13,Rejected,medium,False,True,4238.21,326.02,office_equipment
5563,21,Rejected,high,True,True,4357.8,207.51,other
5564,22,Approved,medium,False,True,4081.62,185.53,office_equipment
5565,13,Approved,high,False,False,1999.48,153.81,office_equipment
5566,29,Approved,medium,False,False,2791.34,96.25,other
5567,7,Approved,high,True,True,4825.36,689.34,other
5568,33,Rejected,medium,True,True,3179.67,96.35,material_for_production
5569,20,Approved,medium,True,True,1589.12,79.46,material_for_production
5570,36,Approved,medium,False,True,2953.22,82.03,material_for_production
5571,33,Approved,high,False,False,5926.84,179.6,material_for_production
5572,38,Rejected,high,True,True,5768.65,151.81,material_for_production
5573,22,Approved,high,True,True,1914.57,87.03,material_for_production
5574,28,Approved,medium,False,True,2454.68,87.67,other
5575,34,Approved,high,True,True,6336.61,186.37,other
5576,28,Approved,high,False,True,4904.97,175.18,other
5577,8,Approved,medium,True,False,3940.47,492.56,material_for_production
5578,9,Rejected,high,False,False,5209.4,578.82,other
5579,35,Rejected,medium,True,True,3040.28,86.87,material_for_production
5580,20,Approved,high,True,True,6682.23,334.11,material_for_production
5581,18,Approved,medium,True,True,5420.68,301.15,other
5582,9,Approved,high,False,False,6882.64,764.74,office_equipment
5583,5,Rejected,medium,True,True,5121.1,1024.22,material_for_production
5584,19,Approved,low,True,False,2089.5,109.97,other
5585,6,Approved,high,True,True,4892.98,815.5,office_equipment
5586,24,Approved,high,True,True,2561.73,106.74,material_for_production
5587,40,Rejected,high,False,True,6760.3,169.01,office_equipment
5588,34,Approved,high,True,True,4635.56,136.34,material_for_production
5589,25,Approved,high,True,True,6289.17,251.57,material_for_production
5590,10,Rejected,low,True,True,4898.25,489.82,material_for_production
5591,40,Rejected,medium,False,True,4870.27,121.76,other
5592,33,Rejected,medium,False,True,3077.72,93.26,material_for_production
5593,19,Approved,medium,True,True,6891.13,362.69,material_for_production
5594,32,Rejected,high,False,False,6685.26,208.91,material_for_production
5595,38,Rejected,medium,False,True,6574.66,173.02,material_for_production
5596,16,Rejected,medium,False,True,3128.15,195.51,material_for_production
5597,39,Approved,medium,False,False,2263.02,58.03,material_for_production
5598,38,Approved,medium,True,False,4834.09,127.21,material_for_production
5599,9,Rejected,high,False,False,5867.54,651.95,material_for_production
5600,36,Rejected,high,False,False,6950.57,193.07,other
5601,13,Rejected,medium,False,True,5813.82,447.22,material_for_production
5602,11,Rejected,low,False,True,5479.81,498.16,office_equipment
5603,35,Rejected,medium,True,True,6111.34,174.61,material_for_production
5604,39,Approved,high,False,True,6405.91,164.25,other
5605,13,Approved,medium,True,True,1508.48,116.04,material_for_production
5606,32,Approved,medium,False,True,2084.54,65.14,other
5607,26,Rejected,high,False,True,1869.47,71.9,other
5608,10,Approved,high,True,True,2478.84,247.88,other
5609,21,Approved,medium,False,True,3011.06,143.38,material_for_production
5610,18,Approved,medium,True,False,4100.38,227.8,office_equipment
5611,27,Approved,medium,False,True,6978.52,258.46,material_for_production
5612,32,Rejected,medium,False,True,6034.82,188.59,material_for_production
5613,36,Approved,high,True,False,3975.75,110.44,material_for_production
5614,20,Approved,high,False,True,2596.17,129.81,office_equipment
5615,18,Approved,low,False,True,3240.71,180.04,office_equipment
5616,7,Rejected,medium,False,False,4762.93,680.42,material_for_production
5617,19,Approved,medium,True,True,2240.4,117.92,office_equipment
5618,24,Approved,medium,False,True,3947.22,164.47,material_for_production
5619,24,Approved,high,True,True,5174.21,215.59,material_for_production
5620,33,Rejected,low,True,True,4984.7,151.05,other
5621,37,Approved,medium,False,True,3934.9,106.35,other
5622,31,Rejected,medium,True,False,2958.83,95.45,office_equipment
5623,5,Rejected,medium,False,False,4055.05,811.01,office_equipment
5624,34,Approved,low,True,False,5014.8,147.49,material_for_production
5625,27,Rejected,medium,True,True,2709.66,100.36,other
5626,9,Rejected,low,True,False,4938.53,548.73,office_equipment
5627,7,Approved,medium,True,True,5462.72,780.39,material_for_production
5628,40,Approved,medium,True,True,3235.11,80.88,material_for_production
5629,16,Rejected,low,True,True,4460.42,278.78,other
5630,21,Rejected,medium,False,True,3365.7,160.27,office_equipment
5631,20,Approved,high,True,True,5551.82,277.59,material_for_production
5632,11,Approved,medium,False,False,4726.78,429.71,material_for_production
5633,16,Rejected,medium,True,True,6376.14,398.51,other
5634,31,Approved,medium,True,False,2895.83,93.41,material_for_production
5635,40,Approved,medium,False,True,5142.58,128.56,material_for_production
5636,32,Rejected,high,False,True,2561.26,80.04,office_equipment
5637,35,Rejected,high,True,True,5287.04,151.06,other
5638,16,Approved,high,True,True,2370.56,148.16,material_for_production
5639,19,Approved,medium,True,True,2588.24,136.22,material_for_production
5640,26,Rejected,high,True,True,2636.3,101.4,material_for_production
5641,8,Approved,medium,True,True,6536.66,817.08,material_for_production
5642,25,Approved,medium,True,True,6659.03,266.36,material_for_production
5643,27,Approved,medium,True,True,2659.84,98.51,office_equipment
5644,31,Rejected,medium,True,True,6992.87,225.58,other
5645,21,Approved,medium,False,False,1843.23,87.77,material_for_production
5646,38,Approved,medium,False,True,2507.76,65.99,office_equipment
5647,36,Rejected,medium,False,True,4059.62,112.77,other
5648,17,Rejected,high,True,True,6422.66,377.8,other
5649,34,Rejected,medium,True,False,6901.67,202.99,other
5650,26,Approved,medium,False,True,6165.02,237.12,office_equipment
5651,39,Rejected,medium,True,False,6534.25,167.54,office_equipment
5652,14,Approved,medium,True,False,2844.43,203.17,other
5653,11,Approved,medium,False,True,3298.82,299.89,material_for_production
5654,25,Rejected,high,False,True,2995.55,119.82,office_equipment
5655,10,Approved,medium,False,True,2116.89,211.69,office_equipment
5656,13,Approved,high,True,False,3165.47,243.5,material_for_production
5657,7,Rejected,medium,True,True,6226.18,889.45,material_for_production
5658,24,Rejected,medium,True,True,6606.83,275.28,material_for_production
5659,13,Rejected,medium,True,False,3598.63,276.82,office_equipment
5660,19,Rejected,low,False,True,6608.75,347.83,office_equipment
5661,8,Approved,medium,False,True,3933.31,491.66,material_for_production
5662,31,Rejected,medium,True,False,2926.47,94.4,office_equipment
5663,18,Rejected,high,True,False,3366.49,187.03,other
5664,7,Rejected,low,True,False,6265.36,895.05,office_equipment
5665,15,Rejected,low,False,False,5527.49,368.5,material_for_production
5666,14,Rejected,medium,True,True,5937.16,424.08,material_for_production
5667,5,Rejected,medium,False,False,1575.57,315.11,office_equipment
5668,32,Rejected,high,True,True,6561.16,205.04,material_for_production
5669,39,Approved,medium,True,True,2144.35,54.98,office_equipment
5670,33,Rejected,low,False,False,5194.65,157.41,other
5671,14,Rejected,medium,True,False,2392.01,170.86,office_equipment
5672,7,Approved,medium,True,True,3406.27,486.61,office_equipment
5673,9,Rejected,low,False,True,2124.13,236.01,material_for_production
5674,38,Approved,medium,True,True,1961.26,51.61,material_for_production
5675,17,Rejected,medium,True,False,2024.93,119.11,other
5676,37,Approved,medium,False,False,1860.89,50.29,other
5677,14,Approved,high,False,True,2349.83,167.84,material_for_production
5678,5,Approved,medium,True,False,1974.35,394.87,material_for_production
5679,8,Rejected,medium,False,False,1706.94,213.37,other
5680,27,Rejected,low,True,True,3475.35,128.72,material_for_production
5681,27,Approved,high,True,True,2381.59,88.21,material_for_production
5682,22,Approved,high,True,False,4879.7,221.8,material_for_production
5683,39,Rejected,medium,False,False,2693.78,69.07,office_equipment
5684,25,Approved,medium,False,True,1909.61,76.38,material_for_production
5685,37,Approved,medium,True,True,3401.42,91.93,office_equipment
5686,30,Approved,low,False,True,4657.64,155.25,office_equipment
5687,35,Rejected,medium,True,True,3072.83,87.8,material_for_production
5688,25,Rejected,medium,False,True,1901.41,76.06,material_for_production
5689,25,Rejected,high,True,True,1781.31,71.25,office_equipment
5690,35,Rejected,high,False,True,5832.75,166.65,material_for_production
5691,33,Rejected,medium,True,True,2024.05,61.33,office_equipment
5692,9,Approved,medium,False,True,2142.39,238.04,office_equipment
5693,16,Rejected,medium,True,True,1756.21,109.76,material_for_production
5694,39,Rejected,high,False,True,4378.38,112.27,material_for_production
5695,20,Rejected,medium,False,False,6643.94,332.2,other
5696,17,Approved,high,False,True,3086.84,181.58,material_for_production
5697,36,Rejected,low,False,False,2098.07,58.28,material_for_production
5698,38,Rejected,medium,True,False,2412.84,63.5,office_equipment
5699,18,Approved,medium,False,False,5607.21,311.51,material_for_production
5700,8,Approved,high,False,False,2206.54,275.82,office_equipment
5701,40,Rejected,high,False,False,2054.98,51.37,other
5702,30,Approved,medium,False,False,5724.09,190.8,other
5703,31,Approved,medium,True,False,2914.8,94.03,material_for_production
5704,18,Approved,low,False,True,5000.81,277.82,material_for_production
5705,12,Approved,high,False,True,3164.46,263.7,material_for_production
5706,25,Rejected,low,False,False,6083.54,243.34,material_for_production
5707,38,Rejected,medium,False,True,5989.68,157.62,other
5708,27,Approved,high,False,False,5051.9,187.11,office_equipment
5709,29,Approved,high,False,False,3264.83,112.58,material_for_production
5710,9,Approved,high,True,False,2747.0,305.22,material_for_production
5711,34,Rejected,medium,True,False,4144.32,121.89,material_for_production
5712,19,Approved,medium,False,True,1702.54,89.61,material_for_production
5713,17,Approved,medium,True,False,4834.85,284.4,office_equipment
5714,20,Approved,high,True,True,4656.68,232.83,material_for_production
5715,6,Rejected,high,False,True,2312.99,385.5,material_for_production
5716,32,Approved,high,True,True,1838.56,57.45,material_for_production
5717,33,Approved,medium,True,True,5239.34,158.77,material_for_production
5718,14,Rejected,medium,True,True,4391.27,313.66,office_equipment
5719,37,Approved,medium,True,False,2164.22,58.49,other
5720,28,Approved,high,True,True,5014.84,179.1,other
5721,27,Approved,medium,False,False,4022.2,148.97,material_for_production
5722,23,Rejected,low,True,True,6124.43,266.28,material_for_production
5723,7,Rejected,low,True,True,6944.85,992.12,material_for_production
5724,28,Approved,high,True,False,3179.8,113.56,material_for_production
5725,13,Approved,high,False,True,1616.05,124.31,material_for_production
5726,26,Rejected,low,False,False,3173.82,122.07,office_equipment
5727,26,Rejected,high,False,True,2167.68,83.37,material_for_production
5728,36,Approved,high,True,True,3288.2,91.34,material_for_production
5729,34,Approved,high,True,False,3381.57,99.46,material_for_production
5730,12,Approved,medium,True,True,4273.53,356.13,material_for_production
5731,22,Rejected,medium,False,True,4585.98,208.45,other
5732,19,Approved,high,True,True,2771.55,145.87,other
5733,36,Rejected,high,False,True,4893.28,135.92,material_for_production
5734,10,Rejected,low,False,True,5570.42,557.04,office_equipment
5735,31,Approved,medium,False,True,4971.36,160.37,office_equipment
5736,13,Rejected,medium,False,False,4153.09,319.47,other
5737,27,Rejected,low,False,False,5404.17,200.15,other
5738,35,Rejected,medium,True,False,3036.56,86.76,material_for_production
5739,37,Approved,medium,False,True,6466.43,174.77,other
5740,31,Approved,high,True,True,3322.76,107.19,material_for_production
5741,36,Approved,high,True,False,3253.55,90.38,material_for_production
5742,37,Rejected,medium,False,True,3054.75,82.56,other
5743,34,Rejected,medium,False,True,2240.15,65.89,office_equipment
5744,38,Rejected,medium,False,True,3102.35,81.64,material_for_production
5745,24,Approved,high,False,True,6704.96,279.37,material_for_production
5746,26,Rejected,low,True,True,6124.45,235.56,material_for_production
5747,19,Approved,medium,True,True,4298.76,226.25,office_equipment
5748,9,Approved,medium,True,True,4999.65,555.52,other
5749,36,Approved,high,True,False,4559.79,126.66,office_equipment
5750,26,Rejected,medium,True,False,2612.59,100.48,other
5751,11,Approved,high,False,True,5005.97,455.09,material_for_production
5752,16,Approved,medium,False,True,2431.23,151.95,material_for_production
5753,11,Approved,high,False,True,1980.09,180.01,material_for_production
5754,19,Rejected,medium,False,True,6525.41,343.44,other
5755,33,Rejected,medium,True,False,3742.27,113.4,other
5756,11,Approved,high,True,True,5132.13,466.56,other
5757,40,Approved,high,False,True,6565.95,164.15,material_for_production
5758,13,Approved,medium,True,True,2823.64,217.2,material_for_production
5759,26,Approved,medium,False,True,2188.99,84.19,material_for_production
5760,40,Approved,medium,False,True,2210.69,55.27,other
5761,40,Approved,medium,False,True,5111.84,127.8,office_equipment
5762,19,Approved,medium,False,True,5591.84,294.31,material_for_production
5763,17,Rejected,medium,True,True,5464.52,321.44,office_equipment
5764,5,Rejected,high,False,False,4914.2,982.84,material_for_production
5765,10,Approved,medium,False,True,3021.78,302.18,office_equipment
5766,38,Rejected,high,True,True,2368.29,62.32,other
5767,28,Approved,high,True,True,6151.25,219.69,other
5768,31,Approved,medium,True,False,2822.39,91.04,material_for_production
5769,17,Approved,medium,True,True,2270.33,133.55,office_equipment
5770,16,Rejected,medium,True,True,4445.7,277.86,office_equipment
5771,21,Rejected,medium,False,False,6255.91,297.9,material_for_production
5772,39,Approved,medium,True,True,4205.16,107.82,material_for_production
5773,25,Approved,high,False,True,2687.01,107.48,material_for_production
5774,23,Approved,high,True,True,3368.12,146.44,other
5775,7,Approved,medium,False,False,3605.6,515.09,material_for_production
5776,22,Rejected,medium,True,True,3068.55,139.48,material_for_production
5777,39,Rejected,medium,True,True,5643.69,144.71,material_for_production
5778,25,Rejected,low,True,False,5150.91,206.04,office_equipment
5779,40,Rejected,high,True,False,4427.01,110.68,office_equipment
5780,33,Rejected,medium,True,True,5988.28,181.46,material_for_production
5781,32,Approved,high,True,True,3519.69,109.99,material_for_production
5782,5,Rejected,low,False,True,5687.2,1137.44,other
5783,14,Rejected,medium,False,True,2270.48,162.18,material_for_production
5784,12,Rejected,high,False,False,5110.93,425.91,material_for_production
5785,13,Approved,high,True,True,6973.25,536.4,material_for_production
5786,38,Approved,high,False,True,2506.33,65.96,material_for_production
5787,11,Approved,high,True,True,6498.54,590.78,material_for_production
5788,15,Approved,medium,True,True,1995.67,133.04,office_equipment
5789,8,Approved,medium,True,True,4140.67,517.58,material_for_production
5790,12,Approved,high,True,True,3659.3,304.94,other
5791,37,Rejected,high,False,True,6599.08,178.35,material_for_production
5792,37,Approved,high,False,False,1994.97,53.92,material_for_production
5793,7,Approved,low,True,True,4498.83,642.69,material_for_production
5794,12,Rejected,medium,False,False,4589.88,382.49,material_for_production
5795,9,Approved,medium,True,True,5120.87,568.99,office_equipment
5796,18,Rejected,high,False,True,3102.75,172.38,material_for_production
5797,34,Approved,medium,True,True,5171.18,152.09,material_for_production
5798,21,Approved,medium,False,False,4541.21,216.25,office_equipment
5799,36,Approved,medium,False,True,2975.13,82.64,material_for_production
5800,35,Rejected,low,False,True,3825.37,109.3,other
5801,38,Approved,high,True,True,2161.26,56.88,material_for_production
5802,17,Rejected,high,False,True,4746.06,279.18,other
5803,27,Approved,medium,False,False,1856.13,68.75,office_equipment
5804,26,Rejected,medium,True,False,5646.16,217.16,other
5805,8,Approved,medium,False,False,4997.34,624.67,material_for_production
5806,5,Approved,medium,False,True,1900.85,380.17,material_for_production
5807,6,Rejected,medium,True,True,6824.25,1137.38,office_equipment
5808,19,Rejected,medium,False,False,5410.9,284.78,office_equipment
5809,6,Approved,high,False,True,6976.19,1162.7,office_equipment
5810,23,Approved,medium,True,False,5859.87,254.78,material_for_production
5811,19,Approved,medium,False,True,3042.43,160.13,material_for_production
5812,5,Approved,high,True,True,1749.92,349.98,other
5813,8,Approved,high,False,True,5178.39,647.3,material_for_production
5814,13,Rejected,medium,True,False,3488.2,268.32,material_for_production
5815,36,Rejected,medium,True,False,5924.49,164.57,office_equipment
5816,31,Approved,medium,False,True,5164.63,166.6,material_for_production
5817,36,Rejected,medium,True,False,3876.64,107.68,material_for_production
5818,10,Rejected,medium,False,False,5857.7,585.77,other
5819,32,Rejected,low,True,False,1675.62,52.36,material_for_production
5820,11,Rejected,medium,False,True,4261.93,387.45,material_for_production
5821,9,Approved,medium,False,True,5818.47,646.5,other
5822,22,Approved,medium,False,False,4826.15,219.37,other
5823,7,Rejected,high,False,False,1693.19,241.88,office_equipment
5824,18,Approved,high,False,False,4492.5,249.58,office_equipment
5825,31,Rejected,medium,False,False,6078.15,196.07,office_equipment
5826,35,Rejected,high,True,False,2123.24,60.66,material_for_production
5827,19,Approved,high,True,True,5410.77,284.78,material_for_production
5828,39,Rejected,medium,True,False,4384.1,112.41,other
5829,40,Rejected,low,True,True,2038.06,50.95,office_equipment
5830,23,Approved,high,True,True,2335.15,101.53,material_for_production
5831,34,Rejected,medium,False,True,3215.13,94.56,material_for_production
5832,29,Approved,high,True,True,1909.48,65.84,other
5833,18,Approved,high,True,True,6217.07,345.39,material_for_production
5834,10,Rejected,high,True,True,2492.22,249.22,other
5835,20,Approved,medium,True,True,2394.06,119.7,material_for_production
5836,5,Rejected,high,True,True,1809.49,361.9,material_for_production
5837,26,Rejected,high,False,True,2273.47,87.44,material_for_production
5838,36,Rejected,medium,False,False,3545.23,98.48,office_equipment
5839,11,Rejected,high,False,False,3853.99,350.36,office_equipment
5840,35,Rejected,medium,False,True,6457.37,184.5,material_for_production
5841,7,Approved,high,True,False,5982.77,854.68,office_equipment
5842,33,Rejected,high,False,True,2197.27,66.58,office_equipment
5843,32,Rejected,medium,True,True,4797.89,149.93,office_equipment
5844,32,Rejected,low,False,True,6813.21,212.91,office_equipment
5845,30,Rejected,high,False,True,2150.96,71.7,office_equipment
5846,21,Rejected,high,False,False,3432.59,163.46,material_for_production
5847,17,Approved,medium,True,True,4562.18,268.36,other
5848,32,Approved,medium,True,False,4007.69,125.24,material_for_production
5849,24,Approved,high,True,True,6768.35,282.01,material_for_production
5850,21,Rejected,low,False,True,2163.41,103.02,office_equipment
5851,9,Rejected,medium,False,True,5669.6,629.96,office_equipment
5852,16,Approved,medium,True,True,1721.73,107.61,material_for_production
5853,22,Approved,medium,False,True,6295.65,286.17,material_for_production
5854,28,Approved,low,True,True,5952.03,212.57,other
5855,36,Approved,medium,False,False,5279.53,146.65,material_for_production
5856,7,Approved,medium,False,True,4800.33,685.76,material_for_production
5857,10,Rejected,medium,True,False,6204.04,620.4,office_equipment
5858,21,Approved,high,True,True,4370.78,208.13,material_for_production
5859,40,Approved,medium,False,False,2801.11,70.03,material_for_production
5860,10,Approved,medium,True,True,3567.85,356.78,material_for_production
5861,39,Approved,medium,True,True,6645.05,170.39,office_equipment
5862,13,Approved,medium,True,True,6046.2,465.09,material_for_production
5863,22,Approved,medium,True,True,3357.92,152.63,office_equipment
5864,15,Approved,high,False,False,4704.03,313.6,material_for_production
5865,25,Approved,high,False,True,1821.36,72.85,office_equipment
5866,6,Approved,high,True,True,2764.1,460.68,office_equipment
5867,29,Approved,medium,False,True,3274.31,112.91,office_equipment
5868,14,Approved,high,False,False,4233.94,302.42,material_for_production
5869,13,Rejected,medium,False,True,5085.26,391.17,material_for_production
5870,36,Approved,medium,True,True,6486.3,180.18,material_for_production
5871,6,Approved,high,False,True,3028.63,504.77,material_for_production
5872,16,Rejected,high,True,True,6877.87,429.87,office_equipment
5873,29,Approved,high,False,True,1687.59,58.19,material_for_production
5874,13,Rejected,medium,False,False,5707.13,439.01,material_for_production
5875,32,Rejected,medium,False,True,4044.27,126.38,material_for_production
5876,22,Rejected,medium,False,False,4788.63,217.66,office_equipment
5877,10,Rejected,high,True,True,4364.05,436.41,material_for_production
5878,39,Rejected,medium,True,True,6983.84,179.07,material_for_production
5879,14,Approved,high,False,True,6241.22,445.8,material_for_production
5880,34,Approved,high,True,True,4676.6,137.55,office_equipment
5881,19,Approved,low,False,False,6822.07,359.06,material_for_production
5882,11,Approved,medium,False,True,3103.42,282.13,material_for_production
5883,39,Approved,medium,False,True,6174.16,158.31,material_for_production
5884,30,Approved,medium,True,True,3190.95,106.36,other
5885,21,Rejected,high,False,True,3726.18,177.44,office_equipment
5886,12,Rejected,medium,False,True,5289.34,440.78,material_for_production
5887,34,Rejected,medium,True,True,1942.73,57.14,other
5888,29,Rejected,medium,True,True,6365.4,219.5,material_for_production
5889,29,Approved,medium,False,True,3065.89,105.72,material_for_production
5890,32,Rejected,medium,True,True,5758.77,179.96,office_equipment
5891,32,Rejected,medium,False,False,6339.45,198.11,other
5892,12,Rejected,medium,False,False,3703.44,308.62,material_for_production
5893,20,Rejected,medium,False,True,2917.28,145.86,other
5894,8,Rejected,medium,True,False,1702.16,212.77,office_equipment
5895,24,Approved,high,False,True,5545.1,231.05,material_for_production
5896,40,Approved,low,True,True,5964.82,149.12,material_for_production
5897,13,Approved,medium,False,True,6799.43,523.03,material_for_production
5898,24,Approved,low,False,True,6843.9,285.16,material_for_production
5899,11,Approved,medium,False,False,2860.79,260.07,material_for_production
5900,19,Rejected,medium,False,True,2523.55,132.82,material_for_production
5901,21,Rejected,low,False,True,6837.1,325.58,office_equipment
5902,5,Approved,medium,True,False,2032.95,406.59,other
5903,38,Approved,high,True,True,2036.59,53.59,material_for_production
5904,28,Approved,medium,True,True,3981.23,142.19,material_for_production
5905,37,Rejected,low,True,True,4845.74,130.97,other
5906,12,Approved,high,True,True,4970.14,414.18,material_for_production
5907,5,Rejected,medium,False,True,6497.05,1299.41,office_equipment
5908,30,Approved,high,True,True,1734.18,57.81,office_equipment
5909,39,Rejected,medium,True,True,6598.1,169.18,office_equipment
5910,11,Rejected,high,False,True,4313.74,392.16,office_equipment
5911,6,Rejected,high,True,True,2075.17,345.86,material_for_production
5912,22,Approved,high,False,True,3268.51,148.57,material_for_production
5913,15,Approved,high,False,True,2681.99,178.8,material_for_production
5914,40,Approved,low,True,True,2172.54,54.31,material_for_production
5915,13,Rejected,medium,False,True,6962.82,535.6,office_equipment
5916,28,Rejected,medium,True,True,6523.72,232.99,office_equipment
5917,6,Rejected,medium,False,True,3689.42,614.9,office_equipment
5918,11,Rejected,low,False,True,1878.24,170.75,office_equipment
5919,13,Approved,low,True,False,5033.42,387.19,material_for_production
5920,11,Rejected,high,True,True,3994.5,363.14,material_for_production
5921,24,Approved,medium,True,False,2870.75,119.61,office_equipment
5922,7,Approved,medium,False,True,6734.49,962.07,material_for_production
5923,5,Rejected,low,True,True,3995.36,799.07,office_equipment
5924,17,Approved,low,True,True,6754.65,397.33,material_for_production
5925,13,Rejected,high,True,False,3114.23,239.56,office_equipment
5926,39,Rejected,medium,False,True,5205.66,133.48,material_for_production
5927,20,Approved,medium,False,True,1730.85,86.54,other
5928,14,Rejected,medium,True,True,4937.81,352.7,office_equipment
5929,36,Approved,high,False,False,1737.97,48.28,material_for_production
5930,9,Approved,medium,False,True,5063.51,562.61,office_equipment
5931,27,Rejected,high,False,False,4358.6,161.43,material_for_production
5932,33,Rejected,high,False,True,5927.07,179.61,other
5933,13,Rejected,high,True,True,5548.75,426.83,material_for_production
5934,19,Approved,high,True,True,2635.02,138.69,office_equipment
5935,28,Approved,high,True,True,5705.39,203.76,material_for_production
5936,40,Approved,medium,False,True,6721.48,168.04,material_for_production
5937,12,Approved,high,False,True,2561.61,213.47,other
5938,37,Approved,high,False,False,2431.49,65.72,material_for_production
5939,5,Approved,medium,True,True,2052.2,410.44,material_for_production
5940,7,Rejected,medium,False,False,5488.18,784.03,material_for_production
5941,25,Approved,medium,True,True,4469.41,178.78,material_for_production
5942,33,Rejected,high,False,True,1591.92,48.24,material_for_production
5943,5,Rejected,high,False,True,5402.78,1080.56,other
5944,5,Approved,high,False,True,5924.64,1184.93,material_for_production
5945,23,Rejected,medium,False,False,4142.4,180.1,material_for_production
5946,40,Approved,medium,False,True,2446.53,61.16,material_for_production
5947,28,Rejected,medium,True,True,3817.65,136.34,office_equipment
5948,26,Approved,medium,True,True,3740.91,143.88,other
5949,36,Rejected,medium,True,True,2066.02,57.39,other
5950,29,Approved,high,True,True,4922.36,169.74,material_for_production
5951,22,Rejected,high,False,True,4277.59,194.44,office_equipment
5952,31,Approved,medium,False,True,3536.39,114.08,material_for_production
5953,21,Rejected,medium,True,True,5506.69,262.22,material_for_production
5954,21,Rejected,high,False,True,2333.52,111.12,office_equipment
5955,5,Approved,medium,False,True,3288.75,657.75,material_for_production
5956,32,Rejected,high,False,True,2788.46,87.14,material_for_production
5957,18,Approved,high,False,True,2363.22,131.29,material_for_production
5958,37,Rejected,low,True,True,2920.96,78.94,other
5959,27,Rejected,medium,False,False,6884.0,254.96,material_for_production
5960,12,Rejected,medium,False,True,1521.33,126.78,office_equipment
5961,15,Approved,medium,False,True,2650.9,176.73,material_for_production
5962,25,Approved,medium,False,False,3079.44,123.18,material_for_production
5963,21,Rejected,high,False,True,2455.51,116.93,material_for_production
5964,38,Rejected,low,False,False,3426.24,90.16,material_for_production
5965,9,Approved,medium,True,True,2555.11,283.9,material_for_production
5966,39,Approved,low,False,True,3120.05,80.0,material_for_production
5967,23,Rejected,medium,False,True,6592.9,286.65,material_for_production
5968,33,Rejected,medium,False,False,5587.39,169.31,material_for_production
5969,17,Rejected,medium,False,False,3717.02,218.65,office_equipment
5970,26,Rejected,high,True,True,4577.08,176.04,material_for_production
5971,27,Approved,high,True,False,3331.28,123.38,material_for_production
5972,36,Approved,medium,True,True,4260.62,118.35,office_equipment
5973,34,Rejected,medium,True,True,6633.04,195.09,material_for_production
5974,11,Rejected,medium,True,True,6381.02,580.09,office_equipment
5975,11,Rejected,medium,False,False,2533.92,230.36,other
5976,36,Rejected,high,True,True,6459.26,179.42,material_for_production
5977,14,Approved,high,True,True,4068.89,290.63,material_for_production
5978,23,Approved,medium,False,True,1847.72,80.34,material_for_production
5979,38,Approved,medium,True,True,3069.16,80.77,office_equipment
5980,20,Approved,medium,False,False,4319.95,216.0,material_for_production
5981,33,Approved,high,True,True,1606.93,48.69,material_for_production
5982,13,Rejected,medium,False,True,2286.82,175.91,office_equipment
5983,29,Approved,high,False,True,4410.28,152.08,office_equipment
5984,36,Approved,high,True,True,2024.68,56.24,other
5985,33,Approved,medium,False,True,3370.43,102.13,material_for_production
5986,25,Approved,medium,True,True,6622.44,264.9,material_for_production
5987,24,Approved,high,False,True,2593.3,108.05,material_for_production
5988,38,Approved,medium,False,False,6081.02,160.03,material_for_production
5989,6,Approved,medium,True,True,3872.87,645.48,material_for_production
5990,31,Approved,medium,True,False,2485.79,80.19,material_for_production
5991,39,Rejected,low,False,True,2197.63,56.35,material_for_production
5992,22,Rejected,high,True,False,4279.62,194.53,other
5993,28,Rejected,medium,True,False,4826.13,172.36,material_for_production
5994,21,Approved,low,True,False,5081.32,241.97,material_for_production
5995,37,Approved,high,True,True,3957.8,106.97,office_equipment
5996,34,Rejected,medium,False,False,2018.37,59.36,office_equipment
5997,21,Approved,low,False,True,5899.08,280.91,office_equipment
5998,30,Rejected,medium,False,False,4802.11,160.07,material_for_production
5999,10,Approved,medium,False,False,3344.69,334.47,material_for_production
6000,6,Rejected,medium,True,True,5845.34,974.22,material_for_production
6001,17,Rejected,high,False,False,1820.13,107.07,material_for_production
6002,34,Approved,medium,True,True,1546.0,45.47,material_for_production
6003,8,Approved,medium,False,False,3878.27,484.78,material_for_production
6004,9,Rejected,high,False,True,6720.55,746.73,material_for_production
6005,21,Approved,medium,True,True,4838.17,230.39,office_equipment
6006,13,Approved,medium,True,False,2735.44,210.42,office_equipment
6007,34,Rejected,medium,True,True,4784.8,140.73,other
6008,10,Rejected,medium,False,True,2921.79,292.18,other
6009,17,Approved,low,False,True,4551.03,267.71,material_for_production
6010,27,Rejected,medium,True,False,2160.27,80.01,office_equipment
6011,12,Approved,medium,False,True,2896.01,241.33,office_equipment
6012,18,Approved,high,True,False,4011.8,222.88,office_equipment
6013,5,Rejected,medium,False,True,2050.2,410.04,office_equipment
6014,22,Rejected,medium,True,True,6520.14,296.37,material_for_production
6015,6,Approved,high,False,True,5864.34,977.39,other
6016,13,Rejected,medium,False,True,6618.77,509.14,other
6017,10,Rejected,low,False,True,4350.57,435.06,other
6018,15,Rejected,medium,False,True,1504.16,100.28,office_equipment
6019,12,Approved,medium,False,True,5112.71,426.06,material_for_production
6020,10,Rejected,low,True,True,4519.41,451.94,other
6021,22,Rejected,medium,False,True,2857.94,129.91,material_for_production
6022,33,Rejected,high,False,True,5283.4,160.1,material_for_production
6023,16,Rejected,high,False,False,6100.22,381.26,material_for_production
6024,19,Approved,medium,False,True,4101.0,215.84,material_for_production
6025,28,Approved,medium,True,True,5331.55,190.41,material_for_production
6026,19,Approved,medium,True,True,4354.37,229.18,material_for_production
6027,18,Approved,medium,True,True,2661.53,147.86,material_for_production
6028,10,Approved,low,True,False,1797.8,179.78,other
6029,38,Approved,high,True,True,2655.75,69.89,material_for_production
6030,38,Rejected,medium,False,True,3146.33,82.8,material_for_production
6031,13,Approved,medium,True,True,3904.54,300.35,office_equipment
6032,15,Approved,medium,True,False,5512.61,367.51,material_for_production
6033,36,Approved,medium,False,True,6475.98,179.89,material_for_production
6034,32,Rejected,medium,False,False,1749.38,54.67,office_equipment
6035,37,Rejected,high,True,True,3858.96,104.3,material_for_production
6036,31,Approved,medium,True,False,5737.64,185.09,material_for_production
6037,14,Approved,medium,True,False,5327.23,380.52,material_for_production
6038,16,Rejected,medium,False,True,2104.83,131.55,material_for_production
6039,9,Rejected,medium,False,False,1569.38,174.38,other
6040,35,Approved,high,True,True,3615.29,103.29,other
6041,24,Rejected,medium,False,True,6643.96,276.83,material_for_production
6042,10,Rejected,high,False,True,5094.08,509.41,material_for_production
6043,33,Approved,medium,False,False,2321.34,70.34,material_for_production
6044,25,Rejected,medium,False,True,6851.72,274.07,other
6045,34,Rejected,high,True,False,1553.62,45.69,office_equipment
6046,9,Approved,medium,True,True,5633.67,625.96,material_for_production
6047,36,Rejected,high,False,False,4831.53,134.21,office_equipment
6048,24,Approved,high,False,False,2862.79,119.28,other
6049,14,Approved,medium,True,True,6499.93,464.28,office_equipment
6050,13,Rejected,medium,True,False,5349.81,411.52,office_equipment
6051,18,Approved,medium,False,False,6729.0,373.83,office_equipment
6052,38,Rejected,low,False,False,4325.32,113.82,material_for_production
6053,11,Rejected,low,False,True,3511.14,319.19,office_equipment
6054,19,Approved,high,True,True,4199.74,221.04,office_equipment
6055,29,Rejected,low,False,True,3642.49,125.6,material_for_production
6056,39,Rejected,medium,True,False,4144.01,106.26,material_for_production
6057,30,Approved,high,False,True,2838.58,94.62,office_equipment
6058,16,Rejected,high,True,False,6109.16,381.82,material_for_production
6059,29,Approved,high,False,True,6027.31,207.84,material_for_production
6060,25,Approved,high,False,True,2039.92,81.6,office_equipment
6061,38,Rejected,high,True,False,3231.68,85.04,office_equipment
6062,25,Rejected,low,False,True,5799.45,231.98,other
6063,11,Rejected,medium,False,True,5735.27,521.39,other
6064,36,Approved,high,True,True,5607.61,155.77,other
6065,22,Rejected,high,False,True,4065.45,184.79,office_equipment
6066,24,Rejected,high,False,False,4224.86,176.04,material_for_production
6067,24,Approved,low,False,True,4078.42,169.93,other
6068,13,Approved,medium,False,False,6204.04,477.23,material_for_production
6069,22,Rejected,medium,False,False,1814.37,82.47,other
6070,10,Rejected,medium,True,True,2971.1,297.11,material_for_production
6071,24,Rejected,medium,True,True,2745.16,114.38,material_for_production
6072,9,Rejected,low,False,True,3957.02,439.67,material_for_production
6073,15,Rejected,high,False,True,2500.12,166.67,material_for_production
6074,23,Rejected,medium,True,True,5072.62,220.55,material_for_production
6075,31,Rejected,high,False,False,3732.54,120.4,material_for_production
6076,6,Approved,medium,False,True,2580.42,430.07,office_equipment
6077,12,Approved,high,True,False,6601.7,550.14,material_for_production
6078,28,Approved,medium,True,True,5853.04,209.04,other
6079,31,Rejected,medium,False,False,1862.25,60.07,material_for_production
6080,10,Rejected,medium,False,False,2393.45,239.34,other
6081,19,Approved,medium,True,False,3242.0,170.63,office_equipment
6082,23,Approved,low,True,True,4171.18,181.36,material_for_production
6083,28,Approved,low,True,False,6286.41,224.51,other
6084,5,Approved,high,False,True,4709.75,941.95,other
6085,33,Approved,medium,True,True,2104.88,63.78,material_for_production
6086,34,Approved,medium,True,True,3103.66,91.28,material_for_production
6087,39,Rejected,medium,False,True,3557.69,91.22,material_for_production
6088,19,Approved,medium,True,True,3309.42,174.18,office_equipment
6089,23,Approved,medium,True,True,1764.38,76.71,material_for_production
6090,12,Rejected,low,False,True,6805.1,567.09,office_equipment
6091,13,Approved,high,True,False,2168.72,166.82,other
6092,37,Approved,high,False,True,6113.63,165.23,other
6093,40,Approved,high,False,True,4564.38,114.11,other
6094,14,Rejected,low,True,True,5488.24,392.02,material_for_production
6095,21,Approved,medium,False,True,2433.84,115.9,material_for_production
6096,17,Approved,medium,False,True,5065.25,297.96,material_for_production
6097,25,Rejected,high,True,True,1524.2,60.97,office_equipment
6098,15,Rejected,medium,True,True,6522.96,434.86,other
6099,32,Rejected,high,False,True,6913.98,216.06,other
6100,12,Rejected,medium,True,True,2371.1,197.59,other
6101,5,Rejected,medium,True,True,3927.79,785.56,other
6102,26,Approved,medium,True,True,2556.32,98.32,material_for_production
6103,33,Approved,medium,True,True,3219.45,97.56,material_for_production
6104,15,Rejected,high,True,True,4528.07,301.87,office_equipment
6105,9,Rejected,low,False,True,3532.64,392.52,material_for_production
6106,10,Rejected,medium,False,True,2941.23,294.12,other
6107,22,Approved,medium,True,False,3981.3,180.97,other
6108,39,Approved,medium,False,True,6298.11,161.49,other
6109,17,Approved,medium,True,True,2063.23,121.37,office_equipment
6110,29,Rejected,medium,False,False,6881.22,237.28,material_for_production
6111,8,Approved,medium,True,True,4882.02,610.25,other
6112,28,Approved,medium,False,True,5554.03,198.36,material_for_production
6113,36,Rejected,medium,True,False,6750.98,187.53,material_for_production
6114,23,Approved,medium,False,False,3088.64,134.29,material_for_production
6115,8,Approved,medium,False,True,1695.28,211.91,material_for_production
6116,6,Approved,medium,False,True,2862.56,477.09,office_equipment
6117,32,Rejected,medium,True,False,2195.86,68.62,material_for_production
6118,29,Approved,medium,True,True,6817.1,235.07,material_for_production
6119,10,Rejected,low,True,True,4797.32,479.73,material_for_production
6120,16,Approved,low,True,True,5369.32,335.58,office_equipment
6121,12,Approved,high,True,True,3812.13,317.68,office_equipment
6122,25,Approved,medium,True,False,4223.07,168.92,material_for_production
6123,9,Approved,medium,True,False,4314.56,479.4,material_for_production
6124,7,Rejected,low,True,True,6039.61,862.8,office_equipment
6125,13,Rejected,medium,True,False,6091.49,468.58,material_for_production
6126,24,Approved,high,True,True,4044.26,168.51,other
6127,25,Approved,medium,True,True,4112.85,164.51,material_for_production
6128,35,Rejected,medium,False,True,6274.56,179.27,office_equipment
6129,40,Approved,high,True,True,4365.21,109.13,office_equipment
6130,20,Rejected,medium,False,True,2666.45,133.32,material_for_production
6131,6,Approved,high,False,True,6356.08,1059.35,other
6132,37,Rejected,medium,False,False,1629.75,44.05,material_for_production
6133,40,Approved,medium,False,False,6475.54,161.89,material_for_production
6134,10,Approved,high,False,True,3631.46,363.15,material_for_production
6135,12,Approved,medium,False,True,3859.95,321.66,office_equipment
6136,40,Approved,medium,True,False,6275.03,156.88,material_for_production
6137,38,Approved,medium,False,True,2693.67,70.89,material_for_production
6138,18,Approved,medium,True,True,2331.77,129.54,office_equipment
6139,40,Approved,medium,True,True,3493.38,87.33,office_equipment
6140,29,Approved,high,True,True,5407.64,186.47,material_for_production
6141,21,Approved,medium,True,True,5223.36,248.73,material_for_production
6142,32,Approved,medium,True,True,1848.29,57.76,material_for_production
6143,22,Approved,high,True,True,6688.99,304.05,material_for_production
6144,5,Rejected,medium,True,False,2922.95,584.59,office_equipment
6145,17,Rejected,medium,True,True,4080.01,240.0,office_equipment
6146,7,Rejected,medium,True,True,5843.01,834.72,office_equipment
6147,9,Approved,high,True,True,4806.08,534.01,material_for_production
6148,18,Approved,medium,False,True,5265.03,292.5,office_equipment
6149,31,Approved,low,False,True,4173.9,134.64,other
6150,22,Approved,medium,False,True,6024.82,273.86,material_for_production
6151,21,Rejected,medium,True,True,2134.58,101.65,other
6152,29,Approved,medium,True,True,5131.06,176.93,material_for_production
6153,15,Rejected,medium,False,False,4647.87,309.86,office_equipment
6154,36,Rejected,high,False,False,3913.09,108.7,other
6155,30,Rejected,medium,False,True,3530.73,117.69,other
6156,6,Rejected,medium,True,True,2818.8,469.8,other
6157,36,Approved,medium,True,False,4136.0,114.89,office_equipment
6158,16,Approved,medium,True,False,6387.33,399.21,material_for_production
6159,32,Rejected,medium,True,False,6389.63,199.68,other
6160,11,Approved,high,True,True,6954.98,632.27,material_for_production
6161,22,Rejected,high,False,True,2929.69,133.17,material_for_production
6162,21,Approved,medium,False,True,2615.61,124.55,material_for_production
6163,13,Rejected,high,False,False,4118.57,316.81,material_for_production
6164,15,Approved,high,True,True,3878.28,258.55,material_for_production
6165,37,Approved,medium,False,True,5227.68,141.29,material_for_production
6166,40,Approved,medium,True,True,4546.27,113.66,material_for_production
6167,32,Rejected,high,False,True,6663.09,208.22,material_for_production
6168,22,Approved,high,True,False,5275.67,239.8,office_equipment
6169,7,Approved,low,True,True,2507.67,358.24,office_equipment
6170,12,Approved,medium,True,True,5343.38,445.28,other
6171,39,Rejected,medium,False,False,5310.44,136.17,material_for_production
6172,12,Rejected,medium,False,True,5749.21,479.1,office_equipment
6173,29,Approved,low,False,True,6488.92,223.76,material_for_production
6174,38,Approved,medium,False,True,3358.58,88.38,other
6175,17,Rejected,medium,True,True,2857.62,168.1,office_equipment
6176,25,Rejected,low,True,True,2841.82,113.67,material_for_production
6177,37,Approved,medium,False,True,3939.66,106.48,office_equipment
6178,5,Approved,high,False,True,4047.37,809.47,material_for_production
6179,26,Approved,medium,True,True,5240.61,201.56,material_for_production
6180,22,Rejected,medium,False,True,3183.92,144.72,other
6181,23,Rejected,medium,True,True,3657.08,159.0,material_for_production
6182,28,Approved,medium,False,True,2517.52,89.91,material_for_production
6183,5,Approved,high,False,False,6064.16,1212.83,material_for_production
6184,23,Approved,medium,True,True,2784.31,121.06,other
6185,26,Approved,medium,True,True,6842.74,263.18,other
6186,19,Rejected,medium,True,True,2646.99,139.32,office_equipment
6187,34,Rejected,medium,True,False,4724.63,138.96,other
6188,12,Rejected,medium,False,False,6986.27,582.19,office_equipment
6189,21,Rejected,medium,True,True,2949.67,140.46,material_for_production
6190,17,Rejected,medium,True,True,5480.76,322.4,material_for_production
6191,35,Approved,high,True,True,1523.29,43.52,office_equipment
6192,11,Rejected,medium,False,False,5318.82,483.53,office_equipment
6193,11,Rejected,medium,False,True,2630.59,239.14,other
6194,25,Rejected,medium,False,True,5604.07,224.16,office_equipment
6195,23,Rejected,high,False,False,1802.96,78.39,office_equipment
6196,15,Rejected,medium,True,True,4141.54,276.1,other
6197,40,Approved,medium,True,False,2922.44,73.06,other
6198,6,Rejected,medium,False,True,4817.98,803.0,material_for_production
6199,15,Approved,low,True,False,6990.84,466.06,office_equipment
6200,20,Approved,medium,False,False,1584.07,79.2,material_for_production
6201,16,Rejected,medium,False,False,3933.76,245.86,office_equipment
6202,34,Rejected,low,True,True,4548.61,133.78,other
6203,25,Approved,medium,False,True,2619.63,104.79,other
6204,17,Rejected,medium,False,True,5873.94,345.53,material_for_production
6205,22,Approved,high,False,False,4979.06,226.32,material_for_production
6206,6,Approved,medium,False,True,6172.3,1028.72,office_equipment
6207,35,Rejected,low,True,False,5302.78,151.51,material_for_production
6208,10,Approved,medium,True,True,6666.3,666.63,material_for_production
6209,22,Approved,medium,False,True,5151.22,234.15,material_for_production
6210,7,Rejected,medium,False,True,1747.51,249.64,other
6211,32,Approved,high,False,True,5358.69,167.46,material_for_production
6212,32,Rejected,low,True,False,5336.09,166.75,other
6213,32,Approved,medium,True,True,1724.24,53.88,office_equipment
6214,8,Rejected,medium,False,False,4410.36,551.29,office_equipment
6215,9,Rejected,high,False,True,5278.94,586.55,material_for_production
6216,16,Approved,medium,False,True,2440.31,152.52,material_for_production
6217,12,Approved,high,True,True,3994.03,332.84,other
6218,33,Approved,medium,False,True,3380.64,102.44,office_equipment
6219,25,Approved,medium,True,True,6604.1,264.16,material_for_production
6220,34,Rejected,medium,False,True,3621.38,106.51,material_for_production
6221,14,Rejected,medium,True,True,4736.84,338.35,office_equipment
6222,5,Approved,high,True,True,3667.62,733.52,other
6223,22,Approved,medium,False,True,1648.29,74.92,material_for_production
6224,32,Rejected,medium,False,True,4523.91,141.37,material_for_production
6225,30,Approved,medium,False,True,5733.52,191.12,other
6226,21,Approved,medium,True,True,6360.11,302.86,material_for_production
6227,39,Rejected,high,True,True,6161.05,157.98,material_for_production
6228,39,Rejected,medium,False,False,5671.97,145.44,office_equipment
6229,34,Approved,medium,True,True,5959.48,175.28,office_equipment
6230,17,Rejected,medium,False,False,6468.68,380.51,office_equipment
6231,13,Rejected,medium,True,False,4603.19,354.09,material_for_production
6232,15,Approved,high,True,True,1614.32,107.62,office_equipment
6233,19,Rejected,medium,False,True,1619.28,85.23,office_equipment
6234,11,Rejected,high,True,True,6164.08,560.37,office_equipment
6235,14,Rejected,medium,False,True,2680.15,191.44,material_for_production
6236,33,Approved,medium,False,True,1547.6,46.9,material_for_production
6237,22,Approved,medium,False,False,2563.72,116.53,material_for_production
6238,31,Approved,low,True,True,4573.64,147.54,office_equipment
6239,33,Rejected,high,False,False,4681.13,141.85,material_for_production
6240,10,Approved,low,True,True,2445.99,244.6,material_for_production
6241,33,Rejected,high,False,True,3477.49,105.38,office_equipment
6242,24,Approved,low,True,False,2117.03,88.21,material_for_production
6243,9,Approved,low,True,True,3044.97,338.33,material_for_production
6244,34,Approved,medium,False,True,1900.54,55.9,material_for_production
6245,18,Rejected,medium,True,True,1823.01,101.28,material_for_production
6246,36,Rejected,medium,False,False,1968.36,54.68,office_equipment
6247,31,Approved,medium,True,True,2634.5,84.98,material_for_production
6248,25,Approved,low,False,True,4604.28,184.17,material_for_production
6249,16,Approved,medium,True,True,3183.16,198.95,other
6250,18,Approved,medium,True,True,2847.34,158.19,other
6251,9,Approved,high,True,True,4228.42,469.82,material_for_production
6252,27,Approved,medium,True,True,4490.38,166.31,material_for_production
6253,37,Rejected,medium,True,True,3627.79,98.05,material_for_production
6254,5,Approved,high,True,False,6957.02,1391.4,material_for_production
6255,12,Approved,medium,False,False,2075.13,172.93,office_equipment
6256,22,Rejected,high,True,True,5000.97,227.32,office_equipment
6257,25,Approved,medium,True,True,5641.79,225.67,office_equipment
6258,16,Rejected,low,True,True,1735.61,108.48,material_for_production
6259,38,Rejected,low,False,True,3538.72,93.12,other
6260,25,Approved,high,True,True,6458.64,258.35,material_for_production
6261,5,Approved,medium,False,True,2084.68,416.94,other
6262,22,Approved,medium,True,True,4194.09,190.64,material_for_production
6263,21,Rejected,medium,True,False,4536.33,216.02,office_equipment
6264,18,Rejected,medium,False,False,3451.65,191.76,office_equipment
6265,6,Rejected,medium,False,True,2039.53,339.92,office_equipment
6266,29,Approved,low,False,True,4965.62,171.23,other
6267,32,Approved,low,True,True,3449.48,107.8,office_equipment
6268,22,Approved,medium,True,True,5327.49,242.16,office_equipment
6269,18,Rejected,medium,False,True,5214.41,289.69,office_equipment
6270,32,Approved,high,True,False,2584.27,80.76,other
6271,16,Rejected,medium,False,True,6376.17,398.51,material_for_production
6272,14,Approved,medium,False,True,2884.94,206.07,material_for_production
6273,29,Rejected,high,True,True,6991.84,241.1,office_equipment
6274,39,Rejected,high,False,True,3184.9,81.66,office_equipment
6275,15,Approved,medium,False,True,3304.18,220.28,material_for_production
6276,36,Rejected,medium,True,True,5429.38,150.82,material_for_production
6277,14,Rejected,medium,True,True,2532.98,180.93,other
6278,20,Rejected,medium,True,True,5368.14,268.41,material_for_production
6279,12,Approved,high,False,True,4979.69,414.97,material_for_production
6280,15,Rejected,high,False,True,6625.56,441.7,office_equipment
6281,21,Rejected,medium,False,True,2888.48,137.55,material_for_production
6282,23,Approved,medium,True,False,4198.14,182.53,material_for_production
6283,31,Rejected,high,False,False,5066.15,163.42,material_for_production
6284,28,Approved,low,True,True,2587.0,92.39,material_for_production
6285,17,Approved,medium,False,True,1618.28,95.19,material_for_production
6286,5,Rejected,medium,True,True,2922.02,584.4,office_equipment
6287,5,Approved,medium,True,True,3516.83,703.37,material_for_production
6288,11,Rejected,low,False,True,1745.34,158.67,material_for_production
6289,14,Approved,medium,True,False,3260.12,232.87,material_for_production
6290,28,Approved,medium,False,True,5952.86,212.6,material_for_production
6291,5,Approved,high,False,True,1522.22,304.44,other
6292,34,Approved,high,False,True,5923.34,174.22,office_equipment
6293,26,Approved,high,True,True,1500.33,57.7,material_for_production
6294,13,Rejected,high,True,True,4492.51,345.58,material_for_production
6295,25,Approved,low,True,True,6313.39,252.54,material_for_production
6296,5,Rejected,medium,False,False,3857.58,771.52,material_for_production
6297,20,Approved,high,True,True,4353.75,217.69,material_for_production
6298,9,Rejected,low,True,True,2355.74,261.75,office_equipment
6299,5,Rejected,medium,False,True,4563.24,912.65,office_equipment
6300,14,Rejected,medium,False,True,5474.85,391.06,other
6301,37,Approved,high,False,False,6150.02,166.22,office_equipment
6302,11,Approved,medium,True,True,1857.4,168.85,other
6303,19,Approved,medium,True,True,6362.53,334.87,office_equipment
6304,25,Approved,medium,False,True,1727.98,69.12,material_for_production
6305,10,Approved,medium,True,True,2772.75,277.27,material_for_production
6306,32,Approved,medium,False,False,2728.68,85.27,other
6307,28,Approved,high,True,True,4028.72,143.88,office_equipment
6308,11,Rejected,high,False,False,4619.28,419.93,other
6309,30,Approved,medium,False,False,5350.08,178.34,material_for_production
6310,25,Approved,medium,True,False,6371.67,254.87,office_equipment
6311,17,Approved,medium,False,False,4448.88,261.7,material_for_production
6312,32,Approved,high,True,False,3412.03,106.63,material_for_production
6313,34,Approved,high,True,True,3910.55,115.02,material_for_production
6314,9,Rejected,medium,False,True,5603.14,622.57,office_equipment
6315,21,Approved,high,True,True,6255.7,297.89,material_for_production
6316,40,Approved,high,False,False,1658.53,41.46,material_for_production
6317,18,Approved,medium,True,False,6244.7,346.93,material_for_production
6318,11,Rejected,high,False,False,4734.11,430.37,material_for_production
6319,12,Approved,high,True,True,3175.19,264.6,material_for_production
6320,32,Rejected,medium,False,True,3617.5,113.05,office_equipment
6321,11,Approved,high,True,True,5727.66,520.7,material_for_production
6322,15,Approved,medium,True,False,1745.59,116.37,office_equipment
6323,39,Rejected,medium,True,True,2700.37,69.24,material_for_production
6324,14,Approved,high,True,False,1582.43,113.03,material_for_production
6325,40,Rejected,medium,False,True,5441.14,136.03,office_equipment
6326,27,Approved,high,False,True,1543.71,57.17,other
6327,31,Approved,medium,False,True,1865.54,60.18,office_equipment
6328,25,Rejected,medium,False,False,3583.85,143.35,material_for_production
6329,33,Rejected,high,False,True,1899.92,57.57,other
6330,7,Approved,medium,True,True,2912.16,416.02,office_equipment
6331,12,Approved,high,True,True,2700.6,225.05,material_for_production
6332,9,Approved,medium,True,True,1544.28,171.59,material_for_production
6333,22,Rejected,high,True,False,4904.76,222.94,other
6334,19,Approved,medium,True,False,4021.92,211.68,material_for_production
6335,13,Approved,high,False,True,3480.8,267.75,other
6336,22,Approved,low,True,True,2399.13,109.05,material_for_production
6337,39,Approved,high,False,True,6262.28,160.57,other
6338,38,Rejected,medium,False,False,3144.41,82.75,office_equipment
6339,33,Rejected,medium,False,False,6258.07,189.64,material_for_production
6340,40,Approved,high,True,True,4551.98,113.8,material_for_production
6341,28,Approved,low,False,True,1831.06,65.39,material_for_production
6342,33,Approved,high,True,True,6225.06,188.64,material_for_production
6343,30,Approved,medium,True,True,2009.86,67.0,other
6344,12,Approved,medium,False,False,2095.12,174.59,material_for_production
6345,7,Approved,high,True,True,3715.92,530.85,other
6346,6,Approved,medium,False,True,4392.61,732.1,material_for_production
6347,27,Approved,high,False,False,5842.76,216.4,office_equipment
6348,32,Approved,medium,False,True,1651.51,51.61,material_for_production
6349,26,Approved,medium,True,True,3365.23,129.43,material_for_production
6350,22,Approved,high,False,True,4884.45,222.02,material_for_production
6351,36,Rejected,low,False,True,1921.52,53.38,other
6352,30,Approved,medium,False,False,2694.19,89.81,material_for_production
6353,23,Approved,medium,True,True,6487.55,282.07,office_equipment
6354,8,Rejected,low,True,False,6364.02,795.5,material_for_production
6355,15,Approved,high,True,False,4231.69,282.11,other
6356,24,Rejected,medium,False,False,3018.44,125.77,material_for_production
6357,6,Approved,medium,False,True,4958.77,826.46,material_for_production
6358,5,Rejected,medium,False,True,3412.39,682.48,material_for_production
6359,33,Approved,medium,False,True,4521.18,137.01,other
6360,19,Rejected,high,False,False,2583.22,135.96,office_equipment
6361,36,Rejected,medium,False,True,3611.23,100.31,other
6362,20,Rejected,high,True,True,6420.64,321.03,material_for_production
6363,12,Rejected,high,True,True,3239.84,269.99,material_for_production
6364,28,Approved,medium,False,True,1926.43,68.8,material_for_production
6365,33,Approved,high,True,False,6131.19,185.79,material_for_production
6366,9,Rejected,medium,False,True,1766.02,196.22,material_for_production
6367,11,Rejected,medium,False,True,6407.97,582.54,office_equipment
6368,38,Approved,low,False,True,4217.53,110.99,material_for_production
6369,23,Approved,medium,False,False,6104.34,265.41,office_equipment
6370,34,Rejected,medium,True,False,1941.76,57.11,material_for_production
6371,21,Rejected,medium,False,True,5456.68,259.84,material_for_production
6372,22,Approved,high,True,True,6530.3,296.83,other
6373,9,Rejected,high,True,True,6492.06,721.34,office_equipment
6374,7,Rejected,medium,True,True,6216.43,888.06,office_equipment
6375,7,Rejected,high,False,False,3857.83,551.12,material_for_production
6376,13,Approved,medium,False,True,4854.1,373.39,material_for_production
6377,16,Approved,medium,True,True,6657.07,416.07,material_for_production
6378,31,Approved,medium,True,True,3680.93,118.74,office_equipment
6379,7,Approved,medium,False,True,4613.07,659.01,material_for_production
6380,13,Approved,medium,True,False,2301.57,177.04,material_for_production
6381,33,Approved,medium,True,False,6513.88,197.39,office_equipment
6382,6,Approved,medium,True,True,6092.83,1015.47,material_for_production
6383,19,Approved,medium,True,True,6680.46,351.6,material_for_production
6384,33,Rejected,medium,False,True,6843.95,207.39,other
6385,10,Approved,high,False,True,2403.43,240.34,office_equipment
6386,28,Rejected,high,False,False,5650.73,201.81,office_equipment
6387,11,Rejected,low,False,True,2079.44,189.04,material_for_production
6388,38,Approved,high,False,True,3308.81,87.07,material_for_production
6389,30,Approved,high,True,True,1834.11,61.14,material_for_production
6390,11,Approved,high,True,True,2573.41,233.95,material_for_production
6391,13,Rejected,medium,False,True,5507.16,423.63,material_for_production
6392,21,Approved,low,True,True,4584.61,218.31,other
6393,6,Rejected,medium,False,True,5958.24,993.04,other
6394,9,Approved,high,True,True,6879.19,764.35,office_equipment
6395,9,Rejected,medium,False,False,4800.51,533.39,other
6396,14,Rejected,medium,False,False,3623.29,258.81,material_for_production
6397,10,Rejected,high,False,False,3130.92,313.09,material_for_production
6398,20,Rejected,medium,True,False,6347.38,317.37,material_for_production
6399,27,Approved,low,True,True,2644.83,97.96,material_for_production
6400,40,Rejected,high,False,True,5393.98,134.85,office_equipment
6401,10,Approved,high,False,True,4098.86,409.89,other
6402,17,Rejected,high,True,False,5324.13,313.18,office_equipment
6403,14,Approved,medium,False,False,6963.33,497.38,material_for_production
6404,26,Approved,high,False,True,6320.95,243.11,material_for_production
6405,28,Rejected,medium,True,True,6052.28,216.15,office_equipment
6406,26,Rejected,medium,True,False,4715.57,181.37,other
6407,33,Approved,high,False,True,5214.56,158.02,material_for_production
6408,6,Rejected,medium,False,False,4140.14,690.02,office_equipment
6409,36,Approved,high,False,True,1907.81,52.99,other
6410,18,Rejected,medium,False,True,3527.28,195.96,material_for_production
6411,22,Approved,high,False,True,5466.35,248.47,other
6412,29,Approved,medium,False,True,3336.66,115.06,office_equipment
6413,34,Rejected,high,False,False,6259.48,184.1,material_for_production
6414,5,Approved,high,True,True,5639.14,1127.83,other
6415,35,Approved,high,False,True,5994.2,171.26,material_for_production
6416,5,Rejected,medium,True,True,5036.53,1007.31,other
6417,39,Rejected,low,True,True,6794.23,174.21,other
6418,26,Approved,high,True,True,6847.96,263.38,material_for_production
6419,31,Rejected,low,False,True,4912.47,158.47,other
6420,28,Approved,high,False,False,5854.32,209.08,material_for_production
6421,22,Rejected,medium,False,False,4394.25,199.74,office_equipment
6422,29,Approved,high,True,True,4901.51,169.02,material_for_production
6423,10,Approved,high,False,True,3415.33,341.53,material_for_production
6424,5,Approved,medium,False,True,3272.15,654.43,material_for_production
6425,6,Rejected,low,False,True,1578.38,263.06,office_equipment
6426,21,Approved,medium,False,True,2934.7,139.75,office_equipment
6427,15,Approved,medium,False,True,3172.45,211.5,material_for_production
6428,14,Approved,medium,True,False,6907.19,493.37,office_equipment
6429,24,Rejected,medium,False,True,2256.0,94.0,office_equipment
6430,30,Approved,high,False,True,4127.27,137.58,material_for_production
6431,25,Approved,medium,True,True,5940.82,237.63,office_equipment
6432,18,Rejected,medium,False,True,6388.48,354.92,material_for_production
6433,36,Rejected,high,False,True,6410.27,178.06,material_for_production
6434,27,Approved,high,True,True,2322.48,86.02,material_for_production
6435,22,Approved,medium,True,True,5589.4,254.06,other
6436,8,Rejected,high,True,False,3710.79,463.85,material_for_production
6437,27,Rejected,high,True,True,3015.86,111.7,office_equipment
6438,36,Approved,medium,False,True,6797.39,188.82,material_for_production
6439,39,Rejected,high,False,True,2370.32,60.78,other
6440,37,Rejected,high,False,True,3973.65,107.4,other
6441,39,Approved,medium,False,True,1679.46,43.06,material_for_production
6442,32,Approved,medium,False,True,3086.51,96.45,office_equipment
6443,31,Approved,medium,False,False,4521.67,145.86,material_for_production
6444,29,Approved,medium,True,True,6590.08,227.24,material_for_production
6445,35,Rejected,medium,True,True,3661.17,104.6,material_for_production
6446,6,Approved,high,True,False,3229.86,538.31,office_equipment
6447,8,Approved,medium,False,True,1637.87,204.73,office_equipment
6448,6,Approved,medium,True,True,4941.0,823.5,material_for_production
6449,33,Approved,high,True,True,6026.78,182.63,material_for_production
6450,39,Rejected,medium,False,True,1683.88,43.18,material_for_production
6451,21,Rejected,medium,False,True,5071.44,241.5,other
6452,26,Approved,high,False,True,6977.45,268.36,material_for_production
6453,34,Approved,high,False,False,4625.81,136.05,material_for_production
6454,24,Approved,medium,False,True,1868.91,77.87,material_for_production
6455,25,Rejected,high,False,True,5387.54,215.5,office_equipment
6456,24,Approved,high,True,True,4229.43,176.23,office_equipment
6457,10,Approved,high,False,False,5739.13,573.91,material_for_production
6458,24,Approved,medium,False,True,2976.36,124.02,material_for_production
6459,13,Approved,high,False,True,2551.46,196.27,office_equipment
6460,15,Approved,high,False,True,4097.8,273.19,other
6461,19,Approved,medium,True,False,3140.53,165.29,material_for_production
6462,28,Approved,high,True,True,2638.74,94.24,office_equipment
6463,32,Approved,high,False,True,4778.69,149.33,material_for_production
6464,23,Rejected,medium,False,True,2332.24,101.4,material_for_production
6465,28,Rejected,medium,False,True,5798.6,207.09,material_for_production
6466,20,Approved,high,False,True,2412.96,120.65,other
6467,37,Approved,medium,False,True,2477.25,66.95,other
6468,6,Approved,high,False,True,3764.07,627.35,material_for_production
6469,15,Rejected,medium,False,True,4834.27,322.28,office_equipment
6470,35,Approved,high,True,True,4899.33,139.98,material_for_production
6471,29,Rejected,medium,False,False,6992.58,241.12,office_equipment
6472,33,Rejected,low,False,True,5665.72,171.69,material_for_production
6473,38,Rejected,high,True,False,4039.08,106.29,office_equipment
6474,38,Rejected,high,True,False,6626.58,174.38,other
6475,6,Approved,medium,False,True,5352.89,892.15,material_for_production
6476,31,Approved,medium,True,True,2546.03,82.13,material_for_production
6477,10,Rejected,medium,False,True,3457.5,345.75,material_for_production
6478,15,Approved,medium,True,False,4640.43,309.36,material_for_production
6479,9,Approved,medium,True,True,4539.31,504.37,office_equipment
6480,21,Approved,medium,True,True,4150.98,197.67,office_equipment
6481,37,Rejected,high,False,True,3362.27,90.87,other
6482,16,Rejected,low,True,True,1731.99,108.25,office_equipment
6483,24,Rejected,medium,False,False,5172.84,215.53,office_equipment
6484,20,Approved,medium,True,True,2228.62,111.43,material_for_production
6485,17,Rejected,high,False,False,5247.11,308.65,material_for_production
6486,34,Approved,medium,False,True,6835.96,201.06,material_for_production
6487,15,Approved,high,True,True,6241.23,416.08,office_equipment
6488,17,Approved,high,True,True,2935.36,172.67,other
6489,5,Rejected,medium,False,True,4229.55,845.91,material_for_production
6490,19,Rejected,high,False,True,6891.85,362.73,office_equipment
6491,17,Rejected,high,False,True,3579.16,210.54,other
6492,35,Approved,medium,False,True,5771.14,164.89,material_for_production
6493,35,Approved,medium,False,True,5480.92,156.6,other
6494,25,Rejected,low,True,True,3583.47,143.34,material_for_production
6495,36,Approved,high,True,False,2940.03,81.67,material_for_production
6496,19,Approved,medium,True,True,6742.01,354.84,other
6497,14,Rejected,medium,True,True,2139.49,152.82,material_for_production
6498,11,Rejected,medium,True,False,5189.76,471.8,other
6499,12,Rejected,high,False,True,6319.28,526.61,material_for_production
6500,16,Rejected,medium,True,False,6878.51,429.91,office_equipment
6501,15,Approved,medium,True,True,3884.75,258.98,material_for_production
6502,35,Rejected,medium,True,True,2013.05,57.52,material_for_production
6503,14,Rejected,medium,False,True,1572.79,112.34,material_for_production
6504,34,Rejected,high,True,True,3499.07,102.91,other
6505,31,Rejected,medium,False,False,6980.08,225.16,office_equipment
6506,7,Approved,medium,False,True,3620.9,517.27,material_for_production
6507,11,Approved,high,True,True,4345.02,395.0,material_for_production
6508,32,Rejected,medium,False,False,5738.16,179.32,office_equipment
6509,24,Rejected,low,False,False,1991.22,82.97,other
6510,33,Rejected,medium,False,False,2676.11,81.09,other
6511,37,Rejected,medium,True,False,2244.47,60.66,material_for_production
6512,17,Approved,low,True,True,5251.8,308.93,office_equipment
6513,11,Approved,low,True,True,2345.75,213.25,material_for_production
6514,30,Approved,high,True,False,6147.89,204.93,material_for_production
6515,36,Rejected,medium,True,False,4406.93,122.41,other
6516,7,Rejected,medium,False,True,2982.21,426.03,office_equipment
6517,12,Rejected,medium,True,True,3723.68,310.31,office_equipment
6518,32,Approved,medium,True,True,4509.75,140.93,office_equipment
6519,17,Rejected,low,True,True,5769.27,339.37,office_equipment
6520,26,Approved,medium,True,True,5828.4,224.17,office_equipment
6521,10,Approved,medium,False,True,2557.28,255.73,office_equipment
6522,11,Rejected,medium,True,True,3529.32,320.85,other
6523,40,Rejected,medium,True,True,4060.52,101.51,material_for_production
6524,12,Rejected,medium,False,False,6153.88,512.82,material_for_production
6525,13,Rejected,high,False,True,6860.92,527.76,office_equipment
6526,21,Approved,high,True,False,1502.07,71.53,office_equipment
6527,5,Approved,high,True,True,5704.62,1140.92,office_equipment
6528,17,Approved,medium,False,True,1891.48,111.26,material_for_production
6529,33,Rejected,medium,False,True,1930.4,58.5,office_equipment
6530,28,Rejected,medium,False,True,1541.69,55.06,office_equipment
6531,10,Approved,medium,True,False,1882.29,188.23,material_for_production
6532,38,Approved,low,True,True,5526.35,145.43,other
6533,20,Rejected,medium,False,True,6903.57,345.18,other
6534,32,Approved,high,False,True,2583.8,80.74,material_for_production
6535,9,Approved,high,False,False,2805.36,311.71,material_for_production
6536,37,Rejected,medium,False,True,3902.98,105.49,office_equipment
6537,39,Rejected,high,False,True,1606.0,41.18,office_equipment
6538,33,Rejected,medium,True,False,1889.37,57.25,office_equipment
6539,21,Approved,medium,False,True,5488.15,261.34,office_equipment
6540,40,Approved,high,True,True,2610.38,65.26,material_for_production
6541,35,Approved,high,False,True,3180.63,90.88,material_for_production
6542,27,Rejected,medium,False,False,3209.37,118.87,material_for_production
6543,29,Rejected,medium,False,True,6241.58,215.23,office_equipment
6544,12,Approved,medium,True,True,4866.76,405.56,office_equipment
6545,30,Approved,medium,False,False,2185.33,72.84,office_equipment
6546,21,Rejected,medium,False,False,2628.36,125.16,material_for_production
6547,22,Approved,high,False,True,6263.51,284.7,office_equipment
6548,28,Approved,medium,True,True,2435.33,86.98,material_for_production
6549,22,Approved,medium,False,True,2307.26,104.88,office_equipment
6550,13,Approved,medium,True,False,3451.97,265.54,material_for_production
6551,11,Approved,high,True,True,3138.14,285.29,other
6552,19,Approved,high,True,True,6796.48,357.71,office_equipment
6553,19,Approved,high,True,True,3870.71,203.72,other
6554,24,Rejected,medium,False,False,4826.14,201.09,office_equipment
6555,37,Approved,medium,True,False,1966.15,53.14,material_for_production
6556,38,Approved,medium,False,True,1619.34,42.61,office_equipment
6557,23,Rejected,medium,False,True,4454.39,193.67,office_equipment
6558,27,Approved,low,True,True,1650.82,61.14,material_for_production
6559,24,Approved,medium,True,True,2271.43,94.64,material_for_production
6560,5,Approved,high,True,True,3268.64,653.73,material_for_production
6561,37,Approved,medium,False,True,4616.28,124.76,material_for_production
6562,17,Approved,medium,True,True,6889.29,405.25,material_for_production
6563,34,Approved,medium,True,True,6630.69,195.02,office_equipment
6564,11,Rejected,medium,False,True,2002.7,182.06,material_for_production
6565,30,Approved,medium,True,True,6193.45,206.45,material_for_production
6566,17,Approved,medium,False,True,2581.91,151.88,material_for_production
6567,24,Rejected,high,False,False,6616.35,275.68,other
6568,21,Approved,medium,True,True,6877.84,327.52,material_for_production
6569,38,Rejected,medium,True,True,3728.36,98.11,office_equipment
6570,18,Rejected,high,False,True,6464.56,359.14,material_for_production
6571,10,Approved,medium,False,False,3552.44,355.24,office_equipment
6572,37,Approved,high,True,True,5184.49,140.12,material_for_production
6573,20,Approved,medium,True,True,6925.97,346.3,material_for_production
6574,19,Rejected,medium,False,False,6433.62,338.61,office_equipment
6575,37,Approved,high,False,True,5281.43,142.74,office_equipment
6576,24,Approved,medium,False,True,4720.74,196.7,material_for_production
6577,32,Rejected,medium,False,True,5330.52,166.58,material_for_production
6578,32,Approved,medium,True,True,5808.96,181.53,office_equipment
6579,17,Rejected,medium,False,False,1945.4,114.44,other
6580,15,Rejected,high,True,False,3201.3,213.42,material_for_production
6581,13,Rejected,medium,True,True,4119.97,316.92,office_equipment
6582,8,Approved,medium,True,True,6807.76,850.97,office_equipment
6583,29,Approved,high,True,True,5991.24,206.59,office_equipment
6584,5,Approved,high,True,True,2428.7,485.74,other
6585,22,Rejected,medium,True,True,6692.95,304.22,office_equipment
6586,32,Rejected,medium,False,False,2424.1,75.75,other
6587,8,Approved,medium,True,True,6967.72,870.97,other
6588,15,Approved,medium,True,False,1702.01,113.47,office_equipment
6589,9,Rejected,low,False,True,5409.62,601.07,material_for_production
6590,31,Approved,medium,True,True,1930.94,62.29,material_for_production
6591,33,Approved,high,True,False,5784.99,175.3,office_equipment
6592,19,Approved,high,False,False,4731.9,249.05,office_equipment
6593,20,Approved,medium,False,False,2490.04,124.5,other
6594,13,Approved,low,True,True,3776.62,290.51,material_for_production
6595,26,Rejected,medium,False,False,4893.53,188.21,office_equipment
6596,19,Rejected,medium,True,True,3991.09,210.06,office_equipment
6597,7,Approved,medium,True,True,3249.79,464.26,material_for_production
6598,28,Approved,medium,True,False,4133.92,147.64,office_equipment
6599,7,Rejected,medium,False,False,4360.55,622.94,material_for_production
6600,34,Approved,high,True,True,4790.88,140.91,material_for_production
6601,30,Approved,high,True,True,5900.81,196.69,material_for_production
6602,22,Approved,high,True,True,1571.99,71.45,material_for_production
6603,19,Rejected,medium,True,False,5836.85,307.2,office_equipment
6604,33,Rejected,medium,True,True,3886.17,117.76,other
6605,35,Approved,medium,True,True,2482.19,70.92,material_for_production
6606,29,Rejected,medium,False,True,6663.2,229.77,material_for_production
6607,11,Rejected,medium,False,False,5958.05,541.64,material_for_production
6608,18,Rejected,high,True,False,3995.73,221.99,other
6609,8,Approved,high,False,False,2588.98,323.62,material_for_production
6610,39,Approved,medium,True,False,5108.8,130.99,material_for_production
6611,19,Approved,high,True,True,4999.52,263.13,material_for_production
6612,37,Approved,high,False,True,2147.76,58.05,material_for_production
6613,12,Approved,high,False,True,1888.55,157.38,material_for_production
6614,11,Rejected,medium,False,True,5452.56,495.69,other
6615,23,Approved,medium,True,True,5954.06,258.87,other
6616,39,Approved,medium,False,True,2560.97,65.67,material_for_production
6617,20,Approved,medium,False,True,4660.28,233.01,material_for_production
6618,40,Rejected,medium,True,True,1540.71,38.52,other
6619,28,Rejected,medium,False,True,6352.43,226.87,material_for_production
6620,10,Rejected,medium,False,True,4947.6,494.76,other
6621,14,Approved,low,False,True,4825.45,344.68,material_for_production
6622,6,Rejected,medium,True,True,5621.1,936.85,material_for_production
6623,11,Rejected,medium,False,True,5670.57,515.51,other
6624,36,Approved,low,False,True,3943.26,109.54,material_for_production
6625,14,Approved,high,True,True,2412.66,172.33,office_equipment
6626,5,Approved,medium,True,True,4160.83,832.17,material_for_production
6627,11,Approved,high,False,True,1706.17,155.11,material_for_production
6628,40,Approved,medium,False,False,4616.2,115.41,material_for_production
6629,30,Approved,medium,True,True,4129.75,137.66,material_for_production
6630,12,Approved,high,False,True,2521.49,210.12,office_equipment
6631,12,Rejected,medium,False,False,5701.65,475.14,other
6632,21,Approved,medium,False,True,5591.77,266.27,other
6633,31,Approved,medium,True,True,4216.85,136.03,office_equipment
6634,15,Approved,medium,False,True,1752.85,116.86,material_for_production
6635,8,Rejected,medium,True,False,6964.84,870.61,office_equipment
6636,12,Approved,medium,False,True,3970.64,330.89,material_for_production
6637,33,Approved,high,True,True,2403.35,72.83,material_for_production
6638,24,Approved,medium,False,True,1965.44,81.89,material_for_production
6639,18,Approved,medium,True,True,5201.36,288.96,office_equipment
6640,7,Approved,medium,False,True,5624.94,803.56,material_for_production
6641,11,Approved,medium,False,True,1905.74,173.25,material_for_production
6642,36,Approved,low,True,False,6061.56,168.38,material_for_production
6643,8,Approved,high,False,False,6611.76,826.47,material_for_production
6644,29,Rejected,low,False,True,1965.17,67.76,material_for_production
6645,19,Rejected,medium,True,True,2266.49,119.29,material_for_production
6646,24,Approved,medium,True,True,2532.21,105.51,material_for_production
6647,34,Approved,medium,True,True,1566.44,46.07,office_equipment
6648,11,Approved,medium,False,True,6328.68,575.33,material_for_production
6649,12,Approved,high,True,True,3344.06,278.67,material_for_production
6650,32,Approved,high,True,False,2376.44,74.26,material_for_production
6651,16,Rejected,medium,False,True,1755.62,109.73,office_equipment
6652,15,Approved,high,False,False,1535.8,102.39,office_equipment
6653,22,Rejected,medium,True,False,6187.84,281.27,office_equipment
6654,8,Rejected,high,True,False,6768.42,846.05,material_for_production
6655,29,Rejected,high,False,True,3574.65,123.26,office_equipment
6656,29,Approved,medium,False,True,2122.75,73.2,material_for_production
6657,37,Rejected,medium,False,False,1726.89,46.67,office_equipment
6658,21,Approved,medium,False,True,6204.34,295.44,material_for_production
6659,7,Rejected,medium,False,True,2493.04,356.15,other
6660,23,Approved,high,True,True,1821.23,79.18,office_equipment
6661,24,Rejected,medium,False,True,4747.33,197.81,material_for_production
6662,27,Approved,medium,True,True,5010.53,185.58,material_for_production
6663,27,Approved,high,True,True,4616.22,170.97,material_for_production
6664,34,Rejected,medium,False,False,3167.55,93.16,office_equipment
6665,14,Rejected,medium,False,False,5181.89,370.14,other
6666,23,Rejected,low,True,True,1630.66,70.9,office_equipment
6667,37,Approved,high,False,True,3356.63,90.72,material_for_production
6668,32,Rejected,medium,True,True,6054.18,189.19,office_equipment
6669,35,Rejected,high,True,False,1822.25,52.06,material_for_production
6670,39,Approved,medium,True,False,6660.69,170.79,material_for_production
6671,8,Approved,high,False,False,2237.53,279.69,material_for_production
6672,8,Approved,medium,True,True,3388.5,423.56,material_for_production
6673,8,Rejected,medium,True,False,6944.29,868.04,material_for_production
6674,36,Approved,low,True,True,2688.96,74.69,office_equipment
6675,30,Rejected,medium,False,False,6234.4,207.81,other
6676,10,Rejected,medium,False,True,6847.52,684.75,office_equipment
6677,29,Rejected,medium,False,True,5483.78,189.1,office_equipment
6678,30,Rejected,medium,False,True,6125.22,204.17,material_for_production
6679,11,Approved,medium,True,True,2526.54,229.69,other
6680,12,Rejected,medium,False,True,5874.49,489.54,office_equipment
6681,32,Approved,medium,False,False,2774.1,86.69,office_equipment
6682,27,Approved,high,True,True,5743.99,212.74,material_for_production
6683,10,Approved,low,False,False,2819.69,281.97,material_for_production
6684,40,Rejected,medium,False,False,5750.76,143.77,office_equipment
6685,34,Approved,high,False,False,6022.22,177.12,material_for_production
6686,31,Rejected,medium,False,False,3654.53,117.89,other
6687,21,Approved,medium,True,False,3894.52,185.45,material_for_production
6688,16,Approved,medium,True,True,1914.94,119.68,other
6689,8,Approved,high,True,False,3368.09,421.01,office_equipment
6690,9,Approved,medium,True,True,2131.45,236.83,office_equipment
6691,7,Approved,high,False,True,3055.99,436.57,office_equipment
6692,34,Approved,medium,False,False,5132.85,150.97,material_for_production
6693,35,Rejected,medium,True,False,4198.9,119.97,office_equipment
6694,8,Approved,high,False,True,1697.29,212.16,other
6695,5,Approved,medium,False,True,6243.32,1248.66,material_for_production
6696,26,Rejected,high,True,False,4417.11,169.89,other
6697,16,Approved,medium,False,False,4447.67,277.98,material_for_production
6698,7,Approved,high,False,False,5353.75,764.82,office_equipment
6699,19,Rejected,high,False,True,5764.73,303.41,material_for_production
6700,37,Approved,high,False,True,2068.0,55.89,material_for_production
6701,15,Rejected,high,False,True,6559.9,437.33,other
6702,35,Approved,medium,True,True,2082.38,59.5,material_for_production
6703,12,Rejected,high,False,True,5626.82,468.9,material_for_production
6704,12,Rejected,high,True,True,6028.63,502.39,material_for_production
6705,5,Rejected,medium,False,True,6968.94,1393.79,other
6706,31,Rejected,low,False,True,6342.08,204.58,other
6707,13,Rejected,medium,False,True,3343.51,257.19,office_equipment
6708,5,Approved,medium,False,False,6958.21,1391.64,material_for_production
6709,23,Approved,medium,True,False,4560.29,198.27,office_equipment
6710,15,Approved,medium,True,True,3076.37,205.09,office_equipment
6711,8,Approved,medium,False,True,4953.54,619.19,material_for_production
6712,12,Approved,high,False,False,2400.58,200.05,material_for_production
6713,33,Rejected,low,False,True,2839.25,86.04,other
6714,24,Rejected,medium,False,False,5314.49,221.44,office_equipment
6715,6,Approved,high,False,False,4058.77,676.46,material_for_production
6716,10,Rejected,low,False,True,1827.64,182.76,material_for_production
6717,18,Rejected,medium,True,True,2117.93,117.66,material_for_production
6718,7,Approved,medium,False,True,1767.33,252.48,material_for_production
6719,25,Approved,medium,True,True,2482.16,99.29,material_for_production
6720,5,Rejected,medium,True,True,6140.4,1228.08,office_equipment
6721,23,Rejected,low,True,True,3770.64,163.94,office_equipment
6722,28,Approved,medium,False,True,1591.08,56.82,office_equipment
6723,5,Approved,medium,True,False,3349.46,669.89,material_for_production
6724,21,Rejected,high,True,True,2751.96,131.05,material_for_production
6725,30,Approved,high,False,True,3124.09,104.14,material_for_production
6726,23,Approved,high,True,False,4123.6,179.29,material_for_production
6727,29,Approved,medium,False,True,6347.32,218.87,office_equipment
6728,7,Approved,medium,True,True,3460.81,494.4,material_for_production
6729,36,Approved,medium,False,False,6388.32,177.45,office_equipment
6730,13,Rejected,high,True,True,2651.51,203.96,other
6731,33,Approved,medium,False,True,5892.2,178.55,office_equipment
6732,16,Rejected,high,False,True,4378.65,273.67,office_equipment
6733,32,Rejected,medium,True,False,3232.02,101.0,office_equipment
6734,35,Approved,high,True,True,5890.54,168.3,material_for_production
6735,25,Rejected,high,True,False,1943.62,77.74,other
6736,10,Approved,high,False,True,1583.08,158.31,material_for_production
6737,10,Approved,medium,False,False,6451.28,645.13,material_for_production
6738,6,Approved,medium,False,False,3179.81,529.97,other
6739,32,Rejected,medium,False,True,2836.9,88.65,office_equipment
6740,13,Rejected,medium,False,True,1944.74,149.6,office_equipment
6741,25,Approved,high,True,True,3222.4,128.9,material_for_production
6742,36,Approved,medium,True,True,4562.92,126.75,office_equipment
6743,33,Rejected,medium,False,False,2338.86,70.87,material_for_production
6744,30,Approved,medium,False,True,4343.99,144.8,material_for_production
6745,34,Approved,high,True,True,1879.59,55.28,other
6746,16,Rejected,medium,True,False,4413.61,275.85,office_equipment
6747,25,Approved,high,True,True,1668.69,66.75,other
6748,17,Rejected,medium,False,False,5693.35,334.9,material_for_production
6749,23,Approved,low,True,True,4516.51,196.37,office_equipment
6750,7,Rejected,low,False,True,5640.14,805.73,other
6751,29,Rejected,high,False,False,5097.1,175.76,other
6752,34,Approved,low,True,True,1848.11,54.36,material_for_production
6753,13,Approved,medium,False,True,4503.84,346.45,material_for_production
6754,14,Approved,medium,False,True,2612.29,186.59,material_for_production
6755,34,Approved,medium,True,False,3139.98,92.35,other
6756,21,Approved,high,True,True,6071.06,289.1,other
6757,29,Rejected,high,False,False,6842.08,235.93,office_equipment
6758,16,Approved,low,True,True,2216.05,138.5,office_equipment
6759,16,Rejected,medium,False,True,1894.13,118.38,office_equipment
6760,11,Rejected,medium,True,True,3487.3,317.03,office_equipment
6761,16,Rejected,low,True,True,5039.91,314.99,material_for_production
6762,25,Approved,medium,False,True,1643.59,65.74,office_equipment
6763,31,Approved,high,True,False,3444.78,111.12,office_equipment
6764,12,Rejected,medium,False,True,4017.57,334.8,office_equipment
6765,5,Approved,medium,False,False,6090.47,1218.09,material_for_production
6766,16,Rejected,medium,False,True,3788.64,236.79,office_equipment
6767,22,Rejected,medium,True,True,6431.49,292.34,other
6768,9,Rejected,high,False,True,3514.89,390.54,office_equipment
6769,27,Approved,medium,True,False,6648.01,246.22,material_for_production
6770,27,Approved,medium,False,False,1656.38,61.35,material_for_production
6771,17,Rejected,medium,False,False,6417.09,377.48,material_for_production
6772,8,Approved,medium,False,False,2321.77,290.22,material_for_production
6773,18,Approved,medium,False,True,5100.48,283.36,office_equipment
6774,11,Rejected,medium,False,False,4897.88,445.26,other
6775,10,Rejected,medium,False,True,3955.87,395.59,other
6776,22,Rejected,low,False,True,4640.52,210.93,office_equipment
6777,10,Rejected,medium,True,True,1805.55,180.56,other
6778,25,Approved,medium,True,False,5800.85,232.03,material_for_production
6779,29,Rejected,high,True,False,4214.97,145.34,office_equipment
6780,31,Approved,high,False,True,1557.59,50.24,material_for_production
6781,27,Approved,high,False,True,4194.93,155.37,material_for_production
6782,6,Approved,medium,True,True,2211.31,368.55,other
6783,8,Approved,medium,True,True,6270.73,783.84,office_equipment
6784,14,Approved,medium,False,True,1922.98,137.36,office_equipment
6785,25,Rejected,medium,False,True,6704.98,268.2,material_for_production
6786,22,Rejected,medium,True,True,6135.17,278.87,office_equipment
6787,37,Rejected,medium,False,True,2269.33,61.33,office_equipment
6788,12,Rejected,medium,False,True,3234.24,269.52,office_equipment
6789,6,Rejected,low,True,False,5176.76,862.79,office_equipment
6790,13,Approved,medium,True,False,1654.52,127.27,other
6791,11,Rejected,medium,False,True,3287.97,298.91,other
6792,34,Approved,medium,False,True,3040.13,89.42,office_equipment
6793,27,Approved,low,False,True,4901.54,181.54,other
6794,22,Approved,medium,True,False,1550.42,70.47,material_for_production
6795,34,Approved,high,False,True,4244.91,124.85,office_equipment
6796,28,Rejected,medium,True,True,4715.29,168.4,material_for_production
6797,32,Approved,high,True,True,4511.43,140.98,office_equipment
6798,13,Approved,medium,False,True,3516.2,270.48,other
6799,20,Rejected,low,False,False,4599.2,229.96,office_equipment
6800,21,Approved,medium,True,True,6131.17,291.96,material_for_production
6801,11,Approved,high,False,True,4744.78,431.34,material_for_production
6802,34,Rejected,low,False,False,5257.45,154.63,office_equipment
6803,29,Approved,medium,False,True,6033.78,208.06,material_for_production
6804,9,Rejected,medium,False,False,6622.7,735.86,office_equipment
6805,27,Rejected,low,False,True,6688.06,247.71,office_equipment
6806,18,Rejected,medium,True,False,3622.31,201.24,office_equipment
6807,36,Rejected,high,False,True,5223.27,145.09,material_for_production
6808,31,Approved,medium,True,True,5050.2,162.91,other
6809,12,Approved,medium,True,False,6047.82,503.98,other
6810,14,Rejected,high,False,False,6551.05,467.93,other
6811,34,Rejected,medium,True,True,5810.81,170.91,material_for_production
6812,34,Approved,medium,True,True,2997.31,88.16,material_for_production
6813,33,Approved,medium,True,False,1550.77,46.99,other
6814,14,Rejected,low,True,True,2052.6,146.61,other
6815,28,Approved,high,False,True,5312.97,189.75,material_for_production
6816,7,Approved,medium,True,False,1671.14,238.73,office_equipment
6817,15,Rejected,high,True,True,2601.57,173.44,office_equipment
6818,30,Rejected,low,False,False,4612.61,153.75,office_equipment
6819,20,Rejected,medium,True,False,4419.27,220.96,office_equipment
6820,18,Rejected,medium,True,False,1695.56,94.2,office_equipment
6821,35,Rejected,medium,False,True,5111.91,146.05,other
6822,15,Approved,low,False,False,2195.7,146.38,material_for_production
6823,35,Approved,medium,True,False,1707.54,48.79,material_for_production
6824,5,Rejected,medium,False,True,3170.67,634.13,other
6825,5,Rejected,medium,True,True,3318.8,663.76,office_equipment
6826,28,Approved,high,True,True,4813.83,171.92,other
6827,21,Approved,medium,False,False,5142.4,244.88,material_for_production
6828,5,Rejected,medium,False,False,2564.41,512.88,office_equipment
6829,38,Approved,medium,False,True,5161.04,135.82,office_equipment
6830,15,Approved,medium,True,True,3323.84,221.59,material_for_production
6831,29,Rejected,medium,True,True,4567.02,157.48,office_equipment
6832,5,Approved,medium,False,True,1786.06,357.21,material_for_production
6833,8,Approved,medium,False,True,2566.3,320.79,material_for_production
6834,25,Rejected,medium,False,False,6019.58,240.78,other
6835,17,Rejected,high,False,True,4816.32,283.31,material_for_production
6836,7,Rejected,medium,True,True,6908.54,986.93,other
6837,15,Rejected,low,False,False,3562.45,237.5,material_for_production
6838,14,Approved,high,False,True,2235.47,159.68,material_for_production
6839,14,Approved,medium,False,True,3562.98,254.5,material_for_production
6840,6,Rejected,medium,False,False,2929.99,488.33,other
6841,8,Rejected,medium,False,False,2378.21,297.28,office_equipment
6842,21,Rejected,medium,True,True,4145.51,197.41,material_for_production
6843,34,Rejected,medium,False,True,2045.51,60.16,office_equipment
6844,37,Rejected,low,False,True,4901.95,132.49,material_for_production
6845,9,Approved,medium,True,True,1870.85,207.87,office_equipment
6846,26,Approved,low,True,True,5856.15,225.24,material_for_production
6847,18,Approved,high,False,False,2362.87,131.27,material_for_production
6848,21,Approved,high,True,True,4303.74,204.94,office_equipment
6849,37,Approved,medium,True,False,2388.77,64.56,office_equipment
6850,31,Rejected,medium,False,False,3599.41,116.11,office_equipment
6851,30,Rejected,medium,True,True,3649.19,121.64,material_for_production
6852,10,Approved,medium,True,True,3777.52,377.75,other
6853,26,Approved,medium,False,False,6110.33,235.01,other
6854,31,Rejected,medium,False,False,5657.37,182.5,office_equipment
6855,15,Rejected,high,False,False,4223.82,281.59,material_for_production
6856,32,Rejected,medium,False,True,1649.99,51.56,material_for_production
6857,35,Rejected,high,False,True,4464.43,127.56,other
6858,29,Rejected,medium,False,False,3505.39,120.88,office_equipment
6859,9,Approved,medium,False,True,1614.57,179.4,material_for_production
6860,17,Rejected,medium,False,True,4778.66,281.1,office_equipment
6861,38,Approved,medium,True,True,6358.94,167.34,material_for_production
6862,25,Approved,medium,False,False,5453.05,218.12,material_for_production
6863,28,Approved,medium,False,False,6204.79,221.6,material_for_production
6864,17,Approved,medium,True,True,3457.42,203.38,material_for_production
6865,18,Rejected,medium,True,False,2146.89,119.27,other
6866,30,Approved,high,True,False,6382.29,212.74,material_for_production
6867,7,Rejected,medium,False,True,4528.09,646.87,material_for_production
6868,28,Rejected,low,True,False,3959.22,141.4,material_for_production
6869,37,Rejected,medium,True,False,2117.19,57.22,other
6870,20,Rejected,low,False,True,3784.29,189.21,office_equipment
6871,17,Rejected,low,False,True,6288.77,369.93,material_for_production
6872,40,Approved,medium,False,True,4740.81,118.52,material_for_production
6873,13,Approved,high,True,True,3674.73,282.67,material_for_production
6874,8,Rejected,medium,False,False,3341.77,417.72,office_equipment
6875,24,Approved,low,False,True,6832.25,284.68,material_for_production
6876,31,Approved,high,True,True,3117.68,100.57,office_equipment
6877,22,Rejected,medium,True,True,5779.55,262.71,material_for_production
6878,26,Approved,low,False,False,4405.44,169.44,material_for_production
6879,35,Approved,high,False,True,3146.55,89.9,material_for_production
6880,39,Approved,medium,True,True,3424.51,87.81,office_equipment
6881,40,Approved,high,True,True,4059.64,101.49,material_for_production
6882,21,Rejected,low,True,True,6398.01,304.67,material_for_production
6883,36,Rejected,medium,False,False,6433.44,178.71,material_for_production
6884,29,Rejected,medium,True,True,5274.34,181.87,material_for_production
6885,15,Rejected,medium,True,False,5420.29,361.35,material_for_production
6886,34,Rejected,medium,True,True,6508.34,191.42,office_equipment
6887,25,Rejected,medium,False,False,6424.03,256.96,material_for_production
6888,29,Rejected,medium,True,True,3966.93,136.79,office_equipment
6889,17,Approved,medium,False,False,3542.37,208.37,material_for_production
6890,40,Rejected,low,True,False,6546.11,163.65,material_for_production
6891,29,Approved,medium,True,True,3518.14,121.32,office_equipment
6892,35,Approved,high,True,False,3981.2,113.75,office_equipment
6893,17,Approved,medium,False,True,2375.15,139.71,material_for_production
6894,27,Approved,medium,False,True,5394.52,199.8,other
6895,16,Approved,high,True,True,4650.87,290.68,material_for_production
6896,27,Approved,medium,True,True,6267.97,232.15,material_for_production
6897,31,Approved,high,False,True,4089.44,131.92,material_for_production
6898,38,Approved,medium,True,False,4934.43,129.85,material_for_production
6899,20,Rejected,medium,False,False,1567.37,78.37,material_for_production
6900,27,Approved,high,False,True,5206.87,192.85,material_for_production
6901,27,Rejected,medium,False,False,3245.27,120.2,office_equipment
6902,17,Rejected,high,True,True,4507.12,265.12,material_for_production
6903,12,Approved,high,True,True,2366.61,197.22,material_for_production
6904,14,Approved,high,True,True,5715.08,408.22,other
6905,10,Approved,medium,True,False,5636.24,563.62,material_for_production
6906,28,Approved,medium,False,True,2201.85,78.64,material_for_production
6907,24,Approved,medium,False,True,1808.72,75.36,office_equipment
6908,19,Approved,low,False,True,2478.67,130.46,material_for_production
6909,32,Approved,medium,False,False,2476.48,77.39,material_for_production
6910,12,Rejected,medium,True,True,6253.76,521.15,office_equipment
6911,12,Approved,high,False,False,2674.53,222.88,office_equipment
6912,29,Rejected,high,False,True,3620.8,124.86,material_for_production
6913,36,Approved,medium,True,False,5186.63,144.07,material_for_production
6914,26,Approved,medium,False,False,1871.41,71.98,material_for_production
6915,12,Approved,medium,False,False,2514.97,209.58,material_for_production
6916,26,Rejected,medium,False,True,4204.57,161.71,office_equipment
6917,33,Rejected,medium,True,True,5632.51,170.68,material_for_production
6918,34,Approved,medium,True,True,5341.72,157.11,material_for_production
6919,16,Approved,low,True,True,2035.85,127.24,other
6920,5,Rejected,medium,False,False,5337.09,1067.42,other
6921,32,Rejected,high,True,False,5633.1,176.03,material_for_production
6922,31,Approved,medium,True,True,2194.99,70.81,material_for_production
6923,20,Approved,high,True,True,3928.61,196.43,other
6924,28,Rejected,low,True,False,3873.77,138.35,material_for_production
6925,11,Approved,medium,False,True,4167.95,378.9,other
6926,32,Rejected,medium,True,True,5682.28,177.57,material_for_production
6927,19,Approved,high,False,False,4255.43,223.97,office_equipment
6928,38,Rejected,medium,False,False,5896.66,155.18,other
6929,34,Approved,high,False,True,2401.68,70.64,office_equipment
6930,31,Approved,high,True,True,3523.94,113.68,material_for_production
6931,16,Approved,medium,True,False,2021.7,126.36,material_for_production
6932,10,Approved,medium,True,True,4186.49,418.65,other
6933,19,Approved,medium,False,True,6456.93,339.84,office_equipment
6934,15,Approved,medium,False,True,5442.89,362.86,material_for_production
6935,22,Rejected,medium,True,True,3859.55,175.43,office_equipment
6936,35,Approved,medium,False,False,1803.34,51.52,other
6937,33,Rejected,high,True,False,4402.54,133.41,material_for_production
6938,37,Rejected,high,True,False,3534.77,95.53,office_equipment
6939,33,Approved,high,True,True,5789.48,175.44,other
6940,27,Rejected,medium,False,True,5188.79,192.18,office_equipment
6941,13,Rejected,medium,True,True,6377.84,490.6,other
6942,9,Rejected,medium,True,False,5176.71,575.19,material_for_production
6943,32,Approved,medium,False,False,3714.15,116.07,other
6944,23,Rejected,high,True,True,3039.13,132.14,office_equipment
6945,14,Approved,medium,False,True,5825.02,416.07,other
6946,7,Rejected,medium,False,True,2540.5,362.93,other
6947,14,Rejected,medium,True,True,6609.83,472.13,material_for_production
6948,29,Approved,medium,True,True,4082.25,140.77,other
6949,15,Approved,high,True,True,3091.71,206.11,office_equipment
6950,28,Approved,medium,False,True,2526.17,90.22,office_equipment
6951,22,Approved,low,False,True,5109.24,232.24,material_for_production
6952,21,Approved,medium,True,True,4904.62,233.55,other
6953,12,Rejected,medium,False,True,1806.1,150.51,other
6954,21,Rejected,high,True,False,2969.56,141.41,material_for_production
6955,16,Rejected,medium,True,True,6094.89,380.93,office_equipment
6956,27,Rejected,medium,True,True,1893.24,70.12,office_equipment
6957,33,Rejected,high,False,True,3957.56,119.93,material_for_production
6958,29,Rejected,medium,True,True,4599.79,158.61,other
6959,30,Rejected,high,False,False,1645.34,54.84,other
6960,13,Approved,medium,True,False,2997.87,230.61,office_equipment
6961,27,Rejected,low,False,True,3643.06,134.93,office_equipment
6962,30,Approved,medium,True,False,2971.1,99.04,material_for_production
6963,5,Approved,medium,True,True,3640.28,728.06,material_for_production
6964,21,Approved,medium,True,True,1855.22,88.34,material_for_production
6965,24,Approved,high,True,True,5859.69,244.15,material_for_production
6966,6,Approved,medium,True,True,3965.71,660.95,other
6967,28,Approved,medium,False,True,3257.15,116.33,material_for_production
6968,16,Rejected,low,False,True,2623.19,163.95,material_for_production
6969,29,Rejected,medium,False,False,6073.12,209.42,other
6970,37,Approved,high,True,True,2590.59,70.02,material_for_production
6971,9,Rejected,medium,True,False,3571.65,396.85,office_equipment
6972,5,Approved,medium,False,False,1714.04,342.81,material_for_production
6973,14,Approved,medium,True,True,4930.79,352.2,material_for_production
6974,10,Rejected,high,True,True,3483.09,348.31,material_for_production
6975,15,Rejected,medium,False,True,5167.91,344.53,office_equipment
6976,28,Approved,medium,False,True,1794.59,64.09,office_equipment
6977,32,Approved,high,False,True,1849.85,57.81,office_equipment
6978,16,Rejected,medium,False,True,6938.02,433.63,office_equipment
6979,31,Rejected,medium,False,False,6325.85,204.06,office_equipment
6980,33,Rejected,medium,False,False,2421.76,73.39,material_for_production
6981,29,Rejected,medium,False,True,6319.56,217.92,office_equipment
6982,29,Approved,high,True,True,4121.75,142.13,material_for_production
6983,9,Rejected,medium,False,False,4617.29,513.03,office_equipment
6984,18,Approved,low,True,False,6368.99,353.83,material_for_production
6985,6,Approved,medium,True,True,2156.27,359.38,office_equipment
6986,32,Rejected,medium,False,True,2325.68,72.68,material_for_production
6987,38,Approved,high,True,True,5095.86,134.1,office_equipment
6988,38,Approved,high,False,False,2181.08,57.4,office_equipment
6989,11,Approved,medium,False,True,1745.45,158.68,material_for_production
6990,12,Approved,medium,False,True,3512.21,292.68,office_equipment
6991,39,Rejected,medium,True,True,3969.96,101.79,material_for_production
6992,12,Rejected,low,False,True,5755.46,479.62,material_for_production
6993,19,Approved,medium,False,False,1570.03,82.63,material_for_production
6994,23,Rejected,high,False,True,6139.17,266.92,office_equipment
6995,18,Approved,medium,False,True,6659.41,369.97,material_for_production
6996,16,Rejected,high,False,False,2766.82,172.93,office_equipment
6997,22,Approved,medium,False,True,4763.57,216.53,material_for_production
6998,17,Approved,high,True,True,2170.79,127.69,material_for_production
6999,34,Approved,high,True,True,1544.08,45.41,material_for_production
7000,35,Approved,high,False,True,6336.83,181.05,material_for_production
7001,9,Rejected,medium,False,True,4453.27,494.81,other
7002,11,Rejected,high,True,True,5041.21,458.29,material_for_production
7003,32,Approved,high,True,True,2617.14,81.79,material_for_production
7004,24,Approved,high,False,False,6836.02,284.83,material_for_production
7005,11,Approved,medium,True,False,4873.58,443.05,material_for_production
7006,15,Approved,high,False,True,1587.93,105.86,office_equipment
7007,16,Approved,medium,True,True,1843.47,115.22,material_for_production
7008,15,Rejected,medium,True,False,6744.4,449.63,office_equipment
7009,19,Rejected,medium,True,True,3936.48,207.18,other
7010,35,Rejected,low,False,True,2640.81,75.45,other
7011,29,Rejected,medium,True,True,6295.32,217.08,material_for_production
7012,7,Approved,medium,True,True,4203.6,600.51,material_for_production
7013,14,Approved,medium,False,True,5708.86,407.78,office_equipment
7014,24,Rejected,high,False,True,4759.57,198.32,other
7015,9,Rejected,medium,True,False,6682.51,742.5,office_equipment
7016,35,Rejected,medium,False,False,5156.55,147.33,material_for_production
7017,30,Rejected,medium,False,True,3039.71,101.32,material_for_production
7018,23,Approved,medium,True,True,5990.98,260.48,material_for_production
7019,21,Approved,high,False,True,6579.14,313.29,material_for_production
7020,17,Approved,medium,True,True,2184.4,128.49,office_equipment
7021,5,Approved,medium,False,False,3309.51,661.9,material_for_production
7022,27,Rejected,medium,False,False,3114.68,115.36,office_equipment
7023,27,Rejected,high,False,False,5390.15,199.64,material_for_production
7024,14,Rejected,high,False,False,6340.32,452.88,office_equipment
7025,29,Approved,high,True,True,2916.95,100.58,office_equipment
7026,11,Approved,medium,True,True,4694.05,426.73,other
7027,39,Rejected,medium,False,False,3713.08,95.21,office_equipment
7028,10,Approved,high,True,True,4389.01,438.9,material_for_production
7029,35,Approved,medium,False,True,3773.63,107.82,material_for_production
7030,18,Approved,high,True,True,5628.46,312.69,office_equipment
7031,21,Approved,medium,False,True,5105.84,243.14,office_equipment
7032,19,Approved,medium,True,True,4076.36,214.55,material_for_production
7033,34,Rejected,high,False,True,3826.8,112.55,office_equipment
7034,31,Rejected,low,True,True,3850.8,124.22,material_for_production
7035,28,Approved,medium,True,False,6139.56,219.27,material_for_production
7036,19,Approved,medium,True,True,4737.2,249.33,office_equipment
7037,35,Rejected,medium,False,True,4593.04,131.23,other
7038,9,Rejected,low,False,False,3177.73,353.08,office_equipment
7039,21,Rejected,high,False,False,6873.96,327.33,material_for_production
7040,8,Approved,high,False,True,4728.17,591.02,other
7041,21,Rejected,medium,False,False,4896.08,233.15,material_for_production
7042,12,Approved,low,True,True,1526.06,127.17,office_equipment
7043,33,Approved,medium,True,True,1505.56,45.62,material_for_production
7044,20,Rejected,high,False,True,6930.43,346.52,other
7045,27,Rejected,medium,True,False,6495.42,240.57,material_for_production
7046,29,Approved,medium,True,True,3694.03,127.38,material_for_production
7047,26,Approved,medium,True,True,6375.14,245.2,material_for_production
7048,40,Approved,medium,True,False,5947.68,148.69,office_equipment
7049,35,Approved,medium,False,True,3430.91,98.03,material_for_production
7050,31,Approved,high,False,True,6310.61,203.57,material_for_production
7051,6,Rejected,high,False,False,3759.88,626.65,material_for_production
7052,29,Rejected,medium,True,True,5056.69,174.37,material_for_production
7053,13,Rejected,medium,True,True,4347.39,334.41,other
7054,35,Approved,high,True,False,2694.42,76.98,material_for_production
7055,35,Rejected,medium,False,True,4857.9,138.8,material_for_production
7056,27,Approved,high,True,True,3981.7,147.47,material_for_production
7057,13,Rejected,high,False,True,4285.89,329.68,material_for_production
7058,14,Rejected,high,False,True,5475.86,391.13,other
7059,24,Approved,high,True,True,6727.4,280.31,other
7060,27,Approved,medium,True,False,6838.31,253.27,material_for_production
7061,23,Rejected,low,False,True,6931.21,301.36,office_equipment
7062,38,Approved,medium,True,True,3787.52,99.67,other
7063,16,Approved,medium,True,True,6838.94,427.43,office_equipment
7064,9,Approved,medium,True,True,3893.41,432.6,office_equipment
7065,6,Rejected,medium,False,True,6553.15,1092.19,material_for_production
7066,40,Rejected,medium,False,True,4578.55,114.46,other
7067,40,Approved,medium,False,True,3118.88,77.97,office_equipment
7068,22,Approved,medium,False,True,3317.51,150.8,office_equipment
7069,35,Approved,medium,False,False,4734.42,135.27,material_for_production
7070,36,Rejected,high,True,True,4518.82,125.52,office_equipment
7071,25,Rejected,high,True,False,2531.82,101.27,other
7072,28,Rejected,medium,True,False,3230.3,115.37,office_equipment
7073,13,Approved,high,False,True,3174.62,244.2,material_for_production
7074,15,Approved,medium,True,False,6950.08,463.34,material_for_production
7075,30,Approved,high,True,True,1862.42,62.08,material_for_production
7076,31,Rejected,medium,False,True,2133.81,68.83,other
7077,11,Approved,high,False,False,2570.41,233.67,material_for_production
7078,5,Approved,medium,True,True,3335.63,667.13,other
7079,11,Rejected,medium,True,True,2790.24,253.66,other
7080,35,Approved,medium,True,True,2872.43,82.07,other
7081,13,Rejected,medium,True,True,5872.43,451.73,material_for_production
7082,26,Approved,medium,True,True,1668.29,64.16,material_for_production
7083,19,Rejected,high,False,False,5748.77,302.57,office_equipment
7084,28,Rejected,medium,True,False,6496.8,232.03,other
7085,14,Approved,high,True,True,1945.54,138.97,material_for_production
7086,21,Approved,low,False,True,2525.75,120.27,material_for_production
7087,12,Rejected,high,False,True,2206.7,183.89,material_for_production
7088,7,Approved,high,False,True,3023.91,431.99,material_for_production
7089,10,Approved,high,True,False,5264.83,526.48,material_for_production
7090,27,Approved,medium,False,False,1903.86,70.51,material_for_production
7091,15,Approved,high,True,True,5486.12,365.74,material_for_production
7092,6,Rejected,medium,False,True,6808.54,1134.76,material_for_production
7093,16,Rejected,medium,False,True,4113.59,257.1,office_equipment
7094,24,Approved,low,True,True,4217.07,175.71,office_equipment
7095,20,Approved,medium,False,True,5412.72,270.64,other
7096,37,Approved,low,False,False,3048.42,82.39,material_for_production
7097,11,Rejected,medium,True,False,6673.63,606.69,material_for_production
7098,26,Approved,high,True,True,4495.3,172.9,material_for_production
7099,15,Approved,high,True,True,4349.29,289.95,other
7100,40,Approved,medium,False,True,5233.11,130.83,material_for_production
7101,21,Approved,medium,True,True,2517.75,119.89,other
7102,37,Rejected,low,False,False,5093.06,137.65,material_for_production
7103,15,Rejected,high,False,True,3508.28,233.89,other
7104,17,Approved,high,True,True,6862.63,403.68,office_equipment
7105,24,Approved,high,False,True,4569.61,190.4,other
7106,26,Rejected,high,False,True,6682.23,257.01,other
7107,35,Approved,high,False,True,1926.84,55.05,material_for_production
7108,27,Rejected,high,False,True,6537.08,242.11,office_equipment
7109,34,Rejected,high,True,True,3494.14,102.77,material_for_production
7110,38,Approved,low,False,True,5335.56,140.41,material_for_production
7111,38,Rejected,medium,False,True,5921.1,155.82,other
7112,21,Rejected,low,False,True,2433.7,115.89,material_for_production
7113,5,Rejected,high,True,True,5186.22,1037.24,material_for_production
7114,17,Rejected,high,True,True,3829.92,225.29,material_for_production
7115,34,Approved,medium,False,True,4427.61,130.22,material_for_production
7116,25,Rejected,medium,True,False,3587.99,143.52,office_equipment
7117,22,Approved,medium,False,True,4581.84,208.27,office_equipment
7118,10,Approved,medium,True,True,1625.76,162.58,material_for_production
7119,6,Approved,medium,False,True,6392.0,1065.33,office_equipment
7120,12,Approved,medium,True,False,6486.88,540.57,other
7121,9,Rejected,high,False,True,3327.67,369.74,material_for_production
7122,25,Approved,medium,True,True,4091.93,163.68,other
7123,23,Rejected,medium,True,False,5761.32,250.49,office_equipment
7124,5,Rejected,high,False,True,6838.21,1367.64,material_for_production
7125,33,Rejected,medium,False,False,5651.43,171.26,material_for_production
7126,30,Approved,high,True,True,5908.88,196.96,material_for_production
7127,39,Approved,medium,True,True,4728.22,121.24,office_equipment
7128,14,Rejected,high,True,True,2459.25,175.66,office_equipment
7129,13,Rejected,medium,False,True,4827.24,371.33,material_for_production
7130,18,Rejected,medium,True,True,5610.43,311.69,other
7131,10,Approved,medium,False,True,4837.26,483.73,other
7132,12,Rejected,medium,False,True,3457.39,288.12,office_equipment
7133,9,Rejected,medium,False,True,4641.77,515.75,office_equipment
7134,22,Approved,low,False,True,4680.06,212.73,material_for_production
7135,14,Approved,medium,True,True,3573.98,255.28,material_for_production
7136,34,Rejected,medium,False,True,6425.17,188.98,material_for_production
7137,39,Rejected,medium,False,True,3895.96,99.9,material_for_production
7138,25,Approved,medium,True,True,6245.92,249.84,material_for_production
7139,22,Approved,medium,False,True,5367.52,243.98,office_equipment
7140,13,Approved,medium,True,True,3326.82,255.91,material_for_production
7141,24,Approved,high,False,True,2257.6,94.07,material_for_production
7142,17,Approved,high,False,True,6222.13,366.01,material_for_production
7143,28,Approved,medium,False,False,5216.39,186.3,material_for_production
7144,19,Approved,high,False,True,4455.58,234.5,material_for_production
7145,37,Approved,high,True,False,6208.56,167.8,material_for_production
7146,16,Approved,medium,True,True,6980.39,436.27,office_equipment
7147,32,Rejected,medium,False,False,2663.32,83.23,office_equipment
7148,36,Rejected,low,False,True,3175.14,88.2,other
7149,32,Rejected,medium,False,True,3481.52,108.8,office_equipment
7150,18,Approved,medium,False,True,2266.67,125.93,material_for_production
7151,15,Rejected,medium,False,True,3730.2,248.68,office_equipment
7152,9,Approved,low,False,True,2868.34,318.7,material_for_production
7153,27,Approved,low,True,False,5950.68,220.4,office_equipment
7154,39,Rejected,medium,False,False,5095.5,130.65,material_for_production
7155,7,Approved,medium,True,True,5480.15,782.88,material_for_production
7156,18,Rejected,medium,False,True,2488.53,138.25,material_for_production
7157,12,Approved,medium,False,True,6807.74,567.31,material_for_production
7158,28,Rejected,medium,True,False,1818.5,64.95,material_for_production
7159,33,Approved,medium,True,True,2172.02,65.82,material_for_production
7160,11,Approved,low,True,True,2783.97,253.09,material_for_production
7161,40,Approved,medium,True,True,1503.84,37.6,material_for_production
7162,19,Approved,medium,False,True,3917.08,206.16,material_for_production
7163,19,Approved,high,True,True,4141.5,217.97,material_for_production
7164,40,Rejected,high,False,True,4592.18,114.8,material_for_production
7165,21,Rejected,medium,False,False,6672.17,317.72,material_for_production
7166,9,Approved,medium,True,True,6639.6,737.73,material_for_production
7167,32,Rejected,high,True,True,2227.9,69.62,office_equipment
7168,25,Rejected,medium,True,False,3578.54,143.14,office_equipment
7169,7,Rejected,high,True,True,3924.59,560.66,office_equipment
7170,12,Approved,medium,True,True,4335.02,361.25,other
7171,10,Approved,medium,True,True,4916.27,491.63,material_for_production
7172,35,Rejected,medium,True,True,3500.12,100.0,material_for_production
7173,38,Approved,medium,False,False,2752.84,72.44,office_equipment
7174,19,Rejected,medium,False,True,6770.58,356.35,other
7175,37,Rejected,high,True,False,2155.8,58.26,material_for_production
7176,9,Approved,low,False,True,5930.37,658.93,material_for_production
7177,7,Rejected,medium,False,False,3923.58,560.51,material_for_production
7178,28,Rejected,high,True,False,2989.1,106.75,material_for_production
7179,20,Approved,medium,True,False,2210.23,110.51,office_equipment
7180,16,Rejected,medium,False,False,6251.73,390.73,material_for_production
7181,28,Approved,medium,True,True,6709.72,239.63,material_for_production
7182,31,Approved,high,False,False,2194.67,70.8,material_for_production
7183,8,Rejected,high,False,True,2240.39,280.05,other
7184,12,Approved,high,False,True,2997.67,249.81,material_for_production
7185,39,Approved,medium,False,True,5286.37,135.55,office_equipment
7186,24,Rejected,medium,False,True,3407.93,142.0,office_equipment
7187,38,Approved,high,True,True,2949.74,77.62,other
7188,39,Approved,medium,True,False,4244.14,108.82,material_for_production
7189,32,Rejected,high,True,True,5595.72,174.87,material_for_production
7190,30,Approved,high,True,True,5833.51,194.45,office_equipment
7191,17,Rejected,medium,False,True,6613.18,389.01,other
7192,26,Approved,medium,True,True,6600.04,253.85,office_equipment
7193,26,Rejected,low,False,True,4427.55,170.29,office_equipment
7194,7,Rejected,low,False,True,2298.64,328.38,other
7195,8,Rejected,medium,True,False,3769.19,471.15,other
7196,8,Approved,medium,False,True,6253.53,781.69,material_for_production
7197,19,Approved,high,True,False,4562.67,240.14,material_for_production
7198,14,Approved,medium,True,True,1819.9,129.99,other
7199,16,Approved,medium,True,False,1547.63,96.73,office_equipment
7200,15,Rejected,medium,True,False,6067.15,404.48,other
7201,22,Approved,high,False,True,1646.62,74.85,office_equipment
7202,20,Approved,medium,False,True,2685.54,134.28,material_for_production
7203,38,Approved,medium,True,True,2085.41,54.88,office_equipment
7204,32,Approved,medium,True,True,2841.38,88.79,material_for_production
7205,39,Approved,high,False,True,6904.0,177.03,office_equipment
7206,33,Approved,medium,False,True,2114.8,64.08,other
7207,35,Approved,high,True,True,2051.93,58.63,other
7208,32,Rejected,high,True,False,2165.78,67.68,office_equipment
7209,29,Approved,medium,False,False,4412.49,152.15,material_for_production
7210,33,Rejected,medium,False,True,5737.16,173.85,office_equipment
7211,30,Approved,medium,True,True,5990.19,199.67,office_equipment
7212,18,Rejected,high,False,True,5435.4,301.97,material_for_production
7213,18,Approved,medium,True,True,1544.22,85.79,material_for_production
7214,27,Rejected,medium,False,True,5031.01,186.33,office_equipment
7215,18,Rejected,low,True,True,5519.05,306.61,other
7216,19,Rejected,medium,False,False,4257.14,224.06,other
7217,30,Approved,low,False,False,6559.38,218.65,material_for_production
7218,8,Approved,high,False,False,6082.64,760.33,other
7219,21,Rejected,medium,False,False,4515.14,215.01,material_for_production
7220,35,Approved,medium,False,False,3917.43,111.93,material_for_production
7221,9,Approved,medium,False,True,3639.44,404.38,material_for_production
7222,23,Approved,high,True,False,5795.07,251.96,other
7223,10,Rejected,medium,False,True,3533.87,353.39,office_equipment
7224,38,Rejected,medium,True,True,2309.83,60.78,office_equipment
7225,37,Rejected,medium,True,True,1681.87,45.46,office_equipment
7226,39,Rejected,medium,True,True,3292.55,84.42,office_equipment
7227,40,Rejected,medium,False,True,3037.08,75.93,other
7228,40,Rejected,medium,False,False,4150.46,103.76,other
7229,11,Approved,medium,False,True,5496.63,499.69,material_for_production
7230,17,Rejected,high,True,False,5828.44,342.85,office_equipment
7231,39,Approved,medium,True,True,2466.57,63.25,material_for_production
7232,32,Approved,high,True,True,2615.0,81.72,other
7233,31,Rejected,high,True,True,6280.05,202.58,material_for_production
7234,30,Rejected,medium,False,False,6067.78,202.26,material_for_production
7235,11,Approved,medium,True,True,6331.42,575.58,material_for_production
7236,7,Approved,medium,True,True,2806.77,400.97,material_for_production
7237,33,Rejected,medium,True,True,3315.88,100.48,other
7238,9,Approved,low,False,True,2037.27,226.36,material_for_production
7239,36,Approved,medium,False,True,6083.74,168.99,office_equipment
7240,22,Rejected,medium,True,True,5500.92,250.04,other
7241,36,Rejected,medium,False,True,3664.18,101.78,other
7242,14,Rejected,medium,False,True,6738.74,481.34,material_for_production
7243,31,Approved,medium,False,True,1600.47,51.63,material_for_production
7244,30,Rejected,medium,False,True,3444.71,114.82,other
7245,9,Approved,high,True,False,3929.55,436.62,material_for_production
7246,11,Approved,medium,True,False,5049.86,459.08,other
7247,29,Approved,high,True,False,6050.43,208.64,office_equipment
7248,40,Approved,medium,False,True,3065.5,76.64,material_for_production
7249,39,Approved,low,True,True,3842.11,98.52,office_equipment
7250,37,Approved,high,False,True,4917.76,132.91,material_for_production
7251,22,Rejected,medium,False,False,5102.97,231.95,material_for_production
7252,14,Approved,medium,False,True,6839.11,488.51,office_equipment
7253,35,Approved,medium,False,False,6570.19,187.72,material_for_production
7254,24,Rejected,medium,False,False,6210.0,258.75,material_for_production
7255,25,Rejected,medium,True,True,5429.41,217.18,office_equipment
7256,27,Approved,medium,True,True,2068.03,76.59,office_equipment
7257,31,Approved,medium,False,True,6292.62,202.99,material_for_production
7258,25,Rejected,medium,False,True,3128.31,125.13,office_equipment
7259,18,Approved,medium,False,True,4733.61,262.98,other
7260,21,Rejected,medium,False,True,4782.67,227.75,material_for_production
7261,17,Rejected,medium,False,True,4242.45,249.56,other
7262,38,Rejected,medium,False,True,5628.34,148.11,material_for_production
7263,7,Rejected,high,False,False,2075.55,296.51,office_equipment
7264,6,Approved,medium,True,True,4073.6,678.93,office_equipment
7265,16,Rejected,medium,False,True,3091.42,193.21,material_for_production
7266,38,Approved,medium,False,True,5711.44,150.3,other
7267,7,Approved,low,True,False,4531.96,647.42,material_for_production
7268,30,Rejected,medium,True,True,2998.66,99.96,material_for_production
7269,25,Approved,medium,False,True,6748.84,269.95,material_for_production
7270,33,Approved,medium,False,True,2854.78,86.51,office_equipment
7271,28,Rejected,medium,False,True,3919.47,139.98,office_equipment
7272,15,Rejected,high,True,False,2828.5,188.57,material_for_production
7273,11,Rejected,medium,True,True,4667.38,424.31,material_for_production
7274,17,Rejected,high,True,False,2303.35,135.49,office_equipment
7275,9,Approved,medium,False,True,5837.97,648.66,material_for_production
7276,24,Approved,medium,True,True,1902.76,79.28,other
7277,13,Approved,medium,True,True,4317.02,332.08,office_equipment
7278,22,Rejected,high,True,True,2204.18,100.19,office_equipment
7279,18,Rejected,medium,False,False,3719.49,206.64,other
7280,26,Rejected,high,False,True,1546.87,59.49,other
7281,16,Approved,medium,False,False,3300.75,206.3,material_for_production
7282,31,Approved,low,False,False,6476.71,208.93,office_equipment
7283,14,Approved,medium,True,True,1643.05,117.36,other
7284,39,Rejected,medium,True,True,2789.99,71.54,office_equipment
7285,35,Rejected,medium,True,False,3127.3,89.35,material_for_production
7286,12,Rejected,high,False,False,6652.22,554.35,material_for_production
7287,26,Approved,medium,False,False,5843.62,224.75,office_equipment
7288,8,Rejected,high,False,False,5225.92,653.24,material_for_production
7289,33,Rejected,medium,False,True,3048.08,92.37,office_equipment
7290,25,Approved,medium,True,False,4540.69,181.63,material_for_production
7291,15,Approved,medium,True,True,4741.21,316.08,material_for_production
7292,12,Approved,medium,False,True,1926.21,160.52,other
7293,32,Approved,low,False,True,6371.8,199.12,material_for_production
7294,24,Rejected,medium,False,True,5353.7,223.07,office_equipment
7295,6,Approved,medium,True,True,5946.61,991.1,other
7296,29,Rejected,medium,False,True,6926.95,238.86,material_for_production
7297,35,Rejected,medium,False,True,3035.8,86.74,other
7298,21,Approved,medium,True,True,3615.54,172.17,material_for_production
7299,14,Approved,high,False,True,3039.32,217.09,other
7300,9,Rejected,medium,True,True,6833.25,759.25,office_equipment
7301,17,Rejected,high,True,False,5788.01,340.47,material_for_production
7302,32,Approved,medium,True,False,3443.54,107.61,other
7303,40,Approved,medium,False,True,5049.91,126.25,material_for_production
7304,25,Approved,medium,True,True,1729.28,69.17,material_for_production
7305,23,Approved,medium,False,True,3331.08,144.83,office_equipment
7306,15,Rejected,medium,True,True,3229.09,215.27,other
7307,9,Approved,medium,True,True,5159.47,573.27,material_for_production
7308,31,Rejected,medium,False,True,6913.75,223.02,material_for_production
7309,35,Approved,medium,False,True,4206.72,120.19,office_equipment
7310,18,Approved,medium,False,True,3311.46,183.97,material_for_production
7311,7,Rejected,medium,False,True,1617.52,231.07,office_equipment
7312,5,Approved,medium,True,False,1944.32,388.86,material_for_production
7313,15,Rejected,medium,False,False,2949.82,196.65,other
7314,22,Rejected,medium,False,True,3646.48,165.75,material_for_production
7315,20,Rejected,medium,False,True,6545.25,327.26,office_equipment
7316,30,Rejected,medium,False,True,2421.72,80.72,material_for_production
7317,29,Approved,high,True,True,3220.8,111.06,office_equipment
7318,33,Rejected,medium,True,False,2325.57,70.47,office_equipment
7319,17,Rejected,medium,True,True,1675.98,98.59,office_equipment
7320,21,Rejected,medium,True,True,5831.79,277.7,office_equipment
7321,38,Rejected,high,False,True,2226.54,58.59,material_for_production
7322,18,Rejected,high,False,True,6797.07,377.62,material_for_production
7323,15,Rejected,medium,False,False,1763.62,117.57,material_for_production
7324,11,Approved,medium,True,False,5544.25,504.02,material_for_production
7325,20,Approved,medium,False,False,2444.24,122.21,office_equipment
7326,16,Rejected,high,True,True,4023.59,251.47,office_equipment
7327,33,Approved,high,True,True,6010.1,182.12,material_for_production
7328,27,Approved,high,False,False,2534.64,93.88,material_for_production
7329,14,Rejected,high,True,False,5143.3,367.38,material_for_production
7330,32,Rejected,medium,False,True,2670.39,83.45,material_for_production
7331,31,Approved,medium,True,True,3103.09,100.1,material_for_production
7332,12,Approved,low,True,True,2562.0,213.5,other
7333,34,Approved,medium,False,True,5341.25,157.1,material_for_production
7334,24,Approved,high,False,True,3238.92,134.96,office_equipment
7335,26,Rejected,medium,False,False,5339.17,205.35,office_equipment
7336,5,Rejected,medium,False,True,5183.25,1036.65,material_for_production
7337,5,Approved,medium,False,True,2847.35,569.47,material_for_production
7338,38,Approved,medium,False,False,1668.37,43.9,material_for_production
7339,15,Rejected,low,True,True,3358.99,223.93,office_equipment
7340,20,Approved,medium,True,True,1504.64,75.23,material_for_production
7341,35,Approved,medium,True,True,3315.21,94.72,material_for_production
7342,23,Approved,low,False,True,2920.58,126.98,other
7343,31,Rejected,medium,True,True,6554.47,211.43,office_equipment
7344,21,Rejected,medium,False,True,6493.02,309.19,office_equipment
7345,30,Approved,medium,False,True,3790.18,126.34,other
7346,26,Rejected,medium,False,True,3025.47,116.36,office_equipment
7347,31,Rejected,high,True,True,3058.84,98.67,office_equipment
7348,13,Rejected,medium,True,False,5958.34,458.33,office_equipment
7349,23,Approved,high,True,True,2726.8,118.56,material_for_production
7350,34,Approved,medium,True,True,5836.85,171.67,other
7351,21,Rejected,medium,False,False,5596.83,266.52,material_for_production
7352,6,Approved,medium,False,True,6193.17,1032.19,office_equipment
7353,20,Rejected,low,True,False,3999.47,199.97,material_for_production
7354,29,Approved,high,False,False,6522.85,224.93,office_equipment
7355,13,Approved,medium,True,True,4846.39,372.8,material_for_production
7356,13,Approved,medium,True,False,4460.68,343.13,material_for_production
7357,35,Approved,medium,True,True,4519.75,129.14,material_for_production
7358,15,Rejected,low,False,True,2547.96,169.86,office_equipment
7359,21,Rejected,high,True,True,4955.88,235.99,material_for_production
7360,10,Approved,medium,True,False,4579.02,457.9,other
7361,31,Rejected,medium,True,True,5821.52,187.79,material_for_production
7362,6,Rejected,medium,True,True,3847.24,641.21,office_equipment
7363,12,Rejected,medium,True,False,6121.93,510.16,other
7364,19,Approved,medium,True,False,2373.82,124.94,material_for_production
7365,18,Rejected,medium,True,False,2191.42,121.75,material_for_production
7366,17,Rejected,medium,True,True,6457.44,379.85,office_equipment
7367,25,Approved,medium,False,True,4652.68,186.11,office_equipment
7368,36,Rejected,high,False,False,3345.63,92.93,office_equipment
7369,28,Rejected,medium,False,True,5013.06,179.04,office_equipment
7370,27,Approved,high,True,True,3449.79,127.77,office_equipment
7371,19,Rejected,low,True,True,5320.36,280.02,other
7372,8,Approved,medium,False,True,1976.11,247.01,office_equipment
7373,23,Approved,high,True,True,4384.22,190.62,material_for_production
7374,16,Approved,medium,True,True,2971.2,185.7,material_for_production
7375,27,Approved,medium,False,True,6322.38,234.16,material_for_production
7376,27,Approved,medium,False,True,4050.35,150.01,material_for_production
7377,26,Rejected,medium,False,True,3947.02,151.81,other
7378,24,Approved,low,True,True,3003.87,125.16,office_equipment
7379,34,Approved,medium,False,False,2729.72,80.29,office_equipment
7380,21,Rejected,medium,False,True,4754.33,226.4,office_equipment
7381,35,Rejected,medium,False,True,5730.87,163.74,material_for_production
7382,10,Approved,medium,True,True,3177.24,317.72,material_for_production
7383,32,Approved,high,True,True,4679.76,146.24,material_for_production
7384,24,Approved,medium,False,True,1718.56,71.61,office_equipment
7385,34,Approved,medium,True,False,5202.97,153.03,office_equipment
7386,28,Approved,medium,False,False,3102.01,110.79,office_equipment
7387,36,Approved,medium,False,True,4641.04,128.92,material_for_production
7388,37,Rejected,medium,False,True,5523.11,149.27,material_for_production
7389,7,Approved,medium,False,True,6720.22,960.03,material_for_production
7390,12,Approved,medium,False,False,4742.96,395.25,material_for_production
7391,29,Rejected,high,False,True,4249.23,146.53,other
7392,33,Rejected,medium,True,False,3094.32,93.77,office_equipment
7393,27,Rejected,low,False,True,1956.96,72.48,material_for_production
7394,26,Approved,high,True,False,4193.9,161.3,other
7395,23,Approved,medium,True,True,5056.1,219.83,other
7396,12,Approved,medium,True,True,3141.1,261.76,material_for_production
7397,7,Approved,high,True,True,5235.69,747.96,material_for_production
7398,14,Approved,high,False,True,1562.52,111.61,material_for_production
7399,28,Approved,high,False,True,2692.07,96.15,office_equipment
7400,30,Approved,medium,True,True,3784.09,126.14,material_for_production
7401,35,Rejected,medium,True,True,3501.39,100.04,material_for_production
7402,35,Approved,medium,False,True,5826.84,166.48,material_for_production
7403,23,Rejected,medium,True,True,6245.3,271.53,material_for_production
7404,35,Approved,high,False,True,6022.34,172.07,office_equipment
7405,21,Approved,high,False,False,1716.8,81.75,office_equipment
7406,7,Approved,medium,True,True,5537.43,791.06,material_for_production
7407,15,Approved,medium,True,False,2849.22,189.95,material_for_production
7408,5,Rejected,medium,True,True,1802.72,360.54,office_equipment
7409,40,Approved,high,False,False,6087.37,152.18,material_for_production
7410,8,Approved,high,True,True,3591.81,448.98,material_for_production
7411,23,Rejected,medium,True,False,6965.79,302.86,office_equipment
7412,7,Approved,high,True,True,3501.4,500.2,other
7413,30,Approved,high,True,False,6937.82,231.26,material_for_production
7414,40,Rejected,medium,False,False,3420.51,85.51,material_for_production
7415,34,Rejected,medium,False,False,2676.48,78.72,office_equipment
7416,17,Rejected,medium,True,True,2789.94,164.11,material_for_production
7417,30,Approved,high,False,False,5558.06,185.27,material_for_production
7418,37,Rejected,medium,False,False,5489.62,148.37,other
7419,34,Approved,medium,False,True,1653.2,48.62,material_for_production
7420,16,Approved,medium,False,True,4763.85,297.74,material_for_production
7421,23,Rejected,medium,False,True,3133.36,136.23,office_equipment
7422,31,Approved,low,True,True,2041.68,65.86,material_for_production
7423,26,Approved,medium,False,True,2362.73,90.87,other
7424,26,Rejected,medium,True,True,1696.31,65.24,office_equipment
7425,20,Rejected,medium,False,False,4451.11,222.56,material_for_production
7426,9,Rejected,medium,True,True,6265.78,696.2,other
7427,21,Approved,high,True,False,5725.15,272.63,material_for_production
7428,35,Rejected,medium,False,True,2931.48,83.76,office_equipment
7429,12,Rejected,medium,True,True,6208.97,517.41,office_equipment
7430,13,Rejected,medium,True,True,5082.47,390.96,material_for_production
7431,17,Approved,medium,True,False,1792.7,105.45,other
7432,20,Rejected,medium,False,True,3477.83,173.89,other
7433,37,Approved,low,True,True,1618.21,43.74,other
7434,9,Rejected,low,True,False,5067.72,563.08,office_equipment
7435,14,Approved,medium,True,False,6056.79,432.63,other
7436,37,Approved,medium,False,False,2108.25,56.98,material_for_production
7437,21,Rejected,medium,True,True,2590.56,123.36,office_equipment
7438,16,Approved,medium,False,False,2059.32,128.71,material_for_production
7439,27,Rejected,medium,False,True,2741.91,101.55,other
7440,12,Approved,medium,False,True,4493.81,374.48,office_equipment
7441,21,Approved,medium,True,True,4227.26,201.3,office_equipment
7442,30,Rejected,high,True,True,6950.61,231.69,material_for_production
7443,32,Rejected,low,True,False,4866.02,152.06,material_for_production
7444,29,Approved,high,True,False,4185.7,144.33,office_equipment
7445,16,Rejected,medium,False,False,4201.7,262.61,office_equipment
7446,19,Rejected,medium,True,False,5976.87,314.57,other
7447,5,Rejected,low,False,True,1561.58,312.32,other
7448,10,Approved,high,False,True,5081.32,508.13,office_equipment
7449,23,Approved,low,True,False,5940.39,258.28,material_for_production
7450,14,Approved,medium,True,False,4459.4,318.53,material_for_production
7451,20,Approved,low,True,True,4883.48,244.17,office_equipment
7452,37,Rejected,medium,False,True,5935.14,160.41,material_for_production
7453,20,Approved,high,True,False,5939.93,297.0,office_equipment
7454,27,Approved,medium,True,False,6218.23,230.3,office_equipment
7455,16,Approved,low,False,True,3730.04,233.13,material_for_production
7456,29,Approved,high,False,True,4952.87,170.79,material_for_production
7457,22,Approved,medium,False,True,1802.16,81.92,office_equipment
7458,39,Rejected,medium,False,False,5287.52,135.58,office_equipment
7459,38,Approved,medium,False,True,6557.53,172.57,office_equipment
7460,6,Approved,high,True,False,6616.56,1102.76,material_for_production
7461,6,Rejected,medium,False,True,2118.24,353.04,material_for_production
7462,35,Rejected,medium,False,False,6825.69,195.02,office_equipment
7463,32,Approved,high,False,True,1767.87,55.25,other
7464,38,Approved,low,True,True,4719.55,124.2,office_equipment
7465,38,Approved,medium,False,True,3180.01,83.68,other
7466,19,Rejected,medium,False,True,6344.12,333.9,material_for_production
7467,19,Rejected,medium,True,False,4515.44,237.65,other
7468,37,Rejected,high,False,True,6059.0,163.76,other
7469,6,Approved,medium,True,False,4364.48,727.41,material_for_production
7470,26,Approved,medium,True,False,6719.9,258.46,other
7471,27,Approved,high,False,True,2159.43,79.98,office_equipment
7472,6,Rejected,high,True,False,5776.98,962.83,office_equipment
7473,24,Rejected,medium,False,False,4754.2,198.09,office_equipment
7474,15,Approved,medium,True,True,4318.0,287.87,material_for_production
7475,18,Approved,medium,True,True,3959.92,220.0,material_for_production
7476,33,Approved,medium,True,True,4784.14,144.97,material_for_production
7477,36,Rejected,medium,False,True,4063.27,112.87,other
7478,13,Rejected,high,False,False,4400.31,338.49,office_equipment
7479,35,Approved,medium,True,True,1893.16,54.09,material_for_production
7480,15,Rejected,medium,False,False,3980.38,265.36,material_for_production
7481,22,Rejected,medium,False,False,6631.6,301.44,material_for_production
7482,7,Rejected,medium,False,True,2064.05,294.86,material_for_production
7483,11,Rejected,medium,False,True,6662.5,605.68,office_equipment
7484,14,Approved,low,True,False,2553.41,182.39,office_equipment
7485,9,Approved,medium,True,True,1584.56,176.06,office_equipment
7486,23,Approved,medium,False,True,5713.64,248.42,office_equipment
7487,26,Rejected,medium,False,False,4729.38,181.9,office_equipment
7488,37,Rejected,medium,True,True,5775.7,156.1,office_equipment
7489,11,Rejected,medium,False,True,4254.52,386.77,material_for_production
7490,13,Approved,medium,False,True,4274.18,328.78,material_for_production
7491,9,Rejected,medium,True,False,6909.12,767.68,office_equipment
7492,23,Approved,high,False,True,5003.2,217.53,material_for_production
7493,29,Rejected,low,False,False,4813.19,165.97,material_for_production
7494,23,Approved,high,False,True,4774.82,207.6,office_equipment
7495,25,Approved,medium,True,True,2424.62,96.98,material_for_production
7496,25,Approved,medium,True,True,1852.77,74.11,other
7497,26,Approved,medium,False,False,6223.56,239.37,material_for_production
7498,6,Approved,medium,False,False,2667.67,444.61,office_equipment
7499,27,Approved,low,False,True,6105.32,226.12,material_for_production
7500,37,Approved,medium,True,False,3206.81,86.67,office_equipment
7501,16,Rejected,medium,False,True,2514.03,157.13,material_for_production
7502,18,Approved,medium,True,True,3366.34,187.02,material_for_production
7503,6,Approved,medium,False,True,1664.88,277.48,office_equipment
7504,25,Approved,medium,True,True,6546.09,261.84,material_for_production
7505,36,Approved,high,False,True,3070.78,85.3,material_for_production
7506,10,Approved,medium,True,False,6719.65,671.96,office_equipment
7507,35,Rejected,medium,True,True,4127.54,117.93,other
7508,22,Approved,medium,True,True,2337.44,106.25,other
7509,40,Rejected,medium,False,False,4848.07,121.2,material_for_production
7510,21,Approved,medium,True,True,5646.36,268.87,material_for_production
7511,11,Approved,high,True,True,1502.72,136.61,material_for_production
7512,14,Approved,medium,False,True,2409.86,172.13,material_for_production
7513,21,Approved,high,False,True,1804.04,85.91,office_equipment
7514,23,Rejected,low,True,False,5862.3,254.88,office_equipment
7515,31,Approved,medium,True,True,4933.3,159.14,material_for_production
7516,21,Approved,medium,True,False,2200.58,104.79,material_for_production
7517,24,Approved,medium,True,False,6602.31,275.1,material_for_production
7518,40,Rejected,medium,False,True,2032.29,50.81,office_equipment
7519,32,Rejected,high,False,False,3964.19,123.88,material_for_production
7520,14,Rejected,medium,True,True,4560.97,325.78,material_for_production
7521,16,Rejected,medium,False,True,6666.55,416.66,material_for_production
7522,23,Approved,medium,False,True,4746.54,206.37,office_equipment
7523,33,Approved,medium,False,True,2604.27,78.92,material_for_production
7524,30,Rejected,low,True,True,2436.67,81.22,office_equipment
7525,14,Approved,high,True,True,5470.95,390.78,material_for_production
7526,34,Rejected,high,False,False,2868.67,84.37,office_equipment
7527,19,Approved,high,False,True,5433.69,285.98,office_equipment
7528,24,Approved,low,False,True,3542.4,147.6,office_equipment
7529,14,Approved,high,True,True,6694.68,478.19,other
7530,25,Approved,low,False,False,6104.88,244.2,material_for_production
7531,37,Approved,medium,True,True,6786.25,183.41,office_equipment
7532,20,Approved,medium,True,True,3340.18,167.01,office_equipment
7533,23,Approved,medium,False,False,4181.38,181.8,other
7534,23,Rejected,medium,False,False,3177.31,138.14,material_for_production
7535,12,Approved,medium,True,True,4882.28,406.86,office_equipment
7536,24,Rejected,medium,True,True,3750.59,156.27,office_equipment
7537,28,Approved,medium,True,True,4968.95,177.46,material_for_production
7538,36,Rejected,low,False,True,2319.99,64.44,other
7539,19,Approved,low,True,True,4675.67,246.09,material_for_production
7540,23,Approved,high,True,True,5702.01,247.91,office_equipment
7541,19,Rejected,medium,True,False,6415.43,337.65,other
7542,16,Approved,high,True,True,2191.44,136.97,other
7543,11,Rejected,medium,True,False,6953.21,632.11,office_equipment
7544,24,Approved,medium,True,True,2223.59,92.65,material_for_production
7545,35,Approved,high,False,True,4646.16,132.75,office_equipment
7546,30,Approved,medium,False,False,6866.33,228.88,material_for_production
7547,7,Rejected,medium,True,False,1827.9,261.13,material_for_production
7548,7,Approved,high,True,False,6009.64,858.52,material_for_production
7549,34,Rejected,medium,True,False,6691.09,196.8,material_for_production
7550,7,Rejected,high,False,True,3538.41,505.49,material_for_production
7551,22,Rejected,medium,True,True,5147.3,233.97,office_equipment
7552,13,Approved,medium,False,True,4125.23,317.33,office_equipment
7553,32,Approved,medium,True,True,4457.31,139.29,material_for_production
7554,31,Rejected,low,False,False,2224.31,71.75,office_equipment
7555,30,Rejected,medium,True,False,4526.14,150.87,office_equipment
7556,38,Approved,medium,True,True,3898.16,102.58,material_for_production
7557,24,Rejected,medium,True,True,3470.36,144.6,other
7558,19,Approved,medium,False,False,3296.94,173.52,office_equipment
7559,11,Rejected,low,False,True,5273.65,479.42,material_for_production
7560,34,Approved,high,False,True,6978.25,205.24,material_for_production
7561,36,Approved,high,False,True,3992.5,110.9,material_for_production
7562,30,Approved,medium,False,True,5391.63,179.72,material_for_production
7563,10,Rejected,low,False,True,5219.14,521.91,office_equipment
7564,7,Rejected,medium,False,True,5563.45,794.78,office_equipment
7565,18,Rejected,medium,False,False,1898.95,105.5,office_equipment
7566,40,Approved,high,False,True,4333.3,108.33,material_for_production
7567,40,Rejected,medium,True,False,6384.83,159.62,other
7568,17,Rejected,medium,False,False,6226.71,366.28,material_for_production
7569,17,Rejected,high,False,True,6192.46,364.26,material_for_production
7570,39,Rejected,medium,True,False,1890.8,48.48,office_equipment
7571,28,Approved,high,True,True,3466.1,123.79,other
7572,5,Approved,medium,True,True,2790.35,558.07,material_for_production
7573,38,Approved,medium,False,False,6423.83,169.05,material_for_production
7574,14,Rejected,medium,False,True,5403.47,385.96,material_for_production
7575,24,Rejected,medium,False,True,2548.18,106.17,other
7576,17,Approved,high,True,True,6834.0,402.0,material_for_production
7577,7,Approved,high,True,False,4730.99,675.86,material_for_production
7578,26,Approved,medium,True,False,6724.0,258.62,material_for_production
7579,15,Approved,high,False,True,2386.39,159.09,office_equipment
7580,5,Approved,medium,True,False,5326.63,1065.33,material_for_production
7581,13,Rejected,medium,True,False,6275.15,482.7,other
7582,26,Approved,medium,False,True,6908.51,265.71,other
7583,19,Rejected,medium,False,False,1590.51,83.71,office_equipment
7584,26,Approved,high,False,False,3466.07,133.31,other
7585,37,Rejected,medium,True,False,1501.16,40.57,material_for_production
7586,24,Rejected,medium,False,True,2814.71,117.28,material_for_production
7587,7,Approved,medium,False,True,2483.09,354.73,material_for_production
7588,25,Approved,medium,True,False,4775.0,191.0,other
7589,17,Approved,medium,True,True,5417.84,318.7,material_for_production
7590,30,Approved,medium,False,True,3689.97,123.0,material_for_production
7591,6,Rejected,medium,True,False,6666.99,1111.16,other
7592,20,Approved,high,False,False,1902.45,95.12,material_for_production
7593,32,Rejected,medium,True,True,3063.48,95.73,material_for_production
7594,34,Rejected,medium,True,True,3870.62,113.84,material_for_production
7595,27,Approved,medium,True,True,5305.9,196.51,material_for_production
7596,32,Approved,medium,False,True,2171.89,67.87,other
7597,20,Approved,medium,False,True,3184.89,159.24,material_for_production
7598,23,Approved,high,True,False,6210.19,270.01,material_for_production
7599,18,Rejected,medium,True,True,6938.04,385.45,office_equipment
7600,5,Rejected,low,True,True,3172.7,634.54,material_for_production
7601,33,Approved,medium,True,False,2499.44,75.74,material_for_production
7602,37,Approved,low,False,True,4721.76,127.62,other
7603,32,Rejected,medium,True,True,2509.07,78.41,other
7604,8,Approved,medium,True,False,2433.92,304.24,material_for_production
7605,33,Approved,medium,False,True,6486.02,196.55,office_equipment
7606,30,Rejected,high,False,False,5473.77,182.46,office_equipment
7607,19,Approved,medium,False,True,5030.82,264.78,material_for_production
7608,16,Rejected,high,False,False,1850.59,115.66,material_for_production
7609,15,Rejected,medium,False,True,1934.98,129.0,material_for_production
7610,24,Approved,high,False,True,6376.24,265.68,material_for_production
7611,39,Approved,medium,False,True,2674.48,68.58,other
7612,9,Rejected,high,True,True,6699.36,744.37,material_for_production
7613,5,Approved,medium,True,True,1753.91,350.78,material_for_production
7614,24,Approved,medium,False,True,5100.31,212.51,other
7615,36,Approved,medium,True,True,4487.03,124.64,office_equipment
7616,13,Approved,medium,False,True,1788.69,137.59,office_equipment
7617,37,Approved,high,True,False,4220.85,114.08,material_for_production
7618,34,Approved,high,False,False,3153.48,92.75,office_equipment
7619,34,Rejected,medium,True,True,2478.32,72.89,material_for_production
7620,27,Approved,medium,False,True,3084.48,114.24,office_equipment
7621,37,Approved,high,True,False,5929.11,160.25,office_equipment
7622,37,Approved,low,False,True,1979.77,53.51,material_for_production
7623,7,Rejected,low,True,True,2942.65,420.38,office_equipment
7624,23,Approved,high,True,True,3103.62,134.94,office_equipment
7625,32,Approved,medium,True,True,3490.97,109.09,office_equipment
7626,40,Approved,high,True,True,5499.57,137.49,material_for_production
7627,29,Rejected,medium,True,True,2394.84,82.58,other
7628,8,Approved,medium,True,True,6669.0,833.62,office_equipment
7629,19,Rejected,medium,False,True,6483.25,341.22,material_for_production
7630,40,Approved,high,False,True,4513.08,112.83,material_for_production
7631,25,Rejected,medium,False,False,6383.31,255.33,office_equipment
7632,28,Rejected,medium,True,True,5172.37,184.73,material_for_production
7633,11,Rejected,medium,False,True,3678.32,334.39,material_for_production
7634,18,Approved,high,False,True,5033.65,279.65,other
7635,12,Rejected,medium,True,True,4111.0,342.58,other
7636,25,Approved,low,False,True,6372.46,254.9,material_for_production
7637,20,Approved,medium,False,False,4362.88,218.14,other
7638,40,Approved,medium,False,True,3269.83,81.75,material_for_production
7639,13,Approved,medium,True,True,6154.66,473.44,material_for_production
7640,27,Approved,high,False,True,6424.0,237.93,office_equipment
7641,13,Approved,medium,True,False,6249.33,480.72,material_for_production
7642,27,Approved,medium,False,False,2419.88,89.63,other
7643,20,Approved,high,True,True,3970.44,198.52,office_equipment
7644,29,Approved,high,True,False,4256.14,146.76,material_for_production
7645,22,Approved,high,True,True,3568.54,162.21,other
7646,25,Approved,medium,True,True,5677.24,227.09,office_equipment
7647,29,Approved,high,True,True,4388.66,151.33,other
7648,29,Rejected,medium,False,False,1794.25,61.87,office_equipment
7649,5,Rejected,medium,True,False,5593.49,1118.7,other
7650,16,Approved,medium,False,True,3740.61,233.79,other
7651,11,Approved,medium,True,True,2699.92,245.45,office_equipment
7652,36,Approved,medium,True,False,6204.32,172.34,material_for_production
7653,6,Approved,medium,True,True,3032.7,505.45,office_equipment
7654,9,Rejected,high,True,True,4544.11,504.9,other
7655,36,Approved,low,True,True,5629.52,156.38,material_for_production
7656,35,Approved,medium,False,False,4534.94,129.57,other
7657,15,Approved,medium,False,True,2027.1,135.14,office_equipment
7658,27,Approved,medium,False,True,5373.47,199.02,other
7659,12,Rejected,medium,False,False,1890.05,157.5,material_for_production
7660,7,Rejected,medium,False,True,6782.17,968.88,material_for_production
7661,23,Approved,medium,True,True,2328.72,101.25,material_for_production
7662,32,Approved,high,False,True,4248.96,132.78,other
7663,23,Rejected,medium,False,True,5497.74,239.03,office_equipment
7664,25,Rejected,medium,False,True,3896.54,155.86,office_equipment
7665,36,Rejected,medium,False,False,3180.65,88.35,material_for_production
7666,33,Rejected,high,False,True,5926.45,179.59,office_equipment
7667,40,Approved,medium,False,False,5040.94,126.02,material_for_production
7668,13,Approved,medium,False,True,5503.21,423.32,material_for_production
7669,25,Approved,medium,True,True,5366.96,214.68,other
7670,20,Approved,low,True,True,2868.72,143.44,material_for_production
7671,17,Approved,low,True,True,4886.77,287.46,office_equipment
7672,22,Approved,medium,True,False,6617.29,300.79,material_for_production
7673,13,Approved,medium,False,True,3445.52,265.04,material_for_production
7674,35,Approved,medium,False,True,2545.66,72.73,office_equipment
7675,39,Rejected,medium,True,False,6819.98,174.87,office_equipment
7676,36,Approved,medium,False,True,4142.59,115.07,material_for_production
7677,26,Approved,medium,False,True,2569.44,98.82,material_for_production
7678,24,Approved,medium,True,False,5682.14,236.76,office_equipment
7679,9,Rejected,medium,True,True,5791.1,643.46,office_equipment
7680,32,Rejected,medium,False,True,2979.85,93.12,material_for_production
7681,18,Rejected,high,False,True,5163.59,286.87,office_equipment
7682,27,Rejected,medium,True,False,5692.32,210.83,material_for_production
7683,18,Approved,high,True,True,5077.11,282.06,office_equipment
7684,32,Rejected,medium,False,True,6511.0,203.47,material_for_production
7685,30,Approved,medium,True,True,3445.0,114.83,office_equipment
7686,36,Rejected,medium,False,False,5594.32,155.4,material_for_production
7687,9,Approved,medium,False,True,6232.22,692.47,material_for_production
7688,35,Approved,low,False,False,5469.86,156.28,material_for_production
7689,25,Approved,medium,True,True,5441.5,217.66,material_for_production
7690,25,Rejected,medium,True,True,2515.23,100.61,office_equipment
7691,9,Approved,high,True,True,3574.02,397.11,material_for_production
7692,5,Approved,low,True,True,4973.98,994.8,other
7693,8,Approved,low,True,True,6431.79,803.97,material_for_production
7694,33,Approved,high,True,True,3785.97,114.73,material_for_production
7695,28,Approved,high,False,True,4431.02,158.25,office_equipment
7696,36,Approved,high,False,True,2601.01,72.25,other
7697,20,Rejected,medium,True,True,2523.12,126.16,material_for_production
7698,24,Approved,high,False,True,4521.25,188.39,material_for_production
7699,40,Approved,medium,False,True,1825.64,45.64,office_equipment
7700,32,Approved,high,False,True,1522.21,47.57,material_for_production
7701,7,Approved,medium,False,True,6058.65,865.52,material_for_production
7702,21,Approved,medium,False,False,1554.25,74.01,material_for_production
7703,7,Approved,high,True,True,6812.01,973.14,material_for_production
7704,14,Approved,medium,True,True,3462.33,247.31,material_for_production
7705,27,Rejected,medium,False,True,5831.46,215.98,material_for_production
7706,36,Approved,medium,False,True,2405.84,66.83,other
7707,30,Approved,medium,False,True,4634.55,154.49,office_equipment
7708,10,Rejected,medium,True,True,3652.17,365.22,office_equipment
7709,7,Rejected,high,False,True,6766.04,966.58,material_for_production
7710,5,Approved,high,True,True,1547.02,309.4,material_for_production
7711,13,Approved,high,False,True,4337.32,333.64,office_equipment
7712,20,Rejected,medium,True,True,1921.97,96.1,office_equipment
7713,18,Approved,medium,False,False,2425.34,134.74,office_equipment
7714,8,Rejected,high,True,True,4481.33,560.17,other
7715,21,Approved,high,False,True,2758.61,131.36,material_for_production
7716,33,Rejected,high,False,False,6581.22,199.43,other
7717,17,Approved,high,True,True,5770.1,339.42,material_for_production
7718,16,Approved,medium,True,False,3449.33,215.58,material_for_production
7719,39,Approved,high,True,True,2130.4,54.63,other
7720,8,Rejected,medium,True,True,2011.84,251.48,material_for_production
7721,17,Rejected,low,False,True,1888.1,111.06,material_for_production
7722,16,Rejected,high,True,False,5846.07,365.38,other
7723,26,Approved,medium,False,True,2676.04,102.92,office_equipment
7724,27,Approved,medium,False,True,2894.93,107.22,material_for_production
7725,36,Rejected,medium,True,False,3967.63,110.21,material_for_production
7726,25,Rejected,medium,False,True,6168.27,246.73,office_equipment
7727,25,Approved,medium,False,True,1575.42,63.02,other
7728,9,Rejected,medium,True,False,6528.18,725.35,office_equipment
7729,39,Rejected,medium,False,False,2163.82,55.48,material_for_production
7730,23,Approved,medium,False,True,3565.5,155.02,other
7731,26,Approved,medium,False,True,3605.96,138.69,other
7732,8,Rejected,medium,False,True,3615.93,451.99,other
7733,18,Rejected,low,False,True,3182.4,176.8,material_for_production
7734,28,Approved,medium,True,True,3014.0,107.64,material_for_production
7735,12,Approved,medium,False,True,5039.44,419.95,material_for_production
7736,35,Rejected,high,True,True,6261.73,178.91,material_for_production
7737,11,Approved,medium,True,True,2852.94,259.36,material_for_production
7738,22,Rejected,high,True,False,4406.72,200.31,material_for_production
7739,14,Rejected,medium,False,False,1663.77,118.84,other
7740,29,Approved,low,False,True,5704.61,196.71,material_for_production
7741,34,Approved,medium,False,True,2749.12,80.86,other
7742,8,Rejected,medium,True,False,2870.75,358.84,office_equipment
7743,16,Rejected,medium,True,True,1661.73,103.86,other
7744,38,Rejected,low,True,True,1722.83,45.34,other
7745,6,Rejected,medium,False,False,6226.15,1037.69,material_for_production
7746,20,Rejected,medium,False,False,2210.28,110.51,other
7747,16,Approved,low,False,True,6126.13,382.88,other
7748,37,Rejected,low,False,False,5165.4,139.61,office_equipment
7749,27,Approved,medium,False,False,4023.96,149.04,material_for_production
7750,32,Approved,medium,True,False,4012.56,125.39,other
7751,5,Approved,high,False,False,4858.86,971.77,material_for_production
7752,20,Rejected,high,False,False,4717.09,235.85,other
7753,32,Approved,high,False,True,1947.55,60.86,office_equipment
7754,7,Approved,medium,True,False,2016.59,288.08,office_equipment
7755,8,Approved,low,False,True,1604.22,200.53,office_equipment
7756,32,Approved,medium,True,True,5058.23,158.07,office_equipment
7757,31,Rejected,medium,True,True,3052.63,98.47,office_equipment
7758,7,Approved,high,True,False,2740.91,391.56,office_equipment
7759,23,Approved,medium,False,False,5386.4,234.19,office_equipment
7760,24,Approved,high,True,True,3494.92,145.62,material_for_production
7761,35,Approved,high,True,False,2898.09,82.8,material_for_production
7762,8,Approved,high,False,True,1814.0,226.75,material_for_production
7763,23,Rejected,medium,True,True,2226.04,96.78,other
7764,34,Approved,high,True,True,4764.39,140.13,office_equipment
7765,32,Rejected,medium,False,True,5325.91,166.43,office_equipment
7766,16,Rejected,low,False,True,6407.36,400.46,office_equipment
7767,7,Approved,high,True,True,6767.56,966.79,material_for_production
7768,6,Approved,high,True,True,3319.37,553.23,other
7769,9,Approved,high,False,True,1659.38,184.38,office_equipment
7770,7,Approved,medium,True,False,2779.01,397.0,material_for_production
7771,32,Approved,high,False,False,1606.5,50.2,other
7772,18,Approved,medium,True,True,3691.6,205.09,material_for_production
7773,6,Rejected,medium,True,False,1748.97,291.5,other
7774,19,Rejected,low,True,False,1586.12,83.48,other
7775,36,Approved,low,False,False,2374.56,65.96,material_for_production
7776,29,Approved,medium,False,True,2501.45,86.26,material_for_production
7777,7,Rejected,medium,False,True,4941.25,705.89,office_equipment
7778,24,Approved,medium,False,False,1636.43,68.18,other
7779,33,Rejected,medium,False,False,4644.53,140.74,material_for_production
7780,28,Rejected,high,False,False,6388.71,228.17,office_equipment
7781,34,Rejected,medium,False,True,5344.52,157.19,material_for_production
7782,25,Rejected,medium,True,False,4516.45,180.66,other
7783,6,Rejected,high,False,False,6237.95,1039.66,other
7784,8,Approved,medium,False,False,4828.11,603.51,material_for_production
7785,17,Approved,high,False,True,4671.72,274.81,material_for_production
7786,20,Rejected,medium,False,True,6869.84,343.49,material_for_production
7787,8,Rejected,medium,True,True,5813.6,726.7,material_for_production
7788,17,Rejected,high,False,False,5979.85,351.76,material_for_production
7789,40,Approved,high,True,True,2130.98,53.27,material_for_production
7790,35,Rejected,medium,True,True,5522.0,157.77,office_equipment
7791,21,Approved,low,True,True,1943.22,92.53,office_equipment
7792,8,Rejected,medium,True,True,1549.02,193.63,office_equipment
7793,34,Rejected,low,True,True,5292.43,155.66,material_for_production
7794,35,Rejected,high,True,True,4988.81,142.54,material_for_production
7795,25,Rejected,medium,True,False,5618.05,224.72,other
7796,32,Rejected,medium,False,False,3920.88,122.53,office_equipment
7797,30,Rejected,low,False,True,2317.86,77.26,other
7798,26,Rejected,medium,False,False,2298.13,88.39,office_equipment
7799,29,Approved,high,False,True,4865.39,167.77,material_for_production
7800,13,Rejected,medium,True,True,2491.62,191.66,other
7801,26,Rejected,low,True,True,6206.78,238.72,material_for_production
7802,27,Approved,medium,False,False,5642.52,208.98,material_for_production
7803,26,Approved,medium,True,True,4059.66,156.14,other
7804,36,Approved,high,True,True,2969.55,82.49,material_for_production
7805,14,Approved,medium,True,False,2108.56,150.61,material_for_production
7806,21,Approved,medium,True,False,1897.6,90.36,material_for_production
7807,28,Approved,medium,False,True,6631.62,236.84,office_equipment
7808,27,Approved,high,True,False,1724.31,63.86,other
7809,29,Rejected,medium,True,False,4955.79,170.89,other
7810,31,Approved,high,False,True,6722.78,216.86,material_for_production
7811,37,Approved,high,False,True,6254.62,169.04,other
7812,36,Approved,medium,True,True,2011.09,55.86,other
7813,19,Approved,low,False,False,4302.16,226.43,material_for_production
7814,9,Rejected,low,True,True,6449.55,716.62,material_for_production
7815,29,Rejected,medium,True,False,5777.75,199.23,material_for_production
7816,18,Rejected,medium,False,True,4995.98,277.55,office_equipment
7817,36,Rejected,medium,False,True,3363.63,93.43,material_for_production
7818,17,Approved,medium,False,True,4018.61,236.39,material_for_production
7819,22,Rejected,high,False,True,5412.71,246.03,material_for_production
7820,23,Approved,medium,False,True,2419.17,105.18,other
7821,38,Approved,medium,True,False,3512.59,92.44,office_equipment
7822,40,Approved,high,False,False,6388.98,159.72,material_for_production
7823,31,Approved,medium,False,True,4420.74,142.6,office_equipment
7824,26,Approved,medium,False,True,1614.49,62.1,office_equipment
7825,29,Rejected,medium,False,False,4635.21,159.83,other
7826,27,Approved,high,True,False,5731.04,212.26,office_equipment
7827,8,Rejected,medium,True,False,2345.18,293.15,material_for_production
7828,35,Rejected,high,True,False,5832.28,166.64,material_for_production
7829,11,Rejected,medium,False,False,2128.76,193.52,other
7830,14,Approved,low,False,True,6698.98,478.5,other
7831,32,Approved,medium,True,False,5557.29,173.67,office_equipment
7832,28,Approved,high,True,False,2976.55,106.31,other
7833,19,Rejected,medium,False,True,3123.79,164.41,office_equipment
7834,23,Approved,medium,True,True,5044.68,219.33,other
7835,34,Rejected,high,False,True,3510.01,103.24,material_for_production
7836,37,Approved,medium,False,True,2605.8,70.43,other
7837,24,Approved,medium,False,True,3253.87,135.58,material_for_production
7838,26,Rejected,medium,False,True,2546.64,97.95,material_for_production
7839,35,Rejected,medium,False,False,2094.21,59.83,material_for_production
7840,21,Approved,low,False,True,2017.35,96.06,material_for_production
7841,6,Rejected,medium,True,True,3823.02,637.17,material_for_production
7842,13,Approved,medium,True,True,6451.69,496.28,material_for_production
7843,36,Approved,medium,True,True,2676.42,74.34,material_for_production
7844,23,Approved,medium,False,True,4287.16,186.4,material_for_production
7845,38,Approved,high,False,True,5871.19,154.5,material_for_production
7846,36,Approved,medium,True,True,6569.42,182.48,other
7847,7,Approved,high,True,True,3674.96,524.99,office_equipment
7848,20,Rejected,high,True,False,1946.27,97.31,office_equipment
7849,31,Approved,medium,False,True,6881.59,221.99,office_equipment
7850,27,Approved,low,False,False,3957.54,146.58,material_for_production
7851,29,Rejected,medium,False,False,4536.05,156.42,material_for_production
7852,14,Approved,high,False,True,2434.94,173.92,material_for_production
7853,30,Approved,medium,True,True,6797.74,226.59,material_for_production
7854,35,Approved,medium,False,True,2729.05,77.97,office_equipment
7855,6,Approved,medium,True,True,1575.57,262.59,material_for_production
7856,23,Approved,medium,False,True,5636.88,245.08,material_for_production
7857,8,Approved,low,False,True,6233.68,779.21,material_for_production
7858,14,Approved,medium,False,True,1701.24,121.52,office_equipment
7859,29,Approved,low,True,True,2186.99,75.41,office_equipment
7860,36,Approved,medium,True,True,6615.7,183.77,material_for_production
7861,6,Rejected,medium,False,False,2915.88,485.98,office_equipment
7862,29,Rejected,medium,False,False,6293.62,217.02,office_equipment
7863,32,Approved,medium,False,True,2301.88,71.93,material_for_production
7864,33,Approved,medium,True,True,3790.45,114.86,other
7865,39,Rejected,low,False,True,1613.43,41.37,other
7866,14,Approved,medium,True,True,5920.46,422.89,other
7867,31,Rejected,medium,True,True,6214.91,200.48,office_equipment
7868,21,Approved,medium,True,False,2709.04,129.0,material_for_production
7869,17,Rejected,medium,False,False,5472.38,321.9,other
7870,7,Rejected,medium,True,True,2461.07,351.58,office_equipment
7871,14,Approved,high,False,True,1955.9,139.71,office_equipment
7872,18,Approved,low,True,True,3807.29,211.52,other
7873,28,Approved,medium,True,False,3160.91,112.89,material_for_production
7874,32,Rejected,medium,False,True,5062.37,158.2,other
7875,25,Rejected,low,True,False,4530.28,181.21,material_for_production
7876,18,Rejected,high,False,True,2252.07,125.12,office_equipment
7877,25,Rejected,medium,False,False,5722.87,228.91,material_for_production
7878,27,Rejected,medium,False,False,6255.44,231.68,office_equipment
7879,38,Approved,medium,False,True,2967.23,78.08,other
7880,6,Rejected,medium,False,True,4955.76,825.96,office_equipment
7881,13,Approved,high,True,True,2282.24,175.56,material_for_production
7882,5,Approved,medium,False,True,4833.63,966.73,other
7883,13,Approved,medium,False,False,4444.19,341.86,material_for_production
7884,36,Approved,high,False,True,2516.26,69.9,office_equipment
7885,11,Rejected,medium,False,False,6979.73,634.52,other
7886,17,Rejected,medium,True,True,5946.88,349.82,other
7887,5,Rejected,low,False,True,4848.58,969.72,material_for_production
7888,10,Rejected,low,True,False,6190.57,619.06,material_for_production
7889,14,Approved,medium,True,True,4304.2,307.44,material_for_production
7890,7,Rejected,medium,True,False,2391.18,341.6,office_equipment
7891,24,Rejected,high,True,False,1917.02,79.88,material_for_production
7892,30,Approved,high,True,False,3122.4,104.08,other
7893,8,Rejected,medium,False,True,1651.36,206.42,material_for_production
7894,6,Rejected,high,True,True,6553.08,1092.18,material_for_production
7895,29,Approved,medium,False,False,5594.22,192.9,office_equipment
7896,24,Rejected,medium,False,False,5463.1,227.63,office_equipment
7897,14,Rejected,medium,False,False,1954.38,139.6,material_for_production
7898,32,Approved,medium,True,True,3098.44,96.83,material_for_production
7899,16,Rejected,medium,False,False,5678.98,354.94,material_for_production
7900,7,Approved,medium,True,True,3691.19,527.31,office_equipment
7901,11,Approved,low,False,True,3735.28,339.57,material_for_production
7902,22,Rejected,high,True,False,5687.18,258.51,office_equipment
7903,22,Approved,medium,False,True,4031.15,183.23,other
7904,16,Rejected,medium,True,True,5273.44,329.59,material_for_production
7905,12,Approved,medium,False,True,5255.16,437.93,other
7906,11,Approved,high,False,False,5472.26,497.48,office_equipment
7907,40,Approved,medium,True,True,2947.9,73.7,material_for_production
7908,23,Rejected,medium,False,True,3928.2,170.79,material_for_production
7909,21,Approved,high,False,True,1740.22,82.87,material_for_production
7910,5,Approved,high,True,False,3162.2,632.44,office_equipment
7911,40,Approved,high,True,True,3803.61,95.09,office_equipment
7912,16,Approved,high,False,False,4388.69,274.29,material_for_production
7913,15,Approved,medium,False,False,6007.27,400.48,material_for_production
7914,20,Rejected,high,False,True,5592.18,279.61,office_equipment
7915,39,Rejected,medium,True,False,3680.32,94.37,office_equipment
7916,25,Approved,low,True,True,5140.74,205.63,material_for_production
7917,9,Approved,medium,True,True,3470.32,385.59,office_equipment
7918,20,Approved,medium,False,True,1904.07,95.2,material_for_production
7919,7,Approved,medium,False,False,3787.94,541.13,material_for_production
7920,31,Rejected,medium,False,True,5882.41,189.76,office_equipment
7921,5,Approved,medium,False,True,2824.33,564.87,office_equipment
7922,7,Rejected,medium,True,True,5324.68,760.67,other
7923,30,Approved,medium,False,True,5807.23,193.57,other
7924,23,Approved,high,False,True,6900.81,300.04,material_for_production
7925,22,Rejected,medium,False,False,4943.46,224.7,material_for_production
7926,23,Rejected,medium,False,True,4275.29,185.88,office_equipment
7927,17,Rejected,high,True,True,2567.41,151.02,material_for_production
7928,27,Rejected,low,False,False,4072.19,150.82,material_for_production
7929,7,Rejected,medium,True,True,2947.86,421.12,office_equipment
7930,36,Rejected,low,False,True,5393.69,149.82,material_for_production
7931,13,Approved,medium,True,True,3806.13,292.78,material_for_production
7932,13,Rejected,medium,False,False,5551.95,427.07,other
7933,30,Approved,medium,True,False,5469.35,182.31,material_for_production
7934,8,Rejected,high,False,False,1958.31,244.79,other
7935,17,Rejected,medium,True,True,2569.98,151.18,material_for_production
7936,38,Rejected,high,False,True,2134.15,56.16,office_equipment
7937,34,Rejected,low,False,False,3498.63,102.9,material_for_production
7938,24,Rejected,medium,True,True,2342.5,97.6,other
7939,31,Rejected,medium,False,True,4487.45,144.76,office_equipment
7940,26,Approved,high,True,True,3054.72,117.49,office_equipment
7941,12,Rejected,medium,False,True,5803.92,483.66,office_equipment
7942,30,Rejected,high,True,False,4177.05,139.24,other
7943,39,Approved,medium,True,False,4931.99,126.46,office_equipment
7944,15,Approved,high,True,True,6339.83,422.66,material_for_production
7945,6,Rejected,medium,False,True,4099.9,683.32,material_for_production
7946,8,Rejected,medium,False,False,5065.11,633.14,material_for_production
7947,15,Rejected,medium,False,False,6963.83,464.26,other
7948,8,Approved,medium,True,True,3690.04,461.25,office_equipment
7949,27,Rejected,medium,False,True,4241.36,157.09,other
7950,40,Approved,medium,False,True,3706.33,92.66,material_for_production
7951,17,Approved,medium,True,False,6474.34,380.84,other
7952,11,Rejected,medium,False,True,5707.28,518.84,other
7953,31,Approved,high,True,True,2817.37,90.88,material_for_production
7954,16,Approved,medium,True,True,4232.82,264.55,material_for_production
7955,40,Approved,high,False,False,2178.06,54.45,office_equipment
7956,6,Rejected,medium,False,False,6161.46,1026.91,material_for_production
7957,38,Approved,high,False,True,3360.09,88.42,material_for_production
7958,40,Approved,medium,False,True,6272.09,156.8,office_equipment
7959,20,Approved,high,True,True,5861.78,293.09,material_for_production
7960,11,Approved,medium,True,True,4331.48,393.77,office_equipment
7961,28,Approved,medium,False,True,6593.94,235.5,material_for_production
7962,37,Approved,medium,True,True,4892.04,132.22,material_for_production
7963,19,Approved,high,False,True,2755.05,145.0,material_for_production
7964,30,Rejected,medium,False,False,5781.46,192.72,material_for_production
7965,24,Rejected,medium,True,False,1881.07,78.38,office_equipment
7966,9,Rejected,medium,True,True,2205.16,245.02,office_equipment
7967,37,Rejected,medium,True,True,5043.48,136.31,material_for_production
7968,10,Approved,low,True,True,3501.78,350.18,office_equipment
7969,10,Approved,high,False,False,2575.73,257.57,material_for_production
7970,15,Approved,medium,True,True,5212.65,347.51,office_equipment
7971,17,Rejected,medium,False,False,2355.12,138.54,office_equipment
7972,22,Approved,medium,False,True,5690.96,258.68,material_for_production
7973,27,Approved,medium,False,True,5525.09,204.63,material_for_production
7974,10,Approved,medium,False,True,4773.03,477.3,office_equipment
7975,16,Approved,low,True,True,6875.98,429.75,material_for_production
7976,13,Approved,high,True,False,2204.36,169.57,material_for_production
7977,37,Rejected,high,True,True,2206.97,59.65,material_for_production
7978,18,Rejected,medium,True,True,5923.46,329.08,office_equipment
7979,6,Rejected,medium,True,True,2180.25,363.38,office_equipment
7980,31,Approved,medium,False,False,3946.76,127.31,office_equipment
7981,20,Approved,medium,True,False,1591.52,79.58,material_for_production
7982,37,Approved,medium,True,False,2894.23,78.22,material_for_production
7983,9,Approved,medium,False,True,6975.0,775.0,material_for_production
7984,40,Approved,high,False,True,2726.08,68.15,material_for_production
7985,14,Approved,medium,True,True,2858.3,204.16,material_for_production
7986,14,Approved,high,True,True,6971.63,497.97,office_equipment
7987,40,Rejected,high,True,False,4046.07,101.15,material_for_production
7988,5,Approved,medium,False,True,6290.85,1258.17,office_equipment
7989,38,Approved,medium,True,True,4935.35,129.88,material_for_production
7990,36,Approved,high,False,False,1517.74,42.16,material_for_production
7991,10,Approved,high,True,False,6523.45,652.35,material_for_production
7992,13,Rejected,medium,False,True,5964.04,458.77,office_equipment
7993,6,Rejected,high,True,False,6767.73,1127.95,material_for_production
7994,22,Approved,medium,True,True,5954.69,270.67,other
7995,27,Approved,medium,True,True,3800.82,140.77,material_for_production
7996,39,Approved,medium,True,True,6925.06,177.57,material_for_production
7997,19,Rejected,medium,False,True,2831.1,149.01,material_for_production
7998,27,Approved,high,False,False,1820.13,67.41,other
7999,28,Rejected,medium,True,True,1975.9,70.57,other
8000,36,Approved,medium,True,True,5037.54,139.93,material_for_production
8001,6,Rejected,medium,True,True,3564.33,594.05,material_for_production
8002,33,Rejected,low,False,False,6527.95,197.82,other
8003,18,Approved,medium,False,True,6117.55,339.86,material_for_production
8004,38,Approved,high,True,False,2594.49,68.28,material_for_production
8005,12,Approved,high,False,True,2820.32,235.03,material_for_production
8006,25,Approved,medium,True,True,4574.08,182.96,material_for_production
8007,26,Approved,medium,False,True,3962.95,152.42,office_equipment
8008,12,Rejected,high,False,True,3179.37,264.95,office_equipment
8009,29,Rejected,medium,True,True,6235.5,215.02,office_equipment
8010,9,Approved,high,True,True,3128.0,347.56,material_for_production
8011,24,Rejected,low,False,True,3888.76,162.03,other
8012,20,Approved,medium,False,False,4986.36,249.32,office_equipment
8013,18,Approved,high,False,False,3096.15,172.01,office_equipment
8014,37,Approved,medium,True,True,4906.42,132.61,material_for_production
8015,11,Rejected,medium,True,False,1655.21,150.47,office_equipment
8016,39,Approved,medium,True,True,1519.08,38.95,office_equipment
8017,12,Approved,medium,False,True,1557.82,129.82,material_for_production
8018,26,Rejected,medium,False,True,5651.12,217.35,office_equipment
8019,40,Rejected,medium,True,True,5731.37,143.28,other
8020,29,Approved,high,True,True,4866.98,167.83,other
8021,38,Approved,medium,False,False,4537.01,119.4,material_for_production
8022,18,Approved,high,True,True,1709.34,94.96,material_for_production
8023,25,Approved,medium,True,True,1526.05,61.04,material_for_production
8024,11,Approved,high,True,True,6831.03,621.0,material_for_production
8025,31,Approved,high,True,False,2610.36,84.21,material_for_production
8026,37,Approved,medium,True,False,3863.96,104.43,office_equipment
8027,34,Approved,high,True,False,3617.47,106.4,material_for_production
8028,6,Rejected,medium,True,True,6501.35,1083.56,office_equipment
8029,24,Approved,medium,False,False,4364.57,181.86,office_equipment
8030,24,Rejected,medium,True,False,4194.92,174.79,other
8031,21,Approved,high,True,True,3005.06,143.1,office_equipment
8032,18,Rejected,high,False,True,5316.77,295.38,other
8033,25,Rejected,medium,False,True,3585.84,143.43,material_for_production
8034,25,Approved,medium,True,True,2632.13,105.29,material_for_production
8035,20,Rejected,medium,False,True,4142.35,207.12,other
8036,19,Approved,medium,False,True,4009.07,211.0,material_for_production
8037,23,Approved,medium,False,False,5451.31,237.01,material_for_production
8038,31,Rejected,high,True,False,2071.87,66.83,office_equipment
8039,25,Approved,high,True,True,4825.48,193.02,material_for_production
8040,26,Approved,medium,False,False,2615.49,100.6,material_for_production
8041,18,Approved,high,True,False,6514.66,361.93,material_for_production
8042,38,Rejected,high,True,False,5070.19,133.43,other
8043,40,Approved,medium,False,True,4549.69,113.74,material_for_production
8044,29,Rejected,medium,False,True,6829.58,235.5,material_for_production
8045,34,Approved,medium,False,True,1612.17,47.42,material_for_production
8046,9,Approved,low,False,True,2231.14,247.9,material_for_production
8047,7,Approved,high,False,True,4341.8,620.26,other
8048,34,Rejected,medium,False,True,4373.94,128.65,office_equipment
8049,34,Approved,medium,False,True,4000.82,117.67,other
8050,30,Approved,medium,False,True,2111.94,70.4,material_for_production
8051,17,Approved,medium,False,False,2057.51,121.03,office_equipment
8052,6,Approved,high,True,True,6147.76,1024.63,office_equipment
8053,7,Approved,medium,True,True,1561.15,223.02,other
8054,19,Rejected,medium,False,True,5222.19,274.85,material_for_production
8055,35,Rejected,medium,True,True,5954.19,170.12,office_equipment
8056,40,Approved,medium,False,True,3077.48,76.94,office_equipment
8057,7,Rejected,high,False,True,4635.16,662.17,office_equipment
8058,8,Rejected,high,False,True,3896.32,487.04,other
8059,11,Approved,high,True,False,3561.0,323.73,material_for_production
8060,6,Approved,medium,True,True,5326.42,887.74,material_for_production
8061,19,Approved,medium,True,True,4118.35,216.76,material_for_production
8062,35,Approved,high,False,True,3022.59,86.36,material_for_production
8063,25,Rejected,medium,False,False,5969.32,238.77,office_equipment
8064,26,Approved,medium,True,True,3378.96,129.96,other
8065,23,Rejected,medium,False,True,4858.57,211.24,material_for_production
8066,14,Approved,high,False,False,6182.37,441.6,material_for_production
8067,30,Approved,medium,True,True,3281.3,109.38,material_for_production
8068,27,Rejected,medium,False,False,4087.93,151.4,material_for_production
8069,40,Approved,medium,False,True,6024.15,150.6,office_equipment
8070,14,Rejected,medium,False,True,2211.61,157.97,other
8071,13,Rejected,high,False,False,5799.64,446.13,office_equipment
8072,10,Approved,high,False,True,5140.94,514.09,material_for_production
8073,28,Approved,medium,True,False,5836.53,208.45,office_equipment
8074,35,Rejected,high,False,True,5011.36,143.18,office_equipment
8075,28,Approved,medium,False,False,6288.06,224.57,office_equipment
8076,26,Approved,medium,False,False,2873.25,110.51,material_for_production
8077,15,Approved,medium,True,True,5034.49,335.63,material_for_production
8078,30,Rejected,medium,False,True,3325.96,110.87,other
8079,12,Approved,low,False,True,4530.33,377.53,material_for_production
8080,20,Approved,medium,True,True,3348.22,167.41,office_equipment
8081,37,Rejected,high,False,True,2270.12,61.35,other
8082,36,Rejected,medium,True,False,6594.99,183.19,material_for_production
8083,38,Approved,medium,True,True,4650.72,122.39,other
8084,22,Approved,medium,False,True,1706.3,77.56,material_for_production
8085,21,Approved,medium,False,True,1810.89,86.23,other
8086,6,Rejected,medium,False,False,3724.2,620.7,office_equipment
8087,19,Approved,high,True,True,6612.85,348.04,office_equipment
8088,19,Rejected,high,True,False,3052.54,160.66,office_equipment
8089,29,Rejected,medium,False,True,2503.96,86.34,material_for_production
8090,38,Rejected,medium,True,False,3911.17,102.93,office_equipment
8091,20,Approved,high,False,True,5902.63,295.13,material_for_production
8092,8,Approved,medium,True,True,5269.35,658.67,office_equipment
8093,13,Approved,medium,True,False,4166.08,320.47,office_equipment
8094,8,Approved,medium,True,True,1906.71,238.34,office_equipment
8095,13,Approved,medium,True,True,4716.2,362.78,material_for_production
8096,20,Rejected,medium,False,False,6039.62,301.98,other
8097,13,Rejected,medium,True,False,3609.12,277.62,other
8098,36,Approved,medium,True,True,6651.36,184.76,other
8099,27,Approved,medium,True,True,4821.67,178.58,office_equipment
8100,6,Approved,medium,True,False,4757.72,792.95,material_for_production
8101,32,Approved,medium,True,True,3672.7,114.77,office_equipment
8102,9,Approved,high,True,True,3308.64,367.63,office_equipment
8103,21,Rejected,low,False,False,6591.44,313.88,other
8104,24,Approved,medium,True,False,3846.31,160.26,material_for_production
8105,26,Rejected,medium,True,True,2007.33,77.2,material_for_production
8106,19,Approved,medium,True,True,2363.63,124.4,office_equipment
8107,21,Approved,medium,True,False,4394.48,209.26,material_for_production
8108,26,Rejected,medium,False,False,1615.27,62.13,material_for_production
8109,11,Approved,medium,True,True,3407.59,309.78,material_for_production
8110,22,Rejected,high,False,True,3410.69,155.03,other
8111,11,Rejected,medium,True,False,2726.15,247.83,office_equipment
8112,39,Rejected,medium,False,False,4028.38,103.29,office_equipment
8113,22,Approved,medium,False,True,1834.04,83.37,material_for_production
8114,15,Rejected,medium,True,True,4250.81,283.39,office_equipment
8115,19,Approved,medium,True,False,1793.66,94.4,other
8116,26,Rejected,high,True,False,2326.16,89.47,other
8117,8,Rejected,low,True,True,6028.22,753.53,material_for_production
8118,6,Rejected,low,False,True,4752.32,792.05,material_for_production
8119,33,Approved,medium,False,True,4938.78,149.66,material_for_production
8120,25,Approved,medium,False,False,2502.52,100.1,material_for_production
8121,18,Approved,high,False,False,6797.14,377.62,material_for_production
8122,20,Approved,medium,True,True,4286.08,214.3,material_for_production
8123,10,Rejected,high,True,False,1878.86,187.89,office_equipment
8124,9,Rejected,medium,False,True,4238.68,470.96,other
8125,39,Approved,medium,True,True,2237.73,57.38,material_for_production
8126,39,Approved,high,False,True,5714.96,146.54,office_equipment
8127,25,Rejected,medium,True,True,5919.79,236.79,other
8128,32,Rejected,medium,True,True,6063.63,189.49,material_for_production
8129,18,Rejected,medium,False,False,6494.96,360.83,office_equipment
8130,31,Rejected,high,False,False,5713.46,184.31,material_for_production
8131,27,Rejected,high,False,True,6431.69,238.21,office_equipment
8132,22,Rejected,low,True,True,3713.87,168.81,other
8133,37,Rejected,medium,True,False,2190.85,59.21,material_for_production
8134,28,Rejected,high,False,True,6588.81,235.31,material_for_production
8135,32,Approved,high,True,True,6532.58,204.14,other
8136,14,Approved,medium,True,True,3700.69,264.33,material_for_production
8137,23,Rejected,high,False,False,1852.28,80.53,material_for_production
8138,38,Approved,medium,True,False,4503.68,118.52,office_equipment
8139,14,Rejected,low,True,False,5682.77,405.91,office_equipment
8140,18,Rejected,high,True,True,6729.76,373.88,material_for_production
8141,29,Rejected,high,False,True,3914.8,134.99,material_for_production
8142,40,Rejected,medium,True,False,5697.69,142.44,other
8143,26,Approved,high,True,True,6116.59,235.25,material_for_production
8144,14,Approved,medium,True,True,6044.27,431.73,office_equipment
8145,18,Rejected,high,False,True,1614.17,89.68,office_equipment
8146,19,Approved,medium,False,True,1748.86,92.05,material_for_production
8147,29,Approved,high,True,True,3625.05,125.0,office_equipment
8148,18,Approved,high,False,True,6870.78,381.71,material_for_production
8149,31,Approved,medium,True,False,1964.19,63.36,other
8150,34,Approved,high,False,True,4347.68,127.87,material_for_production
8151,36,Approved,medium,True,True,6424.35,178.45,material_for_production
8152,31,Rejected,medium,True,False,6473.62,208.83,material_for_production
8153,29,Approved,medium,False,False,2340.85,80.72,other
8154,9,Approved,high,False,True,5931.19,659.02,material_for_production
8155,30,Approved,medium,True,False,2957.51,98.58,other
8156,9,Approved,medium,False,True,3083.33,342.59,material_for_production
8157,19,Approved,high,False,True,2185.23,115.01,material_for_production
8158,14,Rejected,medium,True,True,1799.57,128.54,other
8159,5,Approved,medium,False,True,4246.26,849.25,other
8160,19,Approved,medium,True,True,4142.07,218.0,material_for_production
8161,5,Approved,medium,True,True,1882.04,376.41,other
8162,16,Approved,medium,True,True,5689.96,355.62,material_for_production
8163,39,Rejected,medium,False,False,6828.49,175.09,office_equipment
8164,18,Rejected,low,True,True,5432.87,301.83,material_for_production
8165,39,Rejected,low,True,True,3507.48,89.94,material_for_production
8166,11,Rejected,high,True,False,1942.32,176.57,material_for_production
8167,32,Approved,medium,True,True,4253.87,132.93,material_for_production
8168,37,Rejected,medium,False,False,5512.55,148.99,other
8169,16,Rejected,medium,True,True,2387.72,149.23,material_for_production
8170,25,Approved,high,True,False,6131.1,245.24,office_equipment
8171,38,Approved,medium,False,True,6338.91,166.81,office_equipment
8172,5,Approved,high,True,False,4116.26,823.25,material_for_production
8173,19,Approved,medium,True,False,3925.35,206.6,office_equipment
8174,30,Rejected,high,True,False,6234.41,207.81,material_for_production
8175,7,Rejected,high,True,True,4208.48,601.21,office_equipment
8176,26,Approved,low,False,False,2679.69,103.06,material_for_production
8177,7,Approved,medium,False,True,2019.99,288.57,material_for_production
8178,8,Approved,medium,True,True,5958.09,744.76,material_for_production
8179,29,Approved,medium,True,True,4420.46,152.43,material_for_production
8180,19,Approved,medium,True,True,4580.88,241.1,other
8181,6,Approved,medium,True,True,3899.95,649.99,other
8182,24,Rejected,medium,False,True,4079.0,169.96,office_equipment
8183,23,Approved,medium,True,False,2147.07,93.35,office_equipment
8184,16,Rejected,medium,True,False,2688.87,168.05,material_for_production
8185,31,Approved,medium,False,True,4501.13,145.2,material_for_production
8186,10,Approved,high,False,False,2368.56,236.86,material_for_production
8187,37,Rejected,medium,False,True,3055.04,82.57,office_equipment
8188,7,Rejected,medium,True,True,6355.33,907.9,material_for_production
8189,16,Rejected,medium,True,True,5855.45,365.97,material_for_production
8190,22,Approved,low,True,True,6696.5,304.39,office_equipment
8191,24,Approved,medium,False,True,2183.59,90.98,other
8192,37,Approved,high,True,True,1724.74,46.61,material_for_production
8193,17,Approved,medium,True,False,2595.31,152.67,other
8194,20,Rejected,medium,True,False,6427.98,321.4,office_equipment
8195,29,Approved,medium,True,False,5747.96,198.21,material_for_production
8196,14,Rejected,high,False,True,2634.64,188.19,other
8197,23,Rejected,medium,False,True,3110.45,135.24,office_equipment
8198,14,Rejected,low,True,True,3167.21,226.23,other
8199,11,Rejected,medium,False,True,6692.0,608.36,other
8200,19,Approved,medium,False,True,1736.44,91.39,office_equipment
8201,19,Approved,medium,True,True,3565.39,187.65,material_for_production
8202,12,Approved,high,True,True,3634.7,302.89,office_equipment
8203,39,Approved,medium,False,False,1692.41,43.4,office_equipment
8204,20,Rejected,high,False,True,3027.21,151.36,other
8205,39,Rejected,low,True,False,6218.75,159.46,office_equipment
8206,28,Approved,medium,True,True,5989.33,213.9,material_for_production
8207,16,Approved,medium,False,True,4569.8,285.61,office_equipment
8208,19,Approved,medium,False,True,4673.02,245.95,material_for_production
8209,24,Approved,high,True,False,5704.13,237.67,office_equipment
8210,9,Rejected,medium,False,True,4560.26,506.7,other
8211,19,Approved,low,False,True,6385.06,336.06,material_for_production
8212,36,Rejected,medium,True,True,2370.47,65.85,material_for_production
8213,12,Approved,high,False,True,4782.91,398.58,other
8214,18,Rejected,high,True,True,6062.21,336.79,office_equipment
8215,39,Rejected,medium,True,False,5367.15,137.62,other
8216,19,Approved,high,True,False,3868.98,203.63,material_for_production
8217,17,Approved,medium,True,True,4581.48,269.5,material_for_production
8218,20,Rejected,low,True,True,6664.14,333.21,material_for_production
8219,30,Rejected,low,False,True,5223.32,174.11,office_equipment
8220,16,Rejected,high,True,True,4568.39,285.52,material_for_production
8221,9,Approved,high,True,False,4106.6,456.29,material_for_production
8222,33,Approved,medium,True,True,5214.22,158.01,office_equipment
8223,37,Rejected,medium,True,True,6701.23,181.11,material_for_production
8224,5,Approved,medium,False,True,2195.31,439.06,office_equipment
8225,22,Rejected,medium,True,False,1843.4,83.79,material_for_production
8226,14,Rejected,medium,True,False,3484.59,248.9,office_equipment
8227,15,Approved,high,True,True,4680.43,312.03,material_for_production
8228,8,Rejected,low,False,True,2630.48,328.81,material_for_production
8229,15,Approved,medium,False,True,6526.23,435.08,material_for_production
8230,20,Rejected,medium,False,True,5818.69,290.93,material_for_production
8231,32,Approved,medium,True,True,3102.58,96.96,office_equipment
8232,38,Approved,high,True,True,1810.66,47.65,office_equipment
8233,25,Rejected,medium,True,True,6618.88,264.76,material_for_production
8234,18,Rejected,high,False,True,3911.4,217.3,office_equipment
8235,38,Rejected,high,False,True,4442.51,116.91,other
8236,28,Approved,high,True,True,3501.16,125.04,other
8237,20,Rejected,high,True,False,5890.24,294.51,other
8238,26,Approved,medium,False,True,3911.83,150.45,office_equipment
8239,35,Approved,medium,True,False,6532.64,186.65,office_equipment
8240,39,Rejected,medium,False,False,6028.34,154.57,material_for_production
8241,37,Approved,medium,True,True,5750.85,155.43,material_for_production
8242,36,Approved,low,False,True,2597.41,72.15,other
8243,33,Approved,medium,False,True,2233.63,67.69,material_for_production
8244,29,Rejected,medium,False,True,4109.27,141.7,material_for_production
8245,24,Rejected,medium,True,True,5584.83,232.7,material_for_production
8246,8,Rejected,medium,True,False,3762.04,470.25,material_for_production
8247,16,Approved,medium,True,True,4327.36,270.46,office_equipment
8248,39,Approved,medium,False,False,6978.51,178.94,office_equipment
8249,34,Rejected,high,True,True,3761.49,110.63,material_for_production
8250,27,Rejected,medium,False,False,1790.84,66.33,other
8251,30,Approved,high,False,True,4620.92,154.03,material_for_production
8252,29,Approved,high,False,True,6222.72,214.58,material_for_production
8253,36,Approved,medium,False,False,1716.04,47.67,office_equipment
8254,38,Approved,medium,True,True,3976.58,104.65,office_equipment
8255,24,Approved,medium,True,True,1675.96,69.83,material_for_production
8256,5,Rejected,low,True,True,6797.28,1359.46,material_for_production
8257,27,Rejected,high,False,True,1988.63,73.65,material_for_production
8258,16,Approved,medium,True,True,3569.5,223.09,other
8259,29,Approved,medium,False,False,3130.7,107.96,material_for_production
8260,24,Rejected,high,True,True,3323.68,138.49,material_for_production
8261,14,Rejected,high,False,False,2536.36,181.17,material_for_production
8262,31,Rejected,medium,True,True,5769.42,186.11,office_equipment
8263,12,Rejected,medium,True,True,6328.76,527.4,office_equipment
8264,24,Approved,high,True,True,5699.2,237.47,office_equipment
8265,36,Rejected,high,False,True,5625.99,156.28,material_for_production
8266,36,Approved,medium,False,True,2941.03,81.7,office_equipment
8267,25,Rejected,medium,False,True,2952.01,118.08,office_equipment
8268,20,Approved,medium,False,True,2062.28,103.11,office_equipment
8269,14,Rejected,medium,True,True,4214.53,301.04,other
8270,35,Approved,medium,False,False,5493.0,156.94,material_for_production
8271,37,Approved,low,True,True,2047.17,55.33,material_for_production
8272,18,Rejected,medium,True,True,5709.52,317.2,other
8273,13,Approved,high,True,True,5932.99,456.38,office_equipment
8274,11,Rejected,high,True,False,3050.0,277.27,other
8275,9,Approved,medium,True,True,6880.98,764.55,material_for_production
8276,7,Approved,high,False,True,5090.92,727.27,material_for_production
8277,28,Rejected,high,True,False,3533.16,126.18,material_for_production
8278,7,Approved,high,True,True,2038.51,291.22,material_for_production
8279,29,Approved,high,False,False,1980.49,68.29,office_equipment
8280,29,Approved,high,False,True,2740.15,94.49,other
8281,39,Approved,medium,True,True,2182.89,55.97,other
8282,14,Approved,medium,True,False,3287.23,234.8,office_equipment
8283,22,Rejected,medium,False,True,2385.3,108.42,material_for_production
8284,30,Rejected,medium,False,True,3051.78,101.73,other
8285,11,Approved,medium,False,True,5874.97,534.09,office_equipment
8286,20,Approved,high,True,True,1601.46,80.07,material_for_production
8287,25,Approved,medium,True,True,3679.94,147.2,other
8288,28,Approved,high,True,True,4879.58,174.27,material_for_production
8289,5,Approved,low,True,True,1525.2,305.04,material_for_production
8290,33,Approved,medium,False,False,6962.0,210.97,material_for_production
8291,5,Approved,medium,False,True,1624.5,324.9,material_for_production
8292,14,Approved,medium,True,False,6831.03,487.93,other
8293,14,Rejected,high,False,False,6201.57,442.97,office_equipment
8294,9,Rejected,low,False,True,4311.17,479.02,other
8295,25,Rejected,medium,False,False,5705.95,228.24,material_for_production
8296,33,Approved,medium,False,True,5994.6,181.65,other
8297,7,Rejected,high,False,True,4528.48,646.93,office_equipment
8298,30,Approved,medium,False,True,1703.85,56.79,material_for_production
8299,29,Approved,medium,True,True,2402.38,82.84,material_for_production
8300,21,Approved,low,False,True,2934.66,139.75,other
8301,26,Rejected,high,False,True,5468.86,210.34,office_equipment
8302,12,Rejected,medium,True,True,5278.92,439.91,office_equipment
8303,9,Approved,medium,True,True,2767.02,307.45,office_equipment
8304,26,Rejected,medium,False,False,5891.06,226.58,office_equipment
8305,35,Approved,medium,True,True,5023.5,143.53,material_for_production
8306,38,Rejected,medium,True,False,5940.61,156.33,office_equipment
8307,15,Approved,medium,True,False,4429.74,295.32,material_for_production
8308,9,Approved,medium,False,True,4002.92,444.77,material_for_production
8309,10,Rejected,medium,True,True,6279.24,627.92,material_for_production
8310,21,Approved,low,True,True,1891.21,90.06,material_for_production
8311,12,Rejected,medium,False,True,2605.26,217.11,material_for_production
8312,25,Approved,high,True,True,2214.33,88.57,material_for_production
8313,28,Approved,medium,False,True,1787.19,63.83,office_equipment
8314,34,Rejected,medium,False,True,4102.17,120.65,other
8315,22,Approved,medium,False,False,5719.59,259.98,material_for_production
8316,23,Approved,medium,False,False,3577.36,155.54,material_for_production
8317,23,Rejected,high,True,False,6492.99,282.3,other
8318,39,Rejected,medium,True,False,6563.05,168.28,material_for_production
8319,15,Approved,medium,True,True,2668.98,177.93,material_for_production
8320,26,Approved,medium,False,True,1655.6,63.68,material_for_production
8321,16,Approved,medium,True,True,5341.49,333.84,material_for_production
8322,36,Approved,low,True,True,5955.53,165.43,material_for_production
8323,26,Rejected,medium,False,False,6313.98,242.85,office_equipment
8324,25,Rejected,medium,True,True,6541.83,261.67,office_equipment
8325,36,Rejected,low,True,True,3183.66,88.44,other
8326,12,Rejected,medium,True,True,2698.03,224.84,material_for_production
8327,8,Rejected,medium,False,False,3519.42,439.93,office_equipment
8328,12,Approved,high,True,True,2446.91,203.91,material_for_production
8329,16,Rejected,high,True,True,2213.27,138.33,other
8330,32,Rejected,low,False,False,2781.13,86.91,office_equipment
8331,29,Approved,low,True,True,3944.57,136.02,office_equipment
8332,34,Approved,high,True,True,1905.07,56.03,material_for_production
8333,37,Approved,low,True,True,6189.32,167.28,material_for_production
8334,6,Approved,high,True,False,5959.0,993.17,office_equipment
8335,13,Approved,medium,False,False,3325.52,255.81,material_for_production
8336,27,Approved,medium,False,True,6926.63,256.54,material_for_production
8337,28,Approved,low,True,True,5921.25,211.47,other
8338,30,Approved,medium,False,True,3033.19,101.11,material_for_production
8339,31,Rejected,high,False,True,2599.61,83.86,office_equipment
8340,35,Rejected,medium,False,False,2619.69,74.85,material_for_production
8341,36,Rejected,medium,False,False,2037.03,56.58,office_equipment
8342,11,Approved,medium,False,True,1588.68,144.43,material_for_production
8343,34,Approved,high,True,True,6558.31,192.89,office_equipment
8344,40,Rejected,medium,False,False,3557.43,88.94,material_for_production
8345,33,Approved,high,True,False,2921.42,88.53,other
8346,9,Rejected,medium,False,False,3461.91,384.66,material_for_production
8347,16,Rejected,high,False,True,6501.8,406.36,office_equipment
8348,34,Approved,medium,True,False,6685.58,196.63,material_for_production
8349,40,Rejected,medium,False,False,1879.6,46.99,other
8350,15,Approved,medium,True,True,3205.22,213.68,material_for_production
8351,8,Approved,high,False,False,5237.63,654.7,material_for_production
8352,16,Rejected,medium,False,True,2644.3,165.27,office_equipment
8353,13,Rejected,medium,True,True,6133.17,471.78,other
8354,38,Approved,high,False,True,5360.92,141.08,other
8355,32,Rejected,medium,False,True,3774.54,117.95,other
8356,9,Approved,medium,False,True,5209.48,578.83,material_for_production
8357,16,Approved,medium,False,True,4329.59,270.6,material_for_production
8358,8,Approved,medium,True,True,4061.01,507.63,other
8359,38,Rejected,medium,True,True,6208.08,163.37,office_equipment
8360,23,Approved,high,False,True,6582.99,286.22,office_equipment
8361,17,Approved,medium,False,False,1857.41,109.26,office_equipment
8362,32,Approved,low,True,False,5512.65,172.27,material_for_production
8363,23,Approved,high,False,True,3074.68,133.68,material_for_production
8364,13,Approved,medium,False,True,3126.66,240.51,material_for_production
8365,18,Approved,high,True,True,4920.9,273.38,office_equipment
8366,17,Approved,medium,False,True,3824.34,224.96,other
8367,19,Rejected,medium,True,False,4422.43,232.76,office_equipment
8368,33,Approved,medium,False,True,2728.81,82.69,material_for_production
8369,28,Approved,high,False,False,5736.31,204.87,material_for_production
8370,26,Approved,medium,False,True,5929.84,228.07,material_for_production
8371,35,Rejected,high,False,True,2858.0,81.66,material_for_production
8372,5,Approved,high,True,True,2424.87,484.97,material_for_production
8373,18,Approved,medium,False,False,2914.43,161.91,office_equipment
8374,35,Approved,medium,False,True,3061.54,87.47,material_for_production
8375,15,Rejected,medium,True,False,3915.9,261.06,other
8376,26,Rejected,medium,False,False,4049.9,155.77,material_for_production
8377,6,Approved,medium,True,False,2310.5,385.08,material_for_production
8378,24,Approved,high,True,True,3083.77,128.49,other
8379,32,Rejected,high,True,True,5525.59,172.67,office_equipment
8380,12,Rejected,medium,False,True,4318.02,359.84,material_for_production
8381,36,Rejected,medium,False,True,5074.66,140.96,office_equipment
8382,13,Rejected,medium,False,False,5709.43,439.19,office_equipment
8383,5,Approved,medium,True,True,3891.16,778.23,office_equipment
8384,14,Rejected,medium,True,False,2297.88,164.13,material_for_production
8385,26,Approved,high,True,True,2464.8,94.8,other
8386,14,Rejected,medium,True,False,5788.0,413.43,office_equipment
8387,38,Rejected,high,True,True,5979.47,157.35,material_for_production
8388,20,Approved,medium,False,True,2928.96,146.45,other
8389,32,Approved,medium,False,True,3011.64,94.11,other
8390,33,Approved,high,False,True,3160.59,95.78,office_equipment
8391,22,Approved,high,True,True,2799.97,127.27,other
8392,6,Rejected,medium,False,True,5794.3,965.72,material_for_production
8393,19,Rejected,medium,False,True,4570.59,240.56,office_equipment
8394,37,Approved,high,True,True,4984.08,134.7,office_equipment
8395,30,Approved,high,True,True,6830.41,227.68,material_for_production
8396,34,Approved,medium,True,True,4497.95,132.29,material_for_production
8397,37,Rejected,medium,False,True,4706.71,127.21,other
8398,7,Rejected,high,False,True,4868.28,695.47,office_equipment
8399,27,Approved,low,True,False,4670.08,172.97,material_for_production
8400,6,Rejected,medium,False,False,6739.77,1123.3,material_for_production
8401,15,Approved,medium,False,True,2669.11,177.94,material_for_production
8402,19,Rejected,low,False,True,3254.68,171.3,material_for_production
8403,6,Approved,medium,True,True,6902.75,1150.46,other
8404,9,Approved,high,True,True,5349.45,594.38,office_equipment
8405,31,Approved,medium,False,False,3194.52,103.05,material_for_production
8406,35,Rejected,high,False,False,3193.37,91.24,material_for_production
8407,5,Rejected,medium,True,True,1514.51,302.9,other
8408,5,Approved,low,True,True,3244.67,648.93,material_for_production
8409,14,Approved,medium,True,True,5342.28,381.59,other
8410,24,Rejected,medium,False,False,2299.08,95.8,material_for_production
8411,5,Approved,medium,True,True,6284.45,1256.89,office_equipment
8412,28,Approved,low,False,True,2809.45,100.34,material_for_production
8413,23,Approved,high,False,True,6530.85,283.95,other
8414,11,Rejected,medium,False,True,6841.71,621.97,other
8415,35,Rejected,high,False,True,4475.39,127.87,office_equipment
8416,20,Approved,high,False,True,5552.3,277.62,other
8417,32,Approved,high,False,True,4343.97,135.75,material_for_production
8418,10,Approved,high,True,False,2431.17,243.12,material_for_production
8419,11,Approved,medium,True,True,2606.21,236.93,material_for_production
8420,35,Approved,low,False,True,2184.57,62.42,other
8421,20,Approved,high,False,True,6590.97,329.55,office_equipment
8422,17,Approved,high,False,True,3453.93,203.17,other
8423,24,Approved,medium,True,False,4075.15,169.8,office_equipment
8424,6,Rejected,medium,True,True,6764.87,1127.48,material_for_production
8425,16,Rejected,high,False,True,5897.25,368.58,other
8426,18,Rejected,medium,False,True,4916.36,273.13,material_for_production
8427,6,Approved,medium,False,False,1788.95,298.16,material_for_production
8428,9,Approved,medium,True,True,5252.72,583.64,material_for_production
8429,12,Rejected,medium,False,False,3100.35,258.36,material_for_production
8430,18,Rejected,high,False,True,4398.48,244.36,office_equipment
8431,23,Approved,medium,True,False,4884.38,212.36,other
8432,38,Rejected,medium,False,True,5870.2,154.48,other
8433,29,Rejected,high,True,False,5669.06,195.48,material_for_production
8434,18,Approved,medium,False,False,4937.33,274.3,office_equipment
8435,40,Rejected,high,False,True,3320.06,83.0,material_for_production
8436,17,Approved,medium,False,True,5905.21,347.37,material_for_production
8437,5,Rejected,medium,True,False,5649.76,1129.95,office_equipment
8438,29,Rejected,medium,True,False,1509.28,52.04,other
8439,11,Rejected,high,True,True,4025.18,365.93,material_for_production
8440,10,Rejected,medium,False,True,6974.0,697.4,material_for_production
8441,37,Rejected,high,False,True,6669.85,180.27,other
8442,5,Approved,medium,True,False,3858.8,771.76,other
8443,9,Approved,medium,True,True,2326.14,258.46,other
8444,12,Approved,high,False,True,2112.89,176.07,office_equipment
8445,37,Approved,high,True,True,1706.57,46.12,office_equipment
8446,18,Approved,medium,True,True,1812.13,100.67,other
8447,36,Approved,high,False,True,4984.84,138.47,material_for_production
8448,16,Rejected,medium,True,True,5958.14,372.38,material_for_production
8449,37,Rejected,medium,False,False,3448.73,93.21,other
8450,31,Rejected,medium,False,True,3061.96,98.77,office_equipment
8451,40,Rejected,medium,True,True,3624.7,90.62,office_equipment
8452,38,Rejected,medium,False,True,2243.94,59.05,office_equipment
8453,8,Approved,high,True,True,3469.69,433.71,material_for_production
8454,18,Approved,low,True,True,6703.33,372.41,material_for_production
8455,18,Rejected,low,False,False,4933.9,274.11,office_equipment
8456,8,Approved,medium,True,False,5236.58,654.57,material_for_production
8457,6,Approved,high,False,False,1740.28,290.05,material_for_production
8458,24,Rejected,high,False,True,1913.48,79.73,material_for_production
8459,19,Rejected,high,True,False,6907.84,363.57,material_for_production
8460,8,Rejected,low,True,True,2066.74,258.34,material_for_production
8461,17,Approved,medium,True,False,6554.45,385.56,office_equipment
8462,19,Approved,medium,True,False,2621.64,137.98,material_for_production
8463,36,Approved,medium,True,False,4920.53,136.68,office_equipment
8464,26,Approved,high,False,True,4653.0,178.96,office_equipment
8465,9,Approved,high,True,True,3734.9,414.99,material_for_production
8466,28,Approved,medium,False,True,6016.75,214.88,material_for_production
8467,16,Rejected,low,True,True,4115.56,257.22,office_equipment
8468,12,Rejected,medium,False,False,3361.6,280.13,material_for_production
8469,33,Approved,medium,False,True,4415.21,133.79,material_for_production
8470,29,Approved,low,False,True,3823.38,131.84,material_for_production
8471,37,Approved,medium,False,True,6667.15,180.19,material_for_production
8472,35,Rejected,low,False,False,5902.69,168.65,other
8473,34,Approved,high,True,True,3138.07,92.3,office_equipment
8474,26,Approved,medium,True,True,6948.48,267.25,office_equipment
8475,14,Rejected,medium,False,True,5696.63,406.9,office_equipment
8476,35,Rejected,high,True,True,5702.1,162.92,office_equipment
8477,34,Rejected,medium,False,True,5491.4,161.51,other
8478,39,Rejected,medium,False,True,3932.53,100.83,material_for_production
8479,10,Approved,medium,False,True,4261.08,426.11,other
8480,11,Rejected,medium,True,True,6290.59,571.87,office_equipment
8481,17,Approved,medium,False,True,6875.61,404.45,material_for_production
8482,39,Approved,medium,False,True,5163.53,132.4,material_for_production
8483,20,Approved,high,True,True,4882.18,244.11,office_equipment
8484,27,Rejected,medium,False,False,6482.08,240.08,office_equipment
8485,16,Approved,medium,False,True,2851.06,178.19,material_for_production
8486,40,Rejected,low,True,True,2155.14,53.88,office_equipment
8487,36,Approved,medium,True,True,2594.55,72.07,material_for_production
8488,27,Approved,medium,False,True,6652.94,246.41,office_equipment
8489,21,Rejected,medium,True,True,3179.22,151.39,other
8490,18,Approved,medium,False,True,3578.88,198.83,material_for_production
8491,35,Rejected,medium,False,True,6671.41,190.61,material_for_production
8492,36,Rejected,high,True,True,6267.64,174.1,office_equipment
8493,12,Rejected,medium,True,True,4998.68,416.56,office_equipment
8494,38,Approved,medium,True,True,3631.87,95.58,office_equipment
8495,39,Approved,medium,False,True,2924.02,74.97,other
8496,24,Approved,high,False,True,5199.75,216.66,material_for_production
8497,16,Approved,medium,False,True,2431.49,151.97,office_equipment
8498,33,Rejected,low,False,True,2622.19,79.46,material_for_production
8499,24,Rejected,high,True,True,6024.48,251.02,material_for_production
8500,14,Approved,high,False,True,2371.36,169.38,material_for_production
8501,28,Approved,medium,True,True,4707.35,168.12,other
8502,11,Rejected,medium,True,True,3746.03,340.55,material_for_production
8503,20,Rejected,low,True,False,5719.12,285.96,material_for_production
8504,24,Approved,low,False,True,1978.35,82.43,material_for_production
8505,17,Approved,medium,True,True,2735.38,160.9,other
8506,13,Approved,medium,False,False,3107.25,239.02,office_equipment
8507,28,Rejected,medium,False,True,2035.36,72.69,other
8508,15,Rejected,medium,True,True,2923.51,194.9,other
8509,15,Approved,medium,True,True,2129.03,141.94,material_for_production
8510,12,Approved,medium,True,False,3915.01,326.25,material_for_production
8511,34,Approved,medium,True,True,4021.99,118.29,material_for_production
8512,17,Approved,medium,True,False,4187.05,246.3,material_for_production
8513,38,Approved,medium,False,False,4508.63,118.65,office_equipment
8514,16,Rejected,medium,False,True,3033.91,189.62,other
8515,21,Rejected,low,False,False,6990.42,332.88,material_for_production
8516,38,Approved,medium,True,True,3449.11,90.77,material_for_production
8517,13,Rejected,high,False,True,6884.1,529.55,other
8518,25,Rejected,low,True,False,6884.6,275.38,office_equipment
8519,20,Rejected,high,True,True,4472.42,223.62,office_equipment
8520,11,Rejected,high,False,True,1598.53,145.32,other
8521,27,Approved,high,False,True,4964.83,183.88,material_for_production
8522,14,Rejected,low,True,True,4016.95,286.93,other
8523,7,Rejected,medium,False,False,4662.11,666.02,other
8524,30,Approved,medium,False,True,6995.15,233.17,other
8525,39,Rejected,medium,True,False,3849.95,98.72,other
8526,8,Rejected,medium,True,False,5207.14,650.89,office_equipment
8527,15,Approved,low,False,False,3524.03,234.94,material_for_production
8528,19,Rejected,medium,False,False,6800.51,357.92,other
8529,38,Approved,medium,True,True,4276.88,112.55,other
8530,5,Approved,high,False,False,6698.43,1339.69,material_for_production
8531,26,Approved,high,False,True,3194.02,122.85,other
8532,29,Approved,medium,False,True,4386.58,151.26,material_for_production
8533,18,Approved,high,True,True,5655.32,314.18,material_for_production
8534,33,Approved,medium,True,True,2604.08,78.91,material_for_production
8535,19,Approved,medium,False,False,2481.04,130.58,material_for_production
8536,23,Approved,medium,True,False,3766.01,163.74,office_equipment
8537,7,Approved,high,False,False,1679.83,239.98,material_for_production
8538,30,Approved,high,False,True,5790.92,193.03,office_equipment
8539,16,Rejected,medium,False,True,3879.72,242.48,office_equipment
8540,29,Approved,high,True,True,6328.92,218.24,other
8541,30,Rejected,medium,True,True,4417.98,147.27,office_equipment
8542,11,Approved,medium,True,True,2418.77,219.89,material_for_production
8543,8,Approved,high,True,True,3581.94,447.74,material_for_production
8544,5,Approved,medium,False,True,3558.43,711.69,material_for_production
8545,38,Approved,high,True,False,2392.55,62.96,material_for_production
8546,12,Approved,high,True,True,1739.29,144.94,material_for_production
8547,40,Approved,low,True,True,6669.9,166.75,office_equipment
8548,29,Rejected,high,True,False,2036.46,70.22,other
8549,8,Approved,high,False,False,2381.15,297.64,material_for_production
8550,35,Approved,medium,True,True,6658.11,190.23,office_equipment
8551,24,Approved,medium,True,True,2980.33,124.18,other
8552,6,Approved,medium,False,True,3747.69,624.62,material_for_production
8553,30,Approved,high,True,True,3079.94,102.66,material_for_production
8554,18,Approved,high,False,False,3594.78,199.71,material_for_production
8555,6,Rejected,low,True,True,6745.79,1124.3,material_for_production
8556,18,Rejected,medium,True,True,3442.12,191.23,office_equipment
8557,20,Rejected,medium,False,True,2165.68,108.28,office_equipment
8558,13,Approved,medium,True,False,2752.04,211.7,material_for_production
8559,8,Approved,medium,False,False,5348.36,668.54,other
8560,5,Approved,high,False,True,4755.68,951.14,office_equipment
8561,15,Approved,high,True,False,4672.85,311.52,material_for_production
8562,37,Rejected,high,False,True,6307.66,170.48,material_for_production
8563,29,Rejected,medium,False,True,2249.43,77.57,material_for_production
8564,14,Rejected,high,False,False,6492.42,463.74,material_for_production
8565,16,Approved,medium,True,True,1508.15,94.26,material_for_production
8566,9,Rejected,low,True,False,1934.86,214.98,material_for_production
8567,39,Rejected,medium,True,False,2150.09,55.13,office_equipment
8568,6,Rejected,medium,False,True,2358.17,393.03,other
8569,6,Rejected,medium,False,True,6067.77,1011.3,other
8570,11,Approved,high,False,True,2402.83,218.44,material_for_production
8571,35,Approved,high,True,True,5412.27,154.64,material_for_production
8572,19,Approved,medium,False,False,4968.53,261.5,material_for_production
8573,9,Rejected,high,True,True,4898.78,544.31,other
8574,35,Rejected,medium,False,False,4674.13,133.55,material_for_production
8575,32,Rejected,medium,True,True,6061.17,189.41,material_for_production
8576,37,Rejected,low,False,True,6319.33,170.79,material_for_production
8577,27,Rejected,medium,False,True,4665.7,172.8,office_equipment
8578,9,Rejected,high,True,False,5414.62,601.62,office_equipment
8579,7,Approved,medium,True,False,2749.45,392.78,material_for_production
8580,20,Approved,medium,True,True,5318.04,265.9,material_for_production
8581,15,Approved,high,True,True,6204.29,413.62,material_for_production
8582,33,Approved,medium,True,False,4810.47,145.77,office_equipment
8583,37,Rejected,high,False,True,3259.85,88.1,office_equipment
8584,14,Approved,high,True,True,3664.15,261.73,material_for_production
8585,32,Approved,medium,False,True,4251.35,132.85,material_for_production
8586,19,Approved,high,True,True,4539.95,238.94,material_for_production
8587,32,Approved,medium,False,False,2275.9,71.12,other
8588,32,Rejected,medium,False,False,4531.84,141.62,material_for_production
8589,22,Approved,medium,True,True,1735.74,78.9,material_for_production
8590,38,Rejected,medium,False,True,2593.84,68.26,office_equipment
8591,20,Approved,high,True,True,4908.88,245.44,office_equipment
8592,36,Rejected,low,False,True,3591.79,99.77,other
8593,19,Approved,medium,True,True,2036.04,107.16,other
8594,39,Rejected,medium,False,True,4150.64,106.43,office_equipment
8595,34,Approved,medium,False,True,1505.01,44.27,office_equipment
8596,24,Rejected,medium,True,True,3378.7,140.78,office_equipment
8597,22,Rejected,high,False,True,5158.21,234.46,office_equipment
8598,7,Rejected,medium,False,True,3269.56,467.08,office_equipment
8599,24,Approved,medium,False,True,1706.34,71.1,material_for_production
8600,12,Rejected,medium,False,True,6676.07,556.34,other
8601,6,Approved,medium,True,True,4910.79,818.47,office_equipment
8602,14,Approved,low,False,True,4297.7,306.98,material_for_production
8603,7,Approved,high,True,True,3332.27,476.04,office_equipment
8604,6,Rejected,medium,True,True,3782.06,630.34,office_equipment
8605,19,Rejected,medium,False,True,3021.25,159.01,office_equipment
8606,19,Approved,medium,True,True,2679.37,141.02,office_equipment
8607,19,Rejected,medium,True,False,3321.37,174.81,material_for_production
8608,35,Rejected,low,True,True,6222.64,177.79,other
8609,12,Rejected,medium,False,True,6088.68,507.39,material_for_production
8610,13,Rejected,medium,False,True,5277.66,405.97,material_for_production
8611,36,Rejected,medium,True,True,6678.67,185.52,office_equipment
8612,31,Approved,medium,True,True,6081.13,196.17,office_equipment
8613,37,Rejected,medium,True,True,2810.34,75.96,office_equipment
8614,20,Approved,high,True,False,4588.89,229.44,material_for_production
8615,19,Rejected,medium,False,False,3804.78,200.25,office_equipment
8616,9,Approved,medium,True,True,5644.54,627.17,material_for_production
8617,8,Approved,high,False,True,3454.6,431.82,material_for_production
8618,27,Approved,medium,True,True,3230.96,119.67,material_for_production
8619,39,Rejected,low,False,False,5929.83,152.05,material_for_production
8620,19,Rejected,medium,True,True,4322.61,227.51,office_equipment
8621,14,Approved,medium,True,True,3591.2,256.51,material_for_production
8622,37,Rejected,high,True,True,2386.65,64.5,office_equipment
8623,11,Approved,low,True,True,6003.55,545.78,material_for_production
8624,33,Approved,medium,True,True,2893.05,87.67,material_for_production
8625,26,Approved,high,True,True,1625.85,62.53,material_for_production
8626,13,Approved,high,False,True,5439.14,418.4,material_for_production
8627,15,Approved,medium,False,True,2116.39,141.09,office_equipment
8628,6,Approved,medium,True,True,1510.93,251.82,other
8629,11,Rejected,high,False,True,5201.0,472.82,material_for_production
8630,20,Rejected,medium,True,True,5379.04,268.95,office_equipment
8631,36,Approved,medium,False,True,3602.21,100.06,material_for_production
8632,25,Rejected,low,True,True,1637.03,65.48,other
8633,40,Approved,medium,False,True,4250.78,106.27,office_equipment
8634,34,Rejected,medium,False,True,4510.37,132.66,material_for_production
8635,12,Approved,high,False,False,2713.43,226.12,office_equipment
8636,38,Approved,medium,False,True,1613.97,42.47,material_for_production
8637,34,Approved,medium,True,True,6777.37,199.33,material_for_production
8638,37,Rejected,medium,False,True,1879.72,50.8,material_for_production
8639,38,Approved,high,False,False,5112.22,134.53,office_equipment
8640,24,Approved,high,False,True,5203.67,216.82,material_for_production
8641,34,Approved,high,False,True,4823.17,141.86,material_for_production
8642,5,Approved,medium,False,False,2630.53,526.11,material_for_production
8643,17,Rejected,medium,True,False,3440.79,202.4,material_for_production
8644,13,Approved,medium,False,True,1839.82,141.52,office_equipment
8645,28,Approved,medium,False,False,1830.62,65.38,material_for_production
8646,38,Approved,medium,False,True,4647.21,122.3,material_for_production
8647,6,Approved,high,False,True,1602.3,267.05,office_equipment
8648,35,Approved,medium,False,True,4748.78,135.68,material_for_production
8649,33,Approved,medium,True,True,6372.34,193.1,material_for_production
8650,8,Approved,high,True,True,3394.84,424.36,material_for_production
8651,21,Approved,medium,False,True,4333.51,206.36,office_equipment
8652,40,Approved,low,False,False,2372.33,59.31,office_equipment
8653,24,Approved,high,True,True,6563.46,273.48,material_for_production
8654,26,Rejected,high,False,True,2552.51,98.17,office_equipment
8655,32,Rejected,medium,True,True,6676.99,208.66,other
8656,40,Approved,high,False,True,6630.52,165.76,material_for_production
8657,25,Approved,medium,False,True,1714.04,68.56,office_equipment
8658,34,Approved,medium,True,True,2807.92,82.59,material_for_production
8659,40,Approved,high,True,True,4203.9,105.1,material_for_production
8660,5,Approved,medium,True,True,2939.03,587.81,material_for_production
8661,28,Approved,low,False,True,1887.22,67.4,material_for_production
8662,8,Rejected,high,True,True,3860.21,482.53,material_for_production
8663,17,Approved,medium,True,True,2350.16,138.24,material_for_production
8664,22,Rejected,medium,True,False,6882.1,312.82,material_for_production
8665,39,Rejected,medium,True,True,3173.65,81.38,material_for_production
8666,24,Approved,high,True,True,4357.62,181.57,material_for_production
8667,7,Rejected,medium,False,True,4727.83,675.4,material_for_production
8668,13,Rejected,medium,False,True,6848.44,526.8,material_for_production
8669,9,Rejected,high,True,True,5795.17,643.91,material_for_production
8670,18,Rejected,medium,True,True,5091.44,282.86,other
8671,20,Approved,low,False,True,6184.56,309.23,material_for_production
8672,36,Rejected,medium,True,False,5173.87,143.72,material_for_production
8673,15,Rejected,high,True,True,5158.02,343.87,other
8674,7,Approved,high,False,True,6670.78,952.97,material_for_production
8675,40,Rejected,medium,True,False,5543.82,138.6,other
8676,20,Approved,high,False,False,4552.76,227.64,material_for_production
8677,15,Approved,high,True,True,2565.91,171.06,material_for_production
8678,30,Approved,medium,True,True,1519.54,50.65,office_equipment
8679,8,Rejected,high,False,True,6191.92,773.99,office_equipment
8680,20,Approved,high,False,True,4859.3,242.97,material_for_production
8681,20,Rejected,medium,True,True,5949.63,297.48,material_for_production
8682,33,Approved,high,True,False,1510.8,45.78,material_for_production
8683,25,Rejected,low,False,True,4058.73,162.35,office_equipment
8684,23,Rejected,medium,True,True,3147.9,136.87,material_for_production
8685,20,Rejected,medium,False,True,2993.83,149.69,office_equipment
8686,10,Approved,medium,True,True,6906.0,690.6,office_equipment
8687,22,Approved,medium,False,True,5653.97,257.0,office_equipment
8688,26,Approved,medium,True,False,2770.05,106.54,material_for_production
8689,37,Rejected,medium,True,True,5317.87,143.73,material_for_production
8690,25,Approved,high,False,True,3520.37,140.81,office_equipment
8691,32,Approved,medium,True,True,5692.76,177.9,office_equipment
8692,10,Approved,high,True,False,4683.81,468.38,office_equipment
8693,15,Approved,medium,True,True,6254.81,416.99,material_for_production
8694,13,Approved,medium,True,True,5794.94,445.76,material_for_production
8695,32,Approved,high,False,True,6438.48,201.2,material_for_production
8696,34,Approved,high,True,True,6806.75,200.2,office_equipment
8697,5,Approved,medium,True,False,6409.25,1281.85,office_equipment
8698,15,Rejected,high,True,True,6155.21,410.35,material_for_production
8699,24,Approved,medium,True,True,1680.95,70.04,material_for_production
8700,24,Approved,medium,True,True,1963.75,81.82,office_equipment
8701,7,Approved,medium,True,True,2862.16,408.88,office_equipment
8702,14,Rejected,medium,False,False,2722.47,194.46,office_equipment
8703,11,Rejected,medium,True,True,5232.55,475.69,office_equipment
8704,38,Approved,low,False,True,1551.36,40.83,material_for_production
8705,26,Approved,high,True,True,5692.56,218.94,material_for_production
8706,30,Approved,low,True,False,2933.31,97.78,material_for_production
8707,14,Rejected,high,False,True,3849.99,275.0,office_equipment
8708,40,Rejected,medium,False,True,6570.86,164.27,material_for_production
8709,18,Rejected,medium,False,True,2095.28,116.4,office_equipment
8710,13,Rejected,high,False,True,6061.39,466.26,office_equipment
8711,6,Approved,high,True,False,2839.06,473.18,material_for_production
8712,39,Approved,high,False,True,2966.19,76.06,material_for_production
8713,12,Approved,medium,True,True,2373.82,197.82,material_for_production
8714,7,Rejected,medium,True,False,3330.86,475.84,office_equipment
8715,26,Rejected,medium,False,True,6470.41,248.86,office_equipment
8716,37,Approved,medium,False,True,6116.56,165.31,material_for_production
8717,39,Approved,high,True,False,6808.59,174.58,material_for_production
8718,34,Rejected,medium,True,False,4103.7,120.7,other
8719,36,Rejected,high,False,True,3321.0,92.25,office_equipment
8720,33,Approved,medium,True,True,5485.54,166.23,material_for_production
8721,24,Rejected,medium,False,True,3459.02,144.13,material_for_production
8722,13,Rejected,medium,True,False,5911.62,454.74,office_equipment
8723,39,Rejected,high,True,True,4280.09,109.75,other
8724,15,Approved,high,False,True,4497.66,299.84,office_equipment
8725,34,Rejected,high,True,True,6964.13,204.83,material_for_production
8726,25,Approved,medium,True,True,4700.32,188.01,material_for_production
8727,23,Approved,high,True,True,4301.26,187.01,other
8728,20,Approved,medium,True,True,4316.33,215.82,material_for_production
8729,5,Approved,medium,True,False,6788.86,1357.77,other
8730,6,Approved,high,True,True,1576.99,262.83,office_equipment
8731,24,Approved,high,False,True,4299.45,179.14,material_for_production
8732,15,Approved,medium,True,False,5839.49,389.3,other
8733,33,Rejected,medium,False,True,6486.29,196.55,office_equipment
8734,25,Approved,medium,True,True,5012.03,200.48,material_for_production
8735,33,Approved,high,True,True,1516.01,45.94,material_for_production
8736,25,Rejected,medium,True,False,2862.62,114.5,office_equipment
8737,31,Rejected,medium,False,False,4886.91,157.64,office_equipment
8738,35,Rejected,high,True,False,6417.81,183.37,other
8739,23,Rejected,medium,False,True,4493.53,195.37,other
8740,19,Approved,high,True,True,5290.45,278.44,material_for_production
8741,10,Approved,high,True,False,6041.07,604.11,material_for_production
8742,14,Approved,low,True,True,1644.06,117.43,office_equipment
8743,12,Rejected,medium,True,True,6945.2,578.77,office_equipment
8744,20,Approved,medium,False,True,3629.22,181.46,material_for_production
8745,20,Approved,medium,False,True,6810.66,340.53,material_for_production
8746,24,Approved,high,False,False,2869.64,119.57,material_for_production
8747,35,Rejected,medium,False,True,1810.24,51.72,other
8748,22,Approved,medium,False,True,5673.79,257.9,office_equipment
8749,36,Rejected,high,False,True,6721.79,186.72,office_equipment
8750,14,Approved,low,True,True,3722.04,265.86,office_equipment
8751,33,Rejected,high,True,True,5825.49,176.53,other
8752,30,Approved,medium,True,True,3175.72,105.86,office_equipment
8753,17,Approved,high,True,True,5475.14,322.07,material_for_production
8754,16,Approved,medium,True,True,6496.38,406.02,material_for_production
8755,5,Rejected,medium,False,False,2881.16,576.23,material_for_production
8756,15,Rejected,high,False,False,2062.51,137.5,material_for_production
8757,21,Approved,medium,True,False,3500.44,166.69,office_equipment
8758,32,Approved,medium,True,True,2972.71,92.9,material_for_production
8759,24,Rejected,low,True,True,6779.43,282.48,office_equipment
8760,11,Approved,high,True,True,6213.2,564.84,material_for_production
8761,7,Rejected,medium,True,False,5526.16,789.45,office_equipment
8762,36,Approved,high,True,True,6066.28,168.51,other
8763,5,Rejected,medium,True,False,4554.9,910.98,office_equipment
8764,38,Rejected,medium,False,True,6410.89,168.71,material_for_production
8765,7,Rejected,medium,False,False,5677.1,811.01,other
8766,9,Approved,medium,False,True,1859.39,206.6,material_for_production
8767,22,Approved,medium,False,True,2437.39,110.79,other
8768,27,Rejected,low,False,True,2680.54,99.28,office_equipment
8769,20,Approved,medium,True,True,6756.74,337.84,material_for_production
8770,16,Approved,medium,False,True,3533.68,220.85,material_for_production
8771,6,Approved,high,False,True,3028.83,504.81,material_for_production
8772,27,Approved,medium,True,True,4119.06,152.56,material_for_production
8773,17,Approved,medium,True,True,2430.94,143.0,other
8774,27,Approved,low,False,True,1547.71,57.32,other
8775,24,Rejected,medium,False,True,5272.31,219.68,other
8776,26,Rejected,high,True,False,4259.29,163.82,office_equipment
8777,24,Rejected,medium,True,False,4272.15,178.01,material_for_production
8778,10,Approved,medium,True,True,5703.25,570.33,office_equipment
8779,37,Rejected,medium,False,True,3866.93,104.51,office_equipment
8780,5,Rejected,medium,True,False,5311.73,1062.35,office_equipment
8781,7,Approved,medium,True,True,4820.67,688.67,office_equipment
8782,35,Approved,high,False,True,3750.63,107.16,material_for_production
8783,18,Rejected,medium,False,True,5049.78,280.54,other
8784,10,Rejected,low,True,False,4356.39,435.64,material_for_production
8785,10,Approved,medium,False,True,3337.75,333.77,material_for_production
8786,25,Approved,medium,True,False,2510.91,100.44,other
8787,16,Approved,high,True,True,5805.58,362.85,material_for_production
8788,13,Rejected,medium,False,True,5039.07,387.62,material_for_production
8789,13,Rejected,medium,False,False,2316.85,178.22,material_for_production
8790,14,Approved,high,False,True,5398.09,385.58,material_for_production
8791,31,Approved,medium,True,True,5291.1,170.68,other
8792,37,Approved,medium,True,True,2743.74,74.16,material_for_production
8793,28,Approved,medium,False,True,5577.77,199.21,material_for_production
8794,15,Rejected,high,False,False,3544.32,236.29,office_equipment
8795,7,Rejected,medium,False,True,5669.05,809.86,office_equipment
8796,28,Rejected,medium,True,False,1915.63,68.42,other
8797,11,Rejected,medium,False,True,4935.11,448.65,office_equipment
8798,20,Rejected,high,False,True,1859.93,93.0,material_for_production
8799,10,Rejected,high,False,True,6399.79,639.98,other
8800,38,Approved,medium,False,True,3593.03,94.55,material_for_production
8801,40,Rejected,medium,True,True,6912.52,172.81,other
8802,31,Approved,medium,True,True,2039.64,65.79,other
8803,39,Approved,low,True,False,3673.99,94.2,office_equipment
8804,11,Rejected,high,False,True,2357.87,214.35,office_equipment
8805,39,Rejected,high,False,True,4361.44,111.83,other
8806,7,Rejected,medium,False,False,4369.89,624.27,office_equipment
8807,19,Rejected,high,True,False,2861.33,150.6,material_for_production
8808,30,Approved,high,True,True,5646.62,188.22,office_equipment
8809,20,Approved,high,False,False,6741.98,337.1,office_equipment
8810,18,Approved,high,True,True,2544.14,141.34,material_for_production
8811,38,Approved,high,True,False,4742.98,124.82,other
8812,40,Rejected,low,True,True,2236.15,55.9,office_equipment
8813,34,Rejected,high,False,True,3881.18,114.15,material_for_production
8814,16,Approved,medium,True,True,4840.77,302.55,office_equipment
8815,11,Rejected,medium,False,True,3549.19,322.65,other
8816,22,Rejected,high,True,True,2464.14,112.01,office_equipment
8817,17,Rejected,medium,True,True,3835.75,225.63,material_for_production
8818,28,Approved,medium,True,True,5009.05,178.89,material_for_production
8819,39,Rejected,medium,False,False,2231.8,57.23,material_for_production
8820,22,Approved,high,True,True,3082.68,140.12,other
8821,18,Approved,high,True,False,4637.61,257.64,material_for_production
8822,15,Approved,medium,True,True,3859.44,257.3,material_for_production
8823,38,Rejected,medium,True,True,6850.78,180.28,material_for_production
8824,23,Approved,high,False,True,2934.5,127.59,office_equipment
8825,24,Rejected,high,True,False,6418.08,267.42,office_equipment
8826,17,Rejected,medium,True,True,1825.47,107.38,office_equipment
8827,14,Rejected,medium,False,True,4470.95,319.35,material_for_production
8828,6,Approved,high,True,True,3460.73,576.79,material_for_production
8829,24,Rejected,medium,False,True,3599.42,149.98,material_for_production
8830,33,Rejected,low,True,True,5570.72,168.81,material_for_production
8831,39,Approved,high,False,True,2322.0,59.54,material_for_production
8832,6,Approved,medium,False,True,3248.76,541.46,office_equipment
8833,24,Approved,medium,False,True,6950.79,289.62,material_for_production
8834,12,Rejected,low,False,True,4026.75,335.56,office_equipment
8835,35,Rejected,medium,True,True,4471.82,127.77,other
8836,28,Approved,high,True,True,4467.82,159.56,office_equipment
8837,31,Rejected,medium,True,True,2243.2,72.36,other
8838,34,Approved,medium,True,True,2484.84,73.08,material_for_production
8839,29,Approved,medium,False,True,1733.62,59.78,material_for_production
8840,26,Approved,high,True,True,4055.0,155.96,material_for_production
8841,36,Approved,low,True,True,1891.89,52.55,material_for_production
8842,40,Rejected,medium,True,True,3941.72,98.54,office_equipment
8843,9,Approved,medium,False,True,5579.29,619.92,material_for_production
8844,16,Rejected,high,False,True,3724.13,232.76,material_for_production
8845,10,Rejected,high,True,False,1521.04,152.1,office_equipment
8846,25,Rejected,medium,False,True,1691.57,67.66,office_equipment
8847,18,Rejected,high,True,True,6078.34,337.69,office_equipment
8848,12,Rejected,high,False,False,6584.57,548.71,material_for_production
8849,15,Approved,medium,True,True,3766.49,251.1,office_equipment
8850,33,Approved,high,False,False,2398.47,72.68,material_for_production
8851,7,Approved,medium,True,True,6707.2,958.17,material_for_production
8852,25,Approved,low,False,False,3811.08,152.44,material_for_production
8853,11,Rejected,medium,False,True,5682.92,516.63,office_equipment
8854,17,Approved,medium,False,False,6630.83,390.05,material_for_production
8855,19,Approved,high,False,True,3579.57,188.4,material_for_production
8856,5,Rejected,medium,True,True,6589.13,1317.83,office_equipment
8857,25,Approved,high,False,True,2804.58,112.18,material_for_production
8858,37,Approved,medium,True,True,3272.19,88.44,office_equipment
8859,27,Rejected,medium,False,False,3743.34,138.64,office_equipment
8860,11,Approved,medium,False,False,2727.36,247.94,material_for_production
8861,29,Approved,low,False,False,3857.28,133.01,other
8862,11,Approved,medium,True,True,2481.47,225.59,office_equipment
8863,28,Approved,medium,False,True,3767.13,134.54,material_for_production
8864,23,Approved,high,False,False,3522.99,153.17,material_for_production
8865,36,Approved,high,True,True,6993.18,194.25,material_for_production
8866,11,Approved,medium,False,True,5003.78,454.89,material_for_production
8867,24,Approved,low,True,True,6026.34,251.1,material_for_production
8868,18,Rejected,high,True,True,5137.53,285.42,material_for_production
8869,16,Approved,high,False,True,5029.49,314.34,office_equipment
8870,13,Rejected,high,True,False,6580.43,506.19,other
8871,33,Approved,medium,False,True,2801.51,84.89,office_equipment
8872,35,Approved,low,True,False,1515.52,43.3,office_equipment
8873,22,Approved,medium,True,True,2037.77,92.63,material_for_production
8874,15,Approved,medium,False,True,4692.05,312.8,other
8875,18,Approved,medium,False,True,2982.76,165.71,other
8876,17,Approved,high,False,True,6705.41,394.44,office_equipment
8877,5,Approved,medium,False,True,5958.07,1191.61,material_for_production
8878,28,Rejected,medium,False,True,5309.28,189.62,other
8879,36,Approved,medium,False,True,6252.56,173.68,office_equipment
8880,30,Rejected,high,True,True,5525.29,184.18,office_equipment
8881,15,Approved,high,True,False,2740.05,182.67,material_for_production
8882,14,Approved,high,True,True,1993.5,142.39,other
8883,21,Approved,medium,True,False,4208.51,200.41,material_for_production
8884,33,Approved,medium,False,True,2753.2,83.43,material_for_production
8885,32,Approved,medium,True,True,4167.77,130.24,other
8886,23,Approved,medium,False,True,1826.49,79.41,office_equipment
8887,16,Approved,medium,True,True,3529.5,220.59,material_for_production
8888,39,Approved,high,True,False,5385.38,138.09,office_equipment
8889,23,Rejected,medium,False,True,5961.97,259.22,other
8890,23,Rejected,high,True,True,2269.15,98.66,other
8891,34,Approved,medium,False,True,6550.45,192.66,material_for_production
8892,9,Rejected,medium,False,True,6694.68,743.85,office_equipment
8893,8,Approved,medium,False,True,5489.93,686.24,office_equipment
8894,20,Rejected,medium,True,False,6097.15,304.86,other
8895,12,Approved,medium,True,False,1677.67,139.81,material_for_production
8896,18,Approved,high,False,False,4866.96,270.39,material_for_production
8897,19,Approved,high,True,False,5200.13,273.69,other
8898,14,Rejected,medium,True,True,5364.85,383.2,material_for_production
8899,22,Rejected,medium,False,False,6926.8,314.85,office_equipment
8900,23,Approved,low,True,True,3425.42,148.93,material_for_production
8901,8,Approved,medium,False,True,4822.38,602.8,office_equipment
8902,20,Rejected,high,False,True,2548.61,127.43,office_equipment
8903,35,Rejected,medium,True,True,4479.57,127.99,office_equipment
8904,21,Rejected,medium,False,False,4234.9,201.66,material_for_production
8905,29,Rejected,high,True,True,3523.1,121.49,office_equipment
8906,11,Rejected,high,True,True,3024.56,274.96,office_equipment
8907,23,Rejected,high,False,True,3800.75,165.25,other
8908,36,Rejected,low,False,True,3823.38,106.2,office_equipment
8909,5,Rejected,medium,True,True,2991.83,598.37,material_for_production
8910,26,Rejected,medium,True,False,5843.37,224.75,material_for_production
8911,40,Rejected,medium,False,True,6312.33,157.81,other
8912,17,Rejected,medium,True,True,6777.24,398.66,office_equipment
8913,10,Rejected,low,False,False,3643.62,364.36,office_equipment
8914,25,Rejected,medium,True,True,5530.17,221.21,material_for_production
8915,39,Rejected,medium,False,False,2226.52,57.09,office_equipment
8916,27,Rejected,high,False,True,3640.68,134.84,office_equipment
8917,30,Rejected,medium,True,True,4555.55,151.85,other
8918,12,Rejected,medium,False,False,3656.22,304.69,material_for_production
8919,20,Rejected,medium,False,True,6455.99,322.8,office_equipment
8920,29,Rejected,medium,True,True,3852.36,132.84,office_equipment
8921,28,Rejected,medium,True,True,4225.46,150.91,material_for_production
8922,22,Rejected,medium,True,True,3287.64,149.44,other
8923,39,Rejected,high,False,True,4446.59,114.02,material_for_production
8924,6,Rejected,low,True,True,2934.25,489.04,material_for_production
8925,6,Rejected,low,False,True,4442.31,740.39,material_for_production
8926,34,Rejected,medium,True,True,5437.33,159.92,material_for_production
8927,17,Rejected,high,False,False,3742.31,220.14,other
8928,30,Rejected,medium,True,True,4242.12,141.4,material_for_production
8929,23,Rejected,medium,False,False,5856.38,254.63,other
8930,35,Rejected,high,True,True,3288.44,93.96,material_for_production
8931,28,Rejected,high,False,True,6285.45,224.48,office_equipment
8932,25,Rejected,low,True,True,1873.45,74.94,material_for_production
8933,24,Rejected,medium,False,True,3651.8,152.16,material_for_production
8934,11,Rejected,high,False,False,1937.07,176.1,office_equipment
8935,10,Rejected,high,False,False,5779.1,577.91,material_for_production
8936,21,Rejected,high,True,True,3421.44,162.93,office_equipment
8937,29,Rejected,low,True,True,5041.84,173.86,material_for_production
8938,35,Rejected,medium,True,False,2012.83,57.51,material_for_production
8939,11,Rejected,medium,False,True,4122.17,374.74,other
8940,19,Rejected,medium,False,False,3744.67,197.09,material_for_production
8941,36,Rejected,medium,False,False,3301.06,91.7,office_equipment
8942,39,Rejected,medium,False,True,3622.37,92.88,material_for_production
8943,36,Rejected,high,False,True,3444.61,95.68,material_for_production
8944,34,Rejected,medium,False,True,2587.62,76.11,other
8945,8,Rejected,medium,False,True,4646.66,580.83,material_for_production
8946,11,Rejected,medium,True,True,2592.82,235.71,material_for_production
8947,14,Rejected,high,True,False,5984.71,427.48,material_for_production
8948,19,Rejected,high,False,True,5148.53,270.98,office_equipment
8949,6,Rejected,high,True,True,5584.23,930.7,office_equipment
8950,39,Rejected,medium,True,True,3919.78,100.51,office_equipment
8951,20,Rejected,medium,False,False,4733.45,236.67,material_for_production
8952,35,Rejected,high,False,True,5182.55,148.07,office_equipment
8953,10,Rejected,medium,False,True,1859.42,185.94,other
8954,16,Rejected,low,False,True,2000.87,125.05,material_for_production
8955,8,Rejected,high,False,True,2742.74,342.84,material_for_production
8956,31,Rejected,medium,True,False,4266.47,137.63,material_for_production
8957,13,Rejected,medium,False,True,3199.37,246.11,office_equipment
8958,22,Rejected,high,True,True,3554.71,161.58,office_equipment
8959,11,Rejected,high,False,True,3788.31,344.39,material_for_production
8960,23,Rejected,medium,False,False,5795.8,251.99,material_for_production
8961,38,Rejected,medium,True,True,1909.01,50.24,material_for_production
8962,32,Rejected,medium,False,True,3304.0,103.25,office_equipment
8963,5,Rejected,high,False,True,2239.38,447.88,material_for_production
8964,31,Rejected,medium,True,False,4761.26,153.59,material_for_production
8965,25,Rejected,medium,False,True,3239.15,129.57,material_for_production
8966,30,Rejected,low,False,True,4720.87,157.36,material_for_production
8967,37,Rejected,high,True,True,6160.86,166.51,material_for_production
8968,37,Rejected,medium,True,False,4119.03,111.33,office_equipment
8969,23,Rejected,medium,True,True,4306.05,187.22,other
8970,20,Rejected,high,True,True,6830.81,341.54,other
8971,24,Rejected,medium,True,True,2791.36,116.31,office_equipment
8972,18,Rejected,high,True,True,4776.0,265.33,material_for_production
8973,28,Rejected,low,False,True,5887.65,210.27,office_equipment
8974,7,Rejected,medium,False,True,4147.25,592.46,material_for_production
8975,21,Rejected,high,False,False,6650.93,316.71,other
8976,19,Rejected,medium,True,True,4347.55,228.82,office_equipment
8977,31,Rejected,high,True,True,3056.49,98.6,other
8978,31,Rejected,medium,False,True,5595.62,180.5,material_for_production
8979,31,Rejected,high,True,True,5810.62,187.44,other
8980,7,Rejected,low,True,True,2798.48,399.78,office_equipment
8981,14,Rejected,medium,True,True,4698.06,335.58,office_equipment
8982,6,Rejected,low,True,False,5468.8,911.47,office_equipment
8983,36,Rejected,low,True,True,5891.6,163.66,office_equipment
8984,5,Rejected,high,True,False,2078.71,415.74,material_for_production
8985,34,Rejected,low,False,True,6297.96,185.23,material_for_production
8986,38,Rejected,low,True,True,4348.74,114.44,material_for_production
8987,19,Rejected,high,True,False,1622.92,85.42,office_equipment
8988,21,Rejected,medium,False,True,4341.77,206.75,material_for_production
8989,21,Rejected,medium,False,True,3156.27,150.3,material_for_production
8990,10,Rejected,medium,True,True,1780.81,178.08,other
8991,34,Rejected,high,True,False,6602.18,194.18,material_for_production
8992,18,Rejected,high,False,True,4865.14,270.29,material_for_production
8993,9,Rejected,medium,True,False,5980.15,664.46,material_for_production
8994,28,Rejected,medium,True,True,5016.78,179.17,material_for_production
8995,10,Rejected,high,True,True,3598.97,359.9,office_equipment
8996,30,Rejected,medium,True,False,2974.02,99.13,office_equipment
8997,31,Rejected,medium,False,True,4397.2,141.85,material_for_production
8998,10,Rejected,low,False,False,3273.63,327.36,material_for_production
8999,12,Rejected,medium,True,True,2595.37,216.28,material_for_production
9000,24,Rejected,medium,True,True,2515.26,104.8,other
9001,30,Rejected,medium,True,False,2330.44,77.68,other
9002,21,Rejected,medium,False,True,6378.46,303.74,office_equipment
9003,29,Rejected,high,False,True,6744.76,232.58,material_for_production
9004,19,Rejected,low,False,False,1780.03,93.69,office_equipment
9005,18,Rejected,low,False,True,2489.02,138.28,office_equipment
9006,36,Rejected,medium,False,False,6470.54,179.74,material_for_production
9007,7,Rejected,high,True,True,5016.59,716.66,other
9008,9,Rejected,medium,False,True,6624.86,736.1,other
9009,38,Rejected,high,False,True,2109.86,55.52,other
9010,16,Rejected,medium,False,True,2588.42,161.78,material_for_production
9011,25,Rejected,high,True,True,5399.57,215.98,material_for_production
9012,34,Rejected,medium,False,True,2851.94,83.88,office_equipment
9013,12,Rejected,medium,True,True,4131.68,344.31,material_for_production
9014,13,Rejected,medium,True,False,4421.09,340.08,material_for_production
9015,17,Rejected,high,False,False,1718.98,101.12,material_for_production
9016,22,Rejected,medium,True,False,3685.75,167.53,material_for_production
9017,24,Rejected,high,True,True,5099.71,212.49,other
9018,24,Rejected,medium,True,True,6582.1,274.25,office_equipment
9019,20,Rejected,medium,True,True,6450.51,322.53,office_equipment
9020,37,Rejected,high,False,True,3748.59,101.31,material_for_production
9021,14,Rejected,medium,False,True,5844.94,417.5,material_for_production
9022,10,Rejected,high,True,True,6415.95,641.6,other
9023,21,Rejected,high,True,True,6335.65,301.7,material_for_production
9024,10,Rejected,medium,False,True,2520.58,252.06,material_for_production
9025,22,Rejected,high,True,True,3585.87,162.99,material_for_production
9026,14,Rejected,medium,False,True,5215.08,372.51,material_for_production
9027,26,Rejected,medium,True,False,3220.45,123.86,material_for_production
9028,26,Rejected,low,False,True,6361.54,244.67,office_equipment
9029,28,Rejected,high,False,True,4886.03,174.5,other
9030,17,Rejected,high,False,False,6203.43,364.91,other
9031,29,Rejected,high,True,True,6268.62,216.16,office_equipment
9032,24,Rejected,medium,True,True,3718.66,154.94,material_for_production
9033,33,Rejected,high,True,False,5967.62,180.84,other
9034,31,Rejected,high,False,True,4371.06,141.0,material_for_production
9035,40,Rejected,medium,True,False,5070.4,126.76,office_equipment
9036,15,Rejected,high,False,True,3355.39,223.69,material_for_production
9037,33,Rejected,medium,True,False,4092.87,124.03,material_for_production
9038,19,Rejected,low,True,False,2529.41,133.13,material_for_production
9039,21,Rejected,medium,False,False,4069.0,193.76,office_equipment
9040,17,Rejected,medium,True,True,3485.19,205.01,material_for_production
9041,13,Rejected,high,False,False,1645.53,126.58,other
9042,11,Rejected,medium,False,True,4321.92,392.9,material_for_production
9043,9,Rejected,high,True,True,4837.28,537.48,other
9044,16,Rejected,high,False,True,5787.93,361.75,material_for_production
9045,35,Rejected,medium,False,True,3274.46,93.56,material_for_production
9046,29,Rejected,high,False,False,2549.86,87.93,other
9047,21,Rejected,medium,False,True,2988.31,142.3,material_for_production
9048,17,Rejected,medium,True,True,4867.84,286.34,other
9049,22,Rejected,medium,True,False,1756.79,79.85,material_for_production
9050,16,Rejected,medium,False,True,6822.66,426.42,material_for_production
9051,33,Rejected,medium,True,False,6286.04,190.49,material_for_production
9052,27,Rejected,high,True,True,4103.29,151.97,office_equipment
9053,39,Rejected,low,True,True,3388.66,86.89,other
9054,19,Rejected,high,False,True,6142.45,323.29,material_for_production
9055,33,Rejected,medium,False,True,5452.97,165.24,material_for_production
9056,19,Rejected,high,False,True,6956.66,366.14,other
9057,10,Rejected,medium,False,True,4117.52,411.75,other
9058,34,Rejected,medium,False,True,4936.13,145.18,other
9059,7,Rejected,high,True,True,3509.39,501.34,other
9060,26,Rejected,low,True,True,4670.31,179.63,material_for_production
9061,29,Rejected,high,True,True,5170.58,178.3,material_for_production
9062,29,Rejected,medium,True,True,2509.86,86.55,material_for_production
9063,29,Rejected,high,False,True,6894.62,237.75,office_equipment
9064,35,Rejected,high,True,True,4693.53,134.1,material_for_production
9065,9,Rejected,medium,True,False,1822.81,202.53,material_for_production
9066,19,Rejected,high,False,True,3594.17,189.17,material_for_production
9067,5,Rejected,medium,True,False,4635.89,927.18,material_for_production
9068,22,Rejected,medium,False,True,6002.73,272.85,other
9069,11,Rejected,medium,True,False,2326.35,211.49,other
9070,40,Rejected,medium,False,True,3765.32,94.13,material_for_production
9071,38,Rejected,medium,True,True,2305.48,60.67,office_equipment
9072,21,Rejected,medium,False,True,4003.63,190.65,material_for_production
9073,34,Rejected,medium,True,True,4040.96,118.85,material_for_production
9074,28,Rejected,high,False,False,3976.56,142.02,office_equipment
9075,20,Rejected,high,True,True,3390.95,169.55,other
9076,15,Rejected,medium,False,True,3506.41,233.76,other
9077,18,Rejected,high,True,False,3641.35,202.3,material_for_production
9078,30,Rejected,high,False,True,3013.15,100.44,material_for_production
9079,19,Rejected,medium,True,True,3261.04,171.63,other
9080,25,Rejected,medium,True,False,4067.88,162.72,material_for_production
9081,13,Rejected,medium,True,False,6920.16,532.32,material_for_production
9082,19,Rejected,medium,False,True,1923.39,101.23,other
9083,6,Rejected,high,False,True,5289.57,881.59,material_for_production
9084,18,Rejected,high,False,True,3513.75,195.21,other
9085,28,Rejected,high,True,True,3986.2,142.36,office_equipment
9086,5,Rejected,medium,True,True,3773.5,754.7,material_for_production
9087,25,Rejected,high,False,False,2264.36,90.57,other
9088,28,Rejected,medium,False,False,3261.05,116.47,office_equipment
9089,14,Rejected,high,True,True,5978.36,427.03,other
9090,17,Rejected,medium,True,True,3637.75,213.99,other
9091,19,Rejected,medium,True,True,2923.14,153.85,material_for_production
9092,26,Rejected,medium,True,False,5669.45,218.06,other
9093,36,Rejected,medium,True,True,3130.29,86.95,office_equipment
9094,17,Rejected,medium,False,False,4691.56,275.97,material_for_production
9095,39,Rejected,high,False,True,4574.48,117.29,office_equipment
9096,17,Rejected,medium,True,False,6358.41,374.02,office_equipment
9097,21,Rejected,medium,True,False,1528.24,72.77,other
9098,29,Rejected,medium,False,False,3668.99,126.52,other
9099,39,Rejected,medium,False,True,6064.1,155.49,material_for_production
9100,29,Rejected,low,False,False,4808.62,165.81,material_for_production
9101,37,Rejected,medium,False,True,4349.97,117.57,other
9102,27,Rejected,medium,False,True,3730.51,138.17,material_for_production
9103,28,Rejected,medium,True,True,3488.31,124.58,other
9104,5,Rejected,medium,True,True,6515.33,1303.07,office_equipment
9105,36,Rejected,medium,False,True,1791.47,49.76,material_for_production
9106,8,Rejected,medium,False,False,1882.9,235.36,office_equipment
9107,24,Rejected,high,True,False,4157.87,173.24,office_equipment
9108,36,Rejected,medium,False,True,2645.56,73.49,material_for_production
9109,16,Rejected,medium,True,False,4103.0,256.44,office_equipment
9110,17,Rejected,medium,False,True,3953.46,232.56,material_for_production
9111,39,Rejected,medium,True,False,4703.85,120.61,material_for_production
9112,12,Rejected,medium,False,True,6736.52,561.38,other
9113,26,Rejected,medium,False,True,3145.76,120.99,material_for_production
9114,22,Rejected,low,False,False,3332.49,151.48,office_equipment
9115,24,Rejected,high,True,False,1606.19,66.92,office_equipment
9116,31,Rejected,high,False,True,1529.52,49.34,material_for_production
9117,29,Rejected,medium,True,True,6206.94,214.03,material_for_production
9118,24,Rejected,high,True,False,5575.89,232.33,other
9119,14,Rejected,high,True,True,6017.2,429.8,other
9120,9,Rejected,medium,True,False,2200.54,244.5,office_equipment
9121,19,Rejected,medium,True,True,3129.19,164.69,office_equipment
9122,12,Rejected,medium,True,True,6828.56,569.05,material_for_production
9123,24,Rejected,high,False,True,5025.27,209.39,material_for_production
9124,38,Rejected,medium,True,True,2989.19,78.66,office_equipment
9125,27,Rejected,medium,False,True,6900.96,255.59,office_equipment
9126,17,Rejected,high,False,True,5844.18,343.78,material_for_production
9127,19,Rejected,medium,True,True,4559.08,239.95,material_for_production
9128,30,Rejected,medium,False,False,1814.68,60.49,office_equipment
9129,26,Rejected,high,False,True,1623.63,62.45,office_equipment
9130,36,Rejected,medium,True,False,3638.94,101.08,material_for_production
9131,22,Rejected,medium,False,True,2911.44,132.34,material_for_production
9132,19,Rejected,high,True,False,3006.43,158.23,material_for_production
9133,31,Rejected,medium,False,True,6123.93,197.55,material_for_production
9134,26,Rejected,high,True,False,5132.58,197.41,material_for_production
9135,38,Rejected,medium,False,True,5736.13,150.95,material_for_production
9136,36,Rejected,medium,False,True,6486.01,180.17,office_equipment
9137,5,Rejected,medium,False,True,5078.15,1015.63,material_for_production
9138,17,Rejected,medium,False,True,2337.17,137.48,material_for_production
9139,12,Rejected,medium,True,True,6280.97,523.41,office_equipment
9140,6,Rejected,medium,False,True,5990.61,998.43,other
9141,32,Rejected,medium,True,True,6244.53,195.14,other
9142,25,Rejected,low,False,True,5598.24,223.93,office_equipment
9143,38,Rejected,medium,False,True,3857.1,101.5,office_equipment
9144,37,Rejected,high,True,True,3648.49,98.61,material_for_production
9145,31,Rejected,medium,True,True,1861.99,60.06,office_equipment
9146,22,Rejected,medium,False,True,5325.29,242.06,material_for_production
9147,26,Rejected,medium,False,True,5376.36,206.78,other
9148,29,Rejected,medium,False,True,2490.38,85.88,other
9149,14,Rejected,medium,True,True,3934.67,281.05,office_equipment
9150,9,Rejected,medium,False,False,4659.21,517.69,material_for_production
9151,26,Rejected,medium,False,True,6372.39,245.09,material_for_production
9152,16,Rejected,medium,True,True,4054.45,253.4,other
9153,15,Rejected,high,True,True,3206.79,213.79,office_equipment
9154,27,Rejected,medium,True,True,2055.58,76.13,office_equipment
9155,36,Rejected,medium,False,True,5391.18,149.75,material_for_production
9156,17,Rejected,medium,False,True,4420.95,260.06,other
9157,37,Rejected,high,True,False,1662.92,44.94,other
9158,28,Rejected,medium,False,False,6173.94,220.5,material_for_production
9159,13,Rejected,medium,True,False,2998.42,230.65,office_equipment
9160,5,Rejected,medium,True,True,5527.25,1105.45,office_equipment
9161,34,Rejected,high,False,False,5596.45,164.6,material_for_production
9162,12,Rejected,medium,True,True,4498.72,374.89,office_equipment
9163,21,Rejected,medium,True,True,6338.0,301.81,other
9164,37,Rejected,high,True,False,4324.01,116.87,other
9165,38,Rejected,medium,False,True,4117.99,108.37,office_equipment
9166,38,Rejected,low,False,False,2629.72,69.2,office_equipment
9167,15,Rejected,medium,False,False,2994.19,199.61,material_for_production
9168,6,Rejected,medium,True,True,5379.88,896.65,material_for_production
9169,21,Rejected,high,True,True,6542.75,311.56,material_for_production
9170,24,Rejected,medium,True,True,4666.05,194.42,material_for_production
9171,13,Rejected,high,True,False,3107.31,239.02,material_for_production
9172,19,Rejected,high,False,False,2340.25,123.17,office_equipment
9173,7,Rejected,medium,False,True,5494.3,784.9,material_for_production
9174,32,Rejected,low,True,True,4694.98,146.72,office_equipment
9175,16,Rejected,medium,True,True,3641.82,227.61,material_for_production
9176,39,Rejected,medium,False,True,5445.74,139.63,office_equipment
9177,30,Rejected,medium,False,False,3913.96,130.47,material_for_production
9178,39,Rejected,medium,False,False,3691.06,94.64,material_for_production
9179,19,Rejected,medium,False,False,2613.94,137.58,office_equipment
9180,12,Rejected,medium,False,True,4228.55,352.38,office_equipment
9181,23,Rejected,medium,True,False,6743.8,293.21,material_for_production
9182,8,Rejected,medium,True,True,5356.09,669.51,material_for_production
9183,25,Rejected,medium,True,True,2292.06,91.68,material_for_production
9184,7,Rejected,medium,True,True,5800.65,828.66,office_equipment
9185,40,Rejected,low,True,True,1990.58,49.76,other
9186,33,Rejected,high,True,False,2673.54,81.02,office_equipment
9187,29,Rejected,medium,False,False,2648.36,91.32,material_for_production
9188,19,Rejected,high,True,True,4595.18,241.85,other
9189,14,Rejected,high,True,False,2444.96,174.64,other
9190,27,Rejected,medium,True,False,1645.06,60.93,office_equipment
9191,29,Rejected,high,False,True,5957.99,205.45,material_for_production
9192,29,Rejected,medium,False,True,5774.52,199.12,office_equipment
9193,10,Rejected,high,True,True,2707.14,270.71,material_for_production
9194,38,Rejected,medium,False,True,3766.22,99.11,material_for_production
9195,8,Rejected,high,True,True,4402.28,550.28,office_equipment
9196,18,Rejected,low,False,True,3599.59,199.98,material_for_production
9197,34,Rejected,high,True,True,4315.85,126.94,office_equipment
9198,39,Rejected,high,True,True,5353.71,137.27,office_equipment
9199,31,Rejected,high,True,True,6606.2,213.1,material_for_production
9200,11,Rejected,medium,True,True,4949.73,449.98,office_equipment
9201,37,Rejected,medium,True,True,2147.86,58.05,material_for_production
9202,29,Rejected,high,False,True,3760.91,129.69,material_for_production
9203,39,Rejected,high,False,True,4042.58,103.66,material_for_production
9204,5,Rejected,high,True,True,3928.99,785.8,other
9205,20,Rejected,medium,False,True,1597.46,79.87,office_equipment
9206,17,Rejected,medium,True,True,2896.85,170.4,office_equipment
9207,37,Rejected,medium,False,False,4967.45,134.26,material_for_production
9208,36,Rejected,medium,True,True,3026.75,84.08,office_equipment
9209,13,Rejected,medium,True,True,5244.52,403.42,other
9210,39,Rejected,high,False,True,4767.32,122.24,other
9211,29,Rejected,medium,True,True,2619.99,90.34,office_equipment
9212,22,Rejected,medium,True,True,5827.02,264.86,other
9213,39,Rejected,high,False,False,1647.75,42.25,office_equipment
9214,27,Rejected,medium,False,True,6824.63,252.76,material_for_production
9215,33,Rejected,high,False,True,6551.86,198.54,other
9216,21,Rejected,high,False,True,6450.57,307.17,office_equipment
9217,21,Rejected,high,False,True,3668.12,174.67,office_equipment
9218,9,Rejected,high,False,True,5960.08,662.23,office_equipment
9219,25,Rejected,medium,True,True,3013.25,120.53,material_for_production
9220,18,Rejected,medium,False,True,4148.89,230.49,office_equipment
9221,28,Rejected,medium,False,True,1521.13,54.33,material_for_production
9222,18,Rejected,medium,True,False,6904.31,383.57,other
9223,9,Rejected,medium,False,True,2391.44,265.72,material_for_production
9224,34,Rejected,high,False,True,6285.5,184.87,material_for_production
9225,15,Rejected,high,False,True,4832.96,322.2,other
9226,10,Rejected,medium,True,True,5524.2,552.42,material_for_production
9227,5,Rejected,medium,False,False,6603.04,1320.61,material_for_production
9228,8,Rejected,medium,True,True,5510.24,688.78,material_for_production
9229,30,Rejected,medium,True,False,5743.0,191.43,other
9230,26,Rejected,medium,False,False,3883.04,149.35,other
9231,34,Rejected,medium,False,True,3253.98,95.71,office_equipment
9232,15,Rejected,low,True,True,6424.42,428.29,office_equipment
9233,39,Rejected,medium,True,False,5288.82,135.61,material_for_production
9234,36,Rejected,high,True,False,5799.16,161.09,material_for_production
9235,7,Rejected,high,False,True,3578.46,511.21,material_for_production
9236,8,Rejected,high,True,True,2509.87,313.73,material_for_production
9237,40,Rejected,high,True,True,2608.01,65.2,material_for_production
9238,36,Rejected,medium,True,True,6391.08,177.53,material_for_production
9239,36,Rejected,low,False,True,6614.17,183.73,office_equipment
9240,22,Rejected,medium,False,True,4216.11,191.64,material_for_production
9241,33,Rejected,high,False,True,2165.0,65.61,material_for_production
9242,18,Rejected,medium,True,True,4851.2,269.51,office_equipment
9243,8,Rejected,medium,True,True,6715.97,839.5,office_equipment
9244,35,Rejected,medium,True,True,6073.8,173.54,material_for_production
9245,18,Rejected,medium,True,False,3253.21,180.73,material_for_production
9246,13,Rejected,medium,True,True,6473.29,497.95,material_for_production
9247,14,Rejected,medium,False,True,5370.48,383.61,other
9248,37,Rejected,low,True,False,6598.16,178.33,office_equipment
9249,13,Rejected,medium,True,True,5441.51,418.58,material_for_production
9250,30,Rejected,high,False,True,5002.86,166.76,material_for_production
9251,18,Rejected,high,True,True,5360.91,297.83,material_for_production
9252,27,Rejected,medium,True,False,5311.51,196.72,material_for_production
9253,33,Rejected,medium,True,True,3750.04,113.64,office_equipment
9254,30,Rejected,high,False,False,2192.72,73.09,material_for_production
9255,37,Rejected,low,False,False,4704.06,127.14,material_for_production
9256,13,Rejected,medium,False,True,6145.16,472.7,material_for_production
9257,22,Rejected,high,False,True,3714.77,168.85,material_for_production
9258,26,Rejected,high,True,False,3125.49,120.21,office_equipment
9259,28,Rejected,medium,True,False,3595.14,128.4,other
9260,35,Rejected,high,False,True,4768.72,136.25,material_for_production
9261,31,Rejected,medium,True,True,4436.88,143.13,other
9262,30,Rejected,high,True,True,5165.85,172.2,material_for_production
9263,9,Rejected,high,False,True,4700.7,522.3,office_equipment
9264,10,Rejected,medium,True,False,3127.31,312.73,office_equipment
9265,13,Rejected,high,False,True,2697.31,207.49,material_for_production
9266,30,Rejected,low,False,False,3004.5,100.15,material_for_production
9267,6,Rejected,high,True,False,2082.19,347.03,office_equipment
9268,14,Rejected,medium,False,False,3210.15,229.3,material_for_production
9269,39,Rejected,medium,True,False,2765.62,70.91,material_for_production
9270,10,Rejected,medium,True,True,2812.26,281.23,office_equipment
9271,7,Rejected,low,False,True,6345.56,906.51,material_for_production
9272,7,Rejected,high,True,True,3270.9,467.27,office_equipment
9273,38,Rejected,medium,True,True,3978.88,104.71,material_for_production
9274,28,Rejected,medium,True,True,2350.73,83.95,material_for_production
9275,20,Rejected,medium,True,False,3527.95,176.4,office_equipment
9276,18,Rejected,medium,False,True,6078.37,337.69,material_for_production
9277,24,Rejected,medium,True,False,3724.98,155.21,material_for_production
9278,6,Rejected,medium,False,True,1579.25,263.21,other
9279,16,Rejected,high,True,True,5115.75,319.73,office_equipment
9280,19,Rejected,medium,False,True,3649.08,192.06,material_for_production
9281,40,Rejected,medium,False,True,1807.14,45.18,material_for_production
9282,22,Rejected,high,True,True,2577.35,117.15,office_equipment
9283,5,Rejected,medium,False,True,4280.7,856.14,other
9284,10,Rejected,medium,True,False,2308.11,230.81,office_equipment
9285,32,Rejected,medium,False,True,2607.66,81.49,material_for_production
9286,5,Rejected,low,False,True,6235.95,1247.19,material_for_production
9287,8,Rejected,medium,True,True,6249.75,781.22,material_for_production
9288,12,Rejected,medium,False,True,5506.34,458.86,other
9289,17,Rejected,medium,True,False,1948.51,114.62,other
9290,5,Rejected,high,False,True,3017.11,603.42,office_equipment
9291,27,Rejected,medium,False,True,5182.36,191.94,material_for_production
9292,19,Rejected,medium,False,True,4795.63,252.4,other
9293,31,Rejected,high,True,True,3787.62,122.18,material_for_production
9294,18,Rejected,medium,True,True,3718.37,206.58,material_for_production
9295,7,Rejected,medium,False,True,3035.47,433.64,other
9296,16,Rejected,high,True,True,5537.67,346.1,other
9297,39,Rejected,medium,False,True,6779.9,173.84,other
9298,34,Rejected,high,True,True,1539.96,45.29,material_for_production
9299,27,Rejected,medium,True,True,6885.49,255.02,material_for_production
9300,9,Rejected,medium,True,True,6003.32,667.04,material_for_production
9301,29,Rejected,medium,True,True,5552.43,191.46,other
9302,8,Rejected,medium,False,False,3740.96,467.62,other
9303,6,Rejected,high,False,False,3468.76,578.13,material_for_production
9304,23,Rejected,medium,True,False,5159.16,224.31,material_for_production
9305,30,Rejected,medium,True,True,6030.44,201.01,material_for_production
9306,21,Rejected,medium,False,True,5217.01,248.43,material_for_production
9307,16,Rejected,medium,False,False,1722.11,107.63,office_equipment
9308,29,Rejected,high,False,True,2248.47,77.53,material_for_production
9309,6,Rejected,medium,False,True,6268.88,1044.81,office_equipment
9310,24,Rejected,medium,True,True,6138.75,255.78,material_for_production
9311,17,Rejected,low,True,True,5738.51,337.56,material_for_production
9312,31,Rejected,medium,False,False,2049.68,66.12,other
9313,29,Rejected,high,True,True,5236.3,180.56,office_equipment
9314,31,Rejected,high,False,True,4893.45,157.85,material_for_production
9315,8,Rejected,medium,False,True,6571.19,821.4,other
9316,34,Rejected,medium,False,True,3195.18,93.98,other
9317,10,Rejected,medium,False,False,3337.85,333.78,office_equipment
9318,15,Rejected,medium,False,False,6710.52,447.37,material_for_production
9319,10,Rejected,high,False,True,1602.48,160.25,other
9320,5,Rejected,medium,True,True,4932.02,986.4,material_for_production
9321,7,Rejected,medium,False,True,4125.38,589.34,office_equipment
9322,7,Rejected,medium,True,True,2714.51,387.79,other
9323,40,Rejected,high,True,True,3661.57,91.54,material_for_production
9324,39,Rejected,low,False,True,2996.23,76.83,office_equipment
9325,16,Rejected,high,False,True,3575.2,223.45,other
9326,18,Rejected,medium,True,False,4697.63,260.98,office_equipment
9327,36,Rejected,medium,True,False,6940.52,192.79,material_for_production
9328,11,Rejected,medium,False,False,6602.47,600.22,material_for_production
9329,30,Rejected,medium,True,False,6982.08,232.74,material_for_production
9330,20,Rejected,high,False,True,4468.32,223.42,material_for_production
9331,14,Rejected,medium,True,True,3357.97,239.85,material_for_production
9332,23,Rejected,medium,True,True,5215.09,226.74,material_for_production
9333,23,Rejected,medium,False,True,4550.23,197.84,other
9334,22,Rejected,low,False,True,3576.19,162.55,other
9335,23,Rejected,medium,False,True,4856.41,211.15,office_equipment
9336,16,Rejected,low,False,True,3971.88,248.24,office_equipment
9337,28,Rejected,high,False,False,3612.41,129.01,office_equipment
9338,34,Rejected,medium,False,False,3768.9,110.85,material_for_production
9339,27,Rejected,medium,True,True,4633.69,171.62,office_equipment
9340,16,Rejected,low,False,True,3598.56,224.91,office_equipment
9341,25,Rejected,medium,False,True,4349.1,173.96,material_for_production
9342,37,Rejected,medium,False,False,5756.2,155.57,other
9343,11,Rejected,medium,True,True,2527.46,229.77,material_for_production
9344,37,Rejected,medium,False,True,2560.87,69.21,material_for_production
9345,29,Rejected,low,False,True,2670.71,92.09,office_equipment
9346,20,Rejected,medium,False,True,2163.52,108.18,office_equipment
9347,23,Rejected,medium,False,True,3354.92,145.87,office_equipment
9348,27,Rejected,low,False,True,1658.37,61.42,material_for_production
9349,24,Rejected,medium,True,True,5126.89,213.62,office_equipment
9350,6,Rejected,medium,True,False,5664.59,944.1,office_equipment
9351,7,Rejected,high,True,False,3396.52,485.22,material_for_production
9352,13,Rejected,high,False,True,4156.5,319.73,other
9353,34,Rejected,medium,True,True,6533.1,192.15,material_for_production
9354,5,Rejected,medium,False,False,2676.4,535.28,office_equipment
9355,31,Rejected,medium,False,True,5004.32,161.43,material_for_production
9356,35,Rejected,low,False,False,1980.17,56.58,office_equipment
9357,17,Rejected,high,False,True,6896.01,405.65,material_for_production
9358,15,Rejected,medium,True,True,3028.26,201.88,office_equipment
9359,30,Rejected,medium,True,True,2464.14,82.14,other
9360,24,Rejected,low,True,True,1589.92,66.25,material_for_production
9361,6,Rejected,medium,False,False,5791.95,965.32,other
9362,24,Rejected,high,True,True,1836.33,76.51,material_for_production
9363,17,Rejected,medium,False,False,4643.24,273.13,material_for_production
9364,31,Rejected,high,False,False,5637.61,181.86,office_equipment
9365,9,Rejected,low,False,True,3060.42,340.05,material_for_production
9366,20,Rejected,medium,False,True,1996.13,99.81,office_equipment
9367,36,Rejected,medium,False,True,3776.93,104.91,office_equipment
9368,13,Rejected,medium,False,False,5181.41,398.57,other
9369,40,Rejected,medium,False,False,2739.69,68.49,office_equipment
9370,12,Rejected,high,True,True,6138.33,511.53,office_equipment
9371,17,Rejected,high,True,True,2871.02,168.88,other
9372,37,Rejected,medium,True,False,4836.4,130.71,office_equipment
9373,21,Rejected,high,False,False,6364.3,303.06,material_for_production
9374,9,Rejected,medium,False,True,3787.71,420.86,material_for_production
9375,26,Rejected,high,True,True,2921.48,112.36,office_equipment
9376,17,Rejected,low,True,False,4718.78,277.58,office_equipment
9377,39,Rejected,medium,False,True,2335.41,59.88,material_for_production
9378,27,Rejected,high,False,True,4002.92,148.26,material_for_production
9379,10,Rejected,medium,True,False,4369.14,436.91,other
9380,5,Rejected,medium,False,True,2387.88,477.58,office_equipment
9381,8,Rejected,low,True,False,4957.35,619.67,material_for_production
9382,8,Rejected,low,False,False,4945.76,618.22,material_for_production
9383,31,Rejected,low,True,True,4368.02,140.9,office_equipment
9384,37,Rejected,high,True,True,5993.99,162.0,office_equipment
9385,19,Rejected,medium,True,True,3873.37,203.86,material_for_production
9386,39,Rejected,medium,False,True,2727.73,69.94,other
9387,12,Rejected,medium,True,True,2304.35,192.03,material_for_production
9388,40,Rejected,high,True,True,4744.59,118.61,material_for_production
9389,33,Rejected,high,True,False,1826.12,55.34,other
9390,33,Rejected,medium,True,True,5391.15,163.37,material_for_production
9391,8,Rejected,medium,True,True,6745.24,843.15,material_for_production
9392,37,Rejected,high,False,False,5613.64,151.72,office_equipment
9393,11,Rejected,medium,False,True,6323.38,574.85,material_for_production
9394,35,Rejected,medium,False,True,2304.64,65.85,other
9395,11,Rejected,medium,True,True,5363.11,487.56,other
9396,20,Rejected,high,False,True,2839.55,141.98,office_equipment
9397,17,Rejected,high,False,True,5658.94,332.88,material_for_production
9398,22,Rejected,medium,False,False,1629.81,74.08,other
9399,21,Rejected,medium,True,True,6823.96,324.95,office_equipment
9400,13,Rejected,high,False,False,4446.38,342.03,material_for_production
9401,7,Rejected,medium,False,False,1753.76,250.54,other
9402,39,Rejected,medium,False,True,6602.07,169.28,material_for_production
9403,23,Rejected,medium,True,False,5346.92,232.47,office_equipment
9404,12,Rejected,medium,False,True,5097.54,424.8,material_for_production
9405,25,Rejected,medium,False,False,2351.98,94.08,office_equipment
9406,21,Rejected,medium,True,True,4642.5,221.07,other
9407,11,Rejected,medium,False,True,2067.81,187.98,office_equipment
9408,25,Rejected,medium,False,True,3769.22,150.77,other
9409,17,Rejected,medium,True,False,5408.26,318.13,material_for_production
9410,10,Rejected,high,True,True,6998.67,699.87,material_for_production
9411,6,Rejected,medium,False,False,6419.86,1069.98,material_for_production
9412,30,Rejected,medium,False,False,4816.73,160.56,office_equipment
9413,32,Rejected,high,True,True,3621.45,113.17,office_equipment
9414,34,Rejected,medium,False,True,4654.2,136.89,material_for_production
9415,5,Rejected,high,True,False,5567.91,1113.58,other
9416,28,Rejected,low,True,False,2699.94,96.43,other
9417,30,Rejected,high,False,False,4143.52,138.12,other
9418,24,Rejected,medium,True,True,2755.38,114.81,material_for_production
9419,19,Rejected,medium,True,True,6304.86,331.83,material_for_production
9420,20,Rejected,medium,False,True,3833.88,191.69,office_equipment
9421,11,Rejected,medium,False,True,3226.02,293.27,office_equipment
9422,14,Rejected,medium,True,True,5095.8,363.99,material_for_production
9423,38,Rejected,medium,True,True,1562.57,41.12,material_for_production
9424,17,Rejected,medium,False,True,6849.7,402.92,office_equipment
9425,24,Rejected,medium,False,True,3578.39,149.1,material_for_production
9426,37,Rejected,medium,False,True,5576.49,150.72,office_equipment
9427,16,Rejected,high,True,True,4225.03,264.06,office_equipment
9428,21,Rejected,medium,True,True,3481.22,165.77,office_equipment
9429,8,Rejected,medium,True,True,1757.18,219.65,material_for_production
9430,35,Rejected,high,False,True,6644.24,189.84,other
9431,27,Rejected,high,True,False,3186.49,118.02,material_for_production
9432,22,Rejected,medium,False,True,2925.24,132.97,material_for_production
9433,7,Rejected,medium,True,False,4885.71,697.96,other
9434,34,Rejected,medium,False,True,3244.68,95.43,material_for_production
9435,22,Rejected,medium,True,False,2303.87,104.72,office_equipment
9436,19,Rejected,medium,False,False,4913.46,258.6,material_for_production
9437,5,Rejected,medium,False,True,2427.96,485.59,material_for_production
9438,10,Rejected,medium,True,True,5016.1,501.61,material_for_production
9439,7,Rejected,medium,False,True,1921.46,274.49,office_equipment
9440,14,Rejected,high,False,True,6699.23,478.52,material_for_production
9441,7,Rejected,medium,False,False,6973.93,996.28,material_for_production
9442,39,Rejected,medium,False,True,6413.69,164.45,office_equipment
9443,14,Rejected,medium,False,True,4589.32,327.81,other
9444,31,Rejected,medium,True,True,4518.31,145.75,office_equipment
9445,9,Rejected,high,False,True,1520.0,168.89,other
9446,34,Rejected,medium,False,False,6249.53,183.81,material_for_production
9447,6,Rejected,medium,False,True,3834.42,639.07,office_equipment
9448,15,Rejected,medium,True,True,2704.72,180.31,material_for_production
9449,6,Rejected,high,True,False,4871.78,811.96,office_equipment
9450,18,Rejected,high,True,True,5238.04,291.0,material_for_production
9451,21,Rejected,high,True,True,6308.58,300.41,material_for_production
9452,14,Rejected,medium,True,True,3814.4,272.46,office_equipment
9453,20,Rejected,medium,True,False,3208.03,160.4,material_for_production
9454,22,Rejected,medium,True,True,5846.62,265.76,office_equipment
9455,39,Rejected,medium,True,True,4367.99,112.0,other
9456,12,Rejected,high,True,False,2851.83,237.65,material_for_production
9457,7,Rejected,medium,False,True,5463.12,780.45,office_equipment
9458,34,Rejected,medium,False,False,3947.47,116.1,other
9459,37,Rejected,high,False,True,3617.51,97.77,material_for_production
9460,32,Rejected,medium,False,True,5205.01,162.66,office_equipment
9461,25,Rejected,medium,True,True,3688.99,147.56,office_equipment
9462,24,Rejected,medium,False,True,3737.1,155.71,material_for_production
9463,34,Rejected,medium,True,True,3750.84,110.32,other
9464,17,Rejected,medium,False,False,6572.52,386.62,office_equipment
9465,16,Rejected,high,True,True,2006.1,125.38,other
9466,9,Rejected,medium,True,True,3430.16,381.13,office_equipment
9467,17,Rejected,medium,True,True,4853.74,285.51,material_for_production
9468,15,Rejected,medium,False,True,5865.41,391.03,material_for_production
9469,18,Rejected,high,True,True,1728.55,96.03,other
9470,12,Rejected,medium,False,True,6955.81,579.65,material_for_production
9471,36,Rejected,medium,False,True,5650.76,156.97,material_for_production
9472,19,Rejected,medium,True,False,1933.67,101.77,material_for_production
9473,19,Rejected,medium,True,False,6601.21,347.43,material_for_production
9474,9,Rejected,high,True,True,6297.92,699.77,material_for_production
9475,11,Rejected,medium,True,False,4860.07,441.82,material_for_production
9476,24,Rejected,medium,False,True,3031.69,126.32,material_for_production
9477,33,Rejected,high,False,True,2358.23,71.46,office_equipment
9478,7,Rejected,medium,False,True,6624.06,946.29,office_equipment
9479,34,Rejected,high,False,True,3391.19,99.74,office_equipment
9480,13,Rejected,high,False,True,3599.05,276.85,other
9481,26,Rejected,high,False,False,3121.03,120.04,material_for_production
9482,21,Rejected,medium,True,True,1584.0,75.43,office_equipment
9483,11,Rejected,medium,True,True,5028.8,457.16,office_equipment
9484,27,Rejected,medium,False,True,2322.77,86.03,material_for_production
9485,20,Rejected,low,True,False,4019.92,201.0,office_equipment
9486,13,Rejected,high,True,False,5573.41,428.72,office_equipment
9487,39,Rejected,high,True,True,4106.75,105.3,other
9488,7,Rejected,high,True,True,6769.26,967.04,other
9489,14,Rejected,medium,True,False,2338.28,167.02,material_for_production
9490,15,Rejected,medium,True,True,6023.12,401.54,office_equipment
9491,14,Rejected,medium,True,False,6895.91,492.56,material_for_production
9492,13,Rejected,high,False,True,3585.5,275.81,material_for_production
9493,6,Rejected,high,True,True,3480.87,580.14,material_for_production
9494,31,Rejected,high,False,True,4512.75,145.57,office_equipment
9495,10,Rejected,medium,True,True,6750.03,675.0,material_for_production
9496,11,Rejected,medium,True,True,6592.68,599.33,office_equipment
9497,23,Rejected,medium,True,True,6093.75,264.95,other
9498,30,Rejected,high,True,False,2143.16,71.44,other
9499,36,Rejected,medium,True,False,4006.96,111.3,material_for_production
9500,36,Rejected,medium,False,False,5003.98,139.0,material_for_production
9501,16,Rejected,medium,False,True,6958.07,434.88,office_equipment
9502,22,Rejected,high,True,False,5732.5,260.57,material_for_production
9503,13,Rejected,medium,False,True,2746.39,211.26,material_for_production
9504,9,Rejected,low,True,False,2918.13,324.24,other
9505,38,Rejected,medium,True,False,1845.4,48.56,office_equipment
9506,37,Rejected,high,False,True,6383.19,172.52,material_for_production
9507,16,Rejected,medium,True,True,2935.27,183.45,material_for_production
9508,25,Rejected,medium,False,False,6652.72,266.11,other
9509,39,Rejected,medium,True,False,3501.81,89.79,material_for_production
9510,33,Rejected,medium,False,True,4075.35,123.5,other
9511,35,Rejected,medium,True,True,1920.65,54.88,material_for_production
9512,19,Rejected,medium,False,True,2076.98,109.31,material_for_production
9513,35,Rejected,high,True,True,4424.82,126.42,material_for_production
9514,5,Rejected,medium,False,True,5695.91,1139.18,material_for_production
9515,12,Rejected,low,True,True,6904.71,575.39,material_for_production
9516,24,Rejected,medium,False,True,5453.95,227.25,material_for_production
9517,23,Rejected,medium,True,False,3376.01,146.78,material_for_production
9518,31,Rejected,medium,True,True,3693.22,119.14,office_equipment
9519,31,Rejected,medium,False,False,3764.63,121.44,material_for_production
9520,16,Rejected,medium,True,True,2146.94,134.18,office_equipment
9521,9,Rejected,medium,False,True,6602.29,733.59,material_for_production
9522,9,Rejected,medium,False,True,5594.87,621.65,material_for_production
9523,34,Rejected,medium,True,False,2833.93,83.35,material_for_production
9524,9,Rejected,low,False,True,4574.21,508.25,office_equipment
9525,9,Rejected,medium,True,True,3236.51,359.61,office_equipment
9526,39,Rejected,medium,True,True,1772.92,45.46,office_equipment
9527,25,Rejected,medium,False,False,4776.41,191.06,office_equipment
9528,29,Rejected,medium,True,False,2644.38,91.19,material_for_production
9529,15,Rejected,medium,True,True,4961.84,330.79,other
9530,7,Rejected,low,False,True,4834.78,690.68,material_for_production
9531,22,Rejected,high,False,False,6616.86,300.77,material_for_production
9532,40,Rejected,medium,False,True,5170.73,129.27,material_for_production
9533,10,Rejected,high,False,True,4994.96,499.5,material_for_production
9534,37,Rejected,high,False,True,5114.91,138.24,other
9535,11,Rejected,high,False,True,3205.13,291.38,material_for_production
9536,7,Rejected,high,False,False,4794.9,684.99,office_equipment
9537,23,Rejected,high,True,False,5558.38,241.67,other
9538,36,Rejected,medium,True,False,2681.94,74.5,other
9539,12,Rejected,high,False,True,6850.8,570.9,other
9540,6,Rejected,medium,True,True,2042.67,340.44,office_equipment
9541,18,Rejected,medium,False,True,6730.59,373.92,other
9542,23,Rejected,medium,False,True,3658.89,159.08,office_equipment
9543,40,Rejected,high,False,False,1974.76,49.37,office_equipment
9544,19,Rejected,medium,True,True,6632.25,349.07,material_for_production
9545,23,Rejected,medium,False,True,2101.01,91.35,material_for_production
9546,15,Rejected,medium,True,True,5284.33,352.29,material_for_production
9547,23,Rejected,low,True,True,2246.04,97.65,office_equipment
9548,15,Rejected,medium,False,False,5207.78,347.19,material_for_production
9549,6,Rejected,medium,True,True,2236.33,372.72,material_for_production
9550,13,Rejected,high,False,False,4829.93,371.53,material_for_production
9551,24,Rejected,medium,False,True,6961.46,290.06,office_equipment
9552,27,Rejected,high,False,True,5674.11,210.15,material_for_production
9553,35,Rejected,high,False,True,1570.73,44.88,other
9554,35,Rejected,medium,True,True,4856.92,138.77,material_for_production
9555,6,Rejected,medium,True,True,6676.96,1112.83,other
9556,26,Rejected,medium,True,False,4858.53,186.87,material_for_production
9557,37,Rejected,high,True,True,6929.86,187.29,material_for_production
9558,34,Rejected,high,True,True,4324.05,127.18,office_equipment
9559,6,Rejected,high,True,True,1577.7,262.95,material_for_production
9560,12,Rejected,medium,True,False,3149.3,262.44,office_equipment
9561,21,Rejected,medium,False,True,4144.2,197.34,material_for_production
9562,14,Rejected,medium,True,True,1634.95,116.78,office_equipment
9563,12,Rejected,medium,False,True,3672.7,306.06,office_equipment
9564,24,Rejected,high,True,True,2877.95,119.91,other
9565,26,Rejected,high,False,True,5058.95,194.57,material_for_production
9566,7,Rejected,high,True,False,6115.25,873.61,material_for_production
9567,22,Rejected,high,True,False,2622.6,119.21,material_for_production
9568,8,Rejected,medium,False,True,2408.29,301.04,office_equipment
9569,20,Rejected,medium,True,True,1512.12,75.61,office_equipment
9570,19,Rejected,low,False,True,6745.92,355.05,other
9571,31,Rejected,medium,False,True,1614.15,52.07,office_equipment
9572,22,Rejected,low,True,True,6962.24,316.47,material_for_production
9573,40,Rejected,medium,True,False,2720.25,68.01,material_for_production
9574,25,Rejected,high,False,True,4179.62,167.18,material_for_production
9575,15,Rejected,high,False,False,4938.85,329.26,office_equipment
9576,36,Rejected,medium,True,True,6685.54,185.71,material_for_production
9577,7,Rejected,low,False,True,6011.26,858.75,material_for_production
9578,37,Rejected,medium,True,False,6411.12,173.27,material_for_production
9579,21,Rejected,medium,True,True,5434.24,258.77,material_for_production
9580,7,Rejected,medium,False,False,5480.58,782.94,office_equipment
9581,38,Rejected,medium,True,True,1989.08,52.34,other
9582,16,Rejected,high,True,False,4457.68,278.61,material_for_production
9583,9,Rejected,medium,True,False,3108.67,345.41,material_for_production
9584,14,Rejected,low,False,False,4865.68,347.55,material_for_production
9585,29,Rejected,medium,True,False,6152.94,212.17,other
9586,34,Rejected,high,True,False,2433.97,71.59,office_equipment
9587,35,Rejected,medium,False,True,6629.22,189.41,material_for_production
9588,23,Rejected,medium,True,False,5967.9,259.47,other
9589,23,Rejected,low,False,True,3256.05,141.57,office_equipment
9590,12,Rejected,medium,False,True,4686.32,390.53,other
9591,12,Rejected,medium,True,True,3439.36,286.61,office_equipment
9592,27,Rejected,medium,True,True,3764.53,139.43,other
9593,12,Rejected,low,True,True,1640.88,136.74,material_for_production
9594,38,Rejected,medium,True,True,6345.79,166.99,office_equipment
9595,33,Rejected,medium,True,True,5626.47,170.5,other
9596,16,Rejected,high,False,True,6934.73,433.42,office_equipment
9597,13,Rejected,high,True,True,6961.68,535.51,material_for_production
9598,20,Rejected,medium,False,True,4614.76,230.74,other
9599,24,Rejected,medium,False,True,5609.57,233.73,material_for_production
9600,13,Rejected,medium,False,True,4122.85,317.14,material_for_production
9601,26,Rejected,medium,True,False,5232.35,201.24,office_equipment
9602,28,Rejected,medium,False,False,5029.06,179.61,material_for_production
9603,21,Rejected,medium,True,False,5143.23,244.92,other
9604,40,Rejected,high,False,True,6524.61,163.12,material_for_production
9605,39,Rejected,medium,False,False,5765.37,147.83,material_for_production
9606,26,Rejected,high,False,True,6255.36,240.59,material_for_production
9607,28,Rejected,medium,False,True,3262.76,116.53,other
9608,5,Rejected,medium,True,True,5829.67,1165.93,office_equipment
9609,39,Rejected,medium,True,True,1859.19,47.67,office_equipment
9610,8,Rejected,medium,True,True,6444.67,805.58,office_equipment
9611,39,Rejected,high,False,False,2161.43,55.42,other
9612,14,Rejected,medium,True,True,6260.45,447.18,material_for_production
9613,11,Rejected,high,False,True,4909.47,446.32,office_equipment
9614,12,Rejected,medium,True,True,3638.36,303.2,material_for_production
9615,19,Rejected,medium,True,True,5736.6,301.93,other
9616,22,Rejected,medium,True,False,4791.13,217.78,office_equipment
9617,32,Rejected,high,False,False,2393.6,74.8,material_for_production
9618,10,Rejected,high,False,True,4335.0,433.5,other
9619,10,Rejected,medium,False,False,1847.31,184.73,material_for_production
9620,7,Rejected,medium,False,False,2034.55,290.65,office_equipment
9621,30,Rejected,medium,False,False,2196.89,73.23,office_equipment
9622,24,Rejected,medium,False,True,6964.47,290.19,office_equipment
9623,25,Rejected,medium,True,False,1811.09,72.44,material_for_production
9624,25,Rejected,high,False,True,5097.73,203.91,material_for_production
9625,38,Rejected,high,True,False,5577.78,146.78,other
9626,16,Rejected,medium,False,False,4270.49,266.91,other
9627,23,Rejected,medium,False,True,3516.85,152.91,office_equipment
9628,40,Rejected,high,True,True,3027.23,75.68,office_equipment
9629,21,Rejected,medium,False,True,3636.09,173.15,material_for_production
9630,28,Rejected,medium,True,False,2367.14,84.54,material_for_production
9631,8,Rejected,high,False,True,6272.03,784.0,other
9632,25,Rejected,high,True,True,2786.45,111.46,office_equipment
9633,5,Rejected,medium,True,True,4652.76,930.55,material_for_production
9634,10,Rejected,medium,True,True,1721.37,172.14,other
9635,39,Rejected,medium,False,False,6342.62,162.63,other
9636,13,Rejected,high,True,True,6334.97,487.31,material_for_production
9637,5,Rejected,medium,False,True,5988.09,1197.62,material_for_production
9638,38,Rejected,high,False,False,3843.69,101.15,material_for_production
9639,36,Rejected,low,True,False,3662.22,101.73,material_for_production
9640,13,Rejected,high,False,False,5046.09,388.16,office_equipment
9641,23,Rejected,high,False,False,5139.48,223.46,other
9642,32,Rejected,low,True,True,1761.41,55.04,material_for_production
9643,28,Rejected,medium,False,True,6417.66,229.2,material_for_production
9644,7,Rejected,medium,True,True,4364.09,623.44,other
9645,11,Rejected,high,False,True,2856.37,259.67,material_for_production
9646,7,Rejected,medium,True,True,5743.82,820.55,office_equipment
9647,32,Rejected,medium,False,True,5636.68,176.15,material_for_production
9648,29,Rejected,medium,True,False,4494.62,154.99,office_equipment
9649,21,Rejected,medium,False,True,2998.86,142.8,material_for_production
9650,17,Rejected,medium,True,True,5208.93,306.41,other
9651,29,Rejected,medium,True,True,4663.46,160.81,office_equipment
9652,37,Rejected,medium,True,True,5435.11,146.89,other
9653,8,Rejected,medium,True,True,3370.32,421.29,material_for_production
9654,32,Rejected,medium,True,True,2217.28,69.29,material_for_production
9655,12,Rejected,high,True,True,6077.53,506.46,material_for_production
9656,5,Rejected,high,True,True,2293.69,458.74,office_equipment
9657,25,Rejected,high,True,True,6868.78,274.75,material_for_production
9658,32,Rejected,high,True,True,2739.39,85.61,other
9659,33,Rejected,medium,False,True,5027.26,152.34,office_equipment
9660,24,Rejected,medium,False,True,5721.74,238.41,material_for_production
9661,38,Rejected,medium,False,True,3437.91,90.47,office_equipment
9662,39,Rejected,medium,False,True,4995.23,128.08,material_for_production
9663,6,Rejected,medium,False,True,6274.31,1045.72,office_equipment
9664,19,Rejected,medium,True,True,1851.88,97.47,other
9665,27,Rejected,medium,True,True,3281.23,121.53,office_equipment
9666,7,Rejected,medium,True,True,5026.06,718.01,material_for_production
9667,29,Rejected,medium,True,True,4715.89,162.62,office_equipment
9668,9,Rejected,medium,True,True,3711.02,412.34,material_for_production
9669,20,Rejected,medium,True,True,2405.82,120.29,office_equipment
9670,6,Rejected,high,True,True,6618.13,1103.02,material_for_production
9671,34,Rejected,medium,True,True,4915.73,144.58,material_for_production
9672,20,Rejected,medium,True,True,3962.4,198.12,material_for_production
9673,11,Rejected,medium,False,True,2003.73,182.16,material_for_production
9674,27,Rejected,medium,False,True,2430.92,90.03,office_equipment
9675,34,Rejected,medium,True,False,2006.49,59.01,other
9676,13,Rejected,high,False,True,5070.7,390.05,other
9677,40,Rejected,medium,True,False,1615.94,40.4,material_for_production
9678,14,Rejected,low,True,False,2192.45,156.6,other
9679,15,Rejected,high,False,True,1597.21,106.48,office_equipment
9680,39,Rejected,medium,False,True,4157.52,106.6,material_for_production
9681,18,Rejected,high,False,True,4417.03,245.39,office_equipment
9682,11,Rejected,high,False,True,4871.8,442.89,material_for_production
9683,22,Rejected,medium,False,True,1704.79,77.49,office_equipment
9684,33,Rejected,high,True,False,3700.86,112.15,office_equipment
9685,5,Rejected,medium,False,False,2882.58,576.52,other
9686,32,Rejected,high,False,False,2442.89,76.34,material_for_production
9687,8,Rejected,medium,False,True,2994.98,374.37,material_for_production
9688,32,Rejected,medium,True,True,6257.57,195.55,material_for_production
9689,21,Rejected,high,False,False,3762.06,179.15,material_for_production
9690,26,Rejected,medium,False,True,6046.89,232.57,other
9691,38,Rejected,low,False,True,4790.49,126.07,office_equipment
9692,30,Rejected,high,True,True,5946.86,198.23,office_equipment
9693,19,Rejected,medium,False,False,5311.66,279.56,office_equipment
9694,21,Rejected,medium,True,False,6984.28,332.58,office_equipment
9695,20,Rejected,medium,False,True,3431.25,171.56,other
9696,32,Rejected,medium,True,True,4938.27,154.32,office_equipment
9697,17,Rejected,low,False,False,2299.71,135.28,other
9698,34,Rejected,medium,True,False,3868.63,113.78,other
9699,5,Rejected,medium,True,True,6513.58,1302.72,office_equipment
9700,6,Rejected,high,False,True,6683.26,1113.88,material_for_production
9701,17,Rejected,medium,False,False,5416.53,318.62,office_equipment
9702,18,Rejected,high,False,True,2672.0,148.44,other
9703,8,Rejected,medium,False,False,1518.42,189.8,office_equipment
9704,7,Rejected,medium,False,True,5686.48,812.35,material_for_production
9705,18,Rejected,medium,False,False,3902.05,216.78,material_for_production
9706,28,Rejected,medium,False,True,5258.97,187.82,material_for_production
9707,9,Rejected,medium,False,False,5012.61,556.96,office_equipment
9708,25,Rejected,high,False,True,1811.15,72.45,office_equipment
9709,5,Rejected,high,False,True,4016.52,803.3,other
9710,12,Rejected,high,False,True,4713.33,392.78,office_equipment
9711,10,Rejected,high,True,False,4682.77,468.28,material_for_production
9712,19,Rejected,medium,False,False,6251.31,329.02,material_for_production
9713,10,Rejected,medium,False,True,6994.53,699.45,office_equipment
9714,24,Rejected,medium,True,True,3623.28,150.97,material_for_production
9715,9,Rejected,high,True,True,1716.88,190.76,office_equipment
9716,34,Rejected,medium,False,True,5405.13,158.97,material_for_production
9717,31,Rejected,high,True,True,1745.03,56.29,material_for_production
9718,15,Rejected,medium,False,True,6256.83,417.12,office_equipment
9719,31,Rejected,medium,True,True,3111.32,100.37,material_for_production
9720,8,Rejected,medium,False,True,3460.03,432.5,office_equipment
9721,30,Rejected,medium,True,True,6341.55,211.39,office_equipment
9722,20,Rejected,medium,True,True,2464.92,123.25,material_for_production
9723,16,Rejected,medium,True,True,4142.08,258.88,material_for_production
9724,13,Rejected,high,False,True,3093.36,237.95,material_for_production
9725,15,Rejected,high,True,True,2958.95,197.26,other
9726,15,Rejected,medium,False,False,4996.62,333.11,material_for_production
9727,22,Rejected,medium,True,True,2893.05,131.5,material_for_production
9728,13,Rejected,high,True,True,4434.18,341.09,office_equipment
9729,16,Rejected,medium,True,False,1968.48,123.03,material_for_production
9730,14,Rejected,medium,False,True,6238.66,445.62,material_for_production
9731,7,Rejected,high,False,True,3314.58,473.51,office_equipment
9732,25,Rejected,high,False,True,2882.52,115.3,material_for_production
9733,27,Rejected,medium,True,True,3119.91,115.55,office_equipment
9734,17,Rejected,high,True,True,4206.64,247.45,other
9735,27,Rejected,low,False,True,6205.15,229.82,material_for_production
9736,12,Rejected,medium,True,True,6920.4,576.7,office_equipment
9737,12,Rejected,high,True,True,2297.07,191.42,office_equipment
9738,11,Rejected,medium,False,True,6130.5,557.32,office_equipment
9739,28,Rejected,low,False,True,5527.51,197.41,material_for_production
9740,12,Rejected,low,False,False,1740.23,145.02,material_for_production
9741,5,Rejected,medium,False,False,4445.09,889.02,material_for_production
9742,18,Rejected,medium,False,True,4702.79,261.27,office_equipment
9743,39,Rejected,high,True,True,5208.67,133.56,material_for_production
9744,40,Rejected,low,True,True,3869.01,96.73,material_for_production
9745,37,Rejected,high,True,True,1679.2,45.38,material_for_production
9746,25,Rejected,high,False,True,6618.99,264.76,material_for_production
9747,17,Rejected,high,True,True,3679.84,216.46,other
9748,26,Rejected,medium,True,False,2262.92,87.04,material_for_production
9749,39,Rejected,medium,True,True,2949.34,75.62,material_for_production
9750,39,Rejected,high,False,True,4074.89,104.48,material_for_production
9751,32,Rejected,medium,True,True,4338.08,135.56,other
9752,35,Rejected,high,True,True,2540.42,72.58,material_for_production
9753,21,Rejected,medium,False,True,2247.86,107.04,office_equipment
9754,27,Rejected,medium,True,False,6440.05,238.52,office_equipment
9755,13,Rejected,medium,False,True,1887.36,145.18,other
9756,32,Rejected,medium,False,False,1590.55,49.7,material_for_production
9757,15,Rejected,medium,True,True,6428.5,428.57,material_for_production
9758,9,Rejected,high,False,False,5228.27,580.92,office_equipment
9759,7,Rejected,medium,True,True,4195.1,599.3,office_equipment
9760,10,Rejected,medium,False,True,5267.88,526.79,other
9761,27,Rejected,high,False,True,3428.23,126.97,office_equipment
9762,39,Rejected,high,False,True,3520.35,90.27,material_for_production
9763,32,Rejected,high,False,True,5832.22,182.26,office_equipment
9764,18,Rejected,high,False,True,3510.53,195.03,office_equipment
9765,27,Rejected,low,False,True,5198.99,192.56,other
9766,36,Rejected,medium,False,False,3808.54,105.79,other
9767,32,Rejected,medium,False,True,6728.04,210.25,material_for_production
9768,37,Rejected,high,True,False,5374.57,145.26,material_for_production
9769,40,Rejected,medium,True,False,5981.26,149.53,office_equipment
9770,36,Rejected,medium,True,False,4804.02,133.45,material_for_production
9771,7,Rejected,medium,True,True,2298.06,328.29,material_for_production
9772,33,Rejected,medium,False,False,3024.89,91.66,material_for_production
9773,31,Rejected,medium,False,True,5205.23,167.91,material_for_production
9774,30,Rejected,medium,False,True,3049.82,101.66,office_equipment
9775,31,Rejected,medium,False,False,3003.09,96.87,office_equipment
9776,10,Rejected,high,False,True,6783.25,678.33,office_equipment
9777,40,Rejected,medium,True,True,4517.55,112.94,office_equipment
9778,26,Rejected,high,False,False,3153.18,121.28,material_for_production
9779,28,Rejected,high,False,True,6858.48,244.95,material_for_production
9780,12,Rejected,medium,True,False,4345.51,362.13,material_for_production
9781,30,Rejected,low,True,True,5714.9,190.5,office_equipment
9782,9,Rejected,medium,False,True,2205.0,245.0,other
9783,38,Rejected,medium,False,True,3152.63,82.96,other
9784,15,Rejected,medium,False,True,5016.18,334.41,other
9785,21,Rejected,medium,True,True,6250.3,297.63,material_for_production
9786,18,Rejected,high,False,True,3184.62,176.92,office_equipment
9787,33,Rejected,medium,False,True,3047.82,92.36,office_equipment
9788,7,Rejected,high,True,True,6822.62,974.66,material_for_production
9789,22,Rejected,medium,True,False,5921.83,269.17,material_for_production
9790,15,Rejected,medium,True,True,2243.8,149.59,office_equipment
9791,19,Rejected,high,False,True,3824.48,201.29,material_for_production
9792,31,Rejected,medium,True,True,3747.68,120.89,other
9793,21,Rejected,medium,True,True,6651.8,316.75,material_for_production
9794,6,Rejected,medium,False,True,2227.41,371.23,office_equipment
9795,39,Rejected,medium,False,True,3273.25,83.93,other
9796,17,Rejected,medium,True,True,3519.8,207.05,material_for_production
9797,10,Rejected,medium,True,False,4564.2,456.42,material_for_production
9798,37,Rejected,medium,True,True,3380.33,91.36,material_for_production
9799,38,Rejected,high,True,True,2127.13,55.98,material_for_production
9800,23,Rejected,medium,False,False,2015.19,87.62,other
9801,30,Rejected,high,False,True,4564.44,152.15,material_for_production
9802,7,Rejected,medium,True,False,6469.99,924.28,office_equipment
9803,11,Rejected,medium,False,True,5377.22,488.84,material_for_production
9804,25,Rejected,medium,False,True,1977.93,79.12,material_for_production
9805,34,Rejected,medium,True,True,2338.67,68.78,material_for_production
9806,29,Rejected,low,True,True,1666.23,57.46,material_for_production
9807,14,Rejected,medium,False,True,1512.48,108.03,material_for_production
9808,23,Rejected,high,True,True,2669.64,116.07,material_for_production
9809,17,Rejected,low,False,True,4120.12,242.36,material_for_production
9810,7,Rejected,medium,True,True,4429.77,632.82,material_for_production
9811,10,Rejected,medium,False,False,4338.92,433.89,material_for_production
9812,5,Rejected,medium,True,True,6531.55,1306.31,material_for_production
9813,18,Rejected,medium,True,True,3198.09,177.67,material_for_production
9814,39,Rejected,low,False,False,4251.96,109.02,material_for_production
9815,16,Rejected,high,True,True,6921.39,432.59,office_equipment
9816,27,Rejected,low,False,True,4986.31,184.68,material_for_production
9817,28,Rejected,high,False,False,2732.33,97.58,material_for_production
9818,40,Rejected,medium,True,True,5658.32,141.46,office_equipment
9819,23,Rejected,high,False,True,4467.7,194.25,material_for_production
9820,11,Rejected,medium,True,True,2316.9,210.63,material_for_production
9821,25,Rejected,high,False,True,4516.33,180.65,material_for_production
9822,36,Rejected,medium,False,True,2107.32,58.54,material_for_production
9823,21,Rejected,medium,True,True,1549.4,73.78,material_for_production
9824,26,Rejected,medium,False,True,2013.72,77.45,material_for_production
9825,35,Rejected,high,True,False,5078.51,145.1,material_for_production
9826,36,Rejected,high,False,True,4172.42,115.9,material_for_production
9827,13,Rejected,medium,True,True,5293.53,407.19,other
9828,12,Rejected,medium,True,False,2805.89,233.82,office_equipment
9829,17,Rejected,medium,True,False,3167.72,186.34,office_equipment
9830,10,Rejected,high,False,True,4468.75,446.88,office_equipment
9831,33,Rejected,medium,True,True,5866.06,177.76,material_for_production
9832,24,Rejected,high,True,True,2013.78,83.91,material_for_production
9833,40,Rejected,medium,True,False,4405.96,110.15,material_for_production
9834,36,Rejected,medium,False,False,5877.21,163.26,material_for_production
9835,14,Rejected,medium,True,False,2041.44,145.82,office_equipment
9836,17,Rejected,medium,False,True,4208.37,247.55,other
9837,9,Rejected,medium,False,True,2194.53,243.84,office_equipment
9838,5,Rejected,high,True,True,2397.74,479.55,other
9839,15,Rejected,medium,False,True,4333.49,288.9,office_equipment
9840,6,Rejected,high,False,True,6832.6,1138.77,office_equipment
9841,24,Rejected,high,False,True,6710.8,279.62,material_for_production
9842,9,Rejected,medium,True,False,2839.2,315.47,office_equipment
9843,20,Rejected,medium,False,False,5848.13,292.41,material_for_production
9844,40,Rejected,high,False,True,3616.8,90.42,material_for_production
9845,7,Rejected,high,False,True,2780.58,397.23,office_equipment
9846,40,Rejected,high,False,False,3844.2,96.1,material_for_production
9847,29,Rejected,medium,False,True,5695.01,196.38,material_for_production
9848,40,Rejected,medium,True,True,2107.22,52.68,material_for_production
9849,11,Rejected,medium,True,False,6424.56,584.05,other
9850,30,Rejected,medium,True,False,5165.89,172.2,other
9851,15,Rejected,medium,False,False,2308.11,153.87,other
9852,17,Rejected,medium,False,True,6454.15,379.66,other
9853,29,Rejected,high,True,True,4908.83,169.27,material_for_production
9854,19,Rejected,medium,True,False,2022.62,106.45,material_for_production
9855,32,Rejected,high,True,False,4807.97,150.25,other
9856,9,Rejected,medium,False,True,5208.67,578.74,material_for_production
9857,40,Rejected,medium,False,True,5108.64,127.72,other
9858,22,Rejected,medium,True,True,5109.44,232.25,office_equipment
9859,31,Rejected,medium,True,False,1534.27,49.49,other
9860,11,Rejected,low,True,True,2496.77,226.98,office_equipment
9861,21,Rejected,high,False,False,6970.05,331.91,material_for_production
9862,24,Rejected,low,False,False,4443.11,185.13,office_equipment
9863,20,Rejected,high,False,True,5085.46,254.27,material_for_production
9864,27,Rejected,high,False,True,2771.43,102.65,material_for_production
9865,38,Rejected,medium,False,True,2993.54,78.78,material_for_production
9866,23,Rejected,medium,True,True,5932.37,257.93,material_for_production
9867,7,Rejected,medium,False,False,4222.05,603.15,other
9868,35,Rejected,high,False,True,5525.74,157.88,material_for_production
9869,25,Rejected,high,False,True,2699.14,107.97,material_for_production
9870,9,Rejected,medium,True,True,4775.56,530.62,material_for_production
9871,33,Rejected,high,False,True,5313.06,161.0,material_for_production
9872,12,Rejected,high,False,True,6111.57,509.3,other
9873,40,Rejected,medium,False,True,4514.01,112.85,other
9874,25,Rejected,medium,True,True,6135.89,245.44,other
9875,23,Rejected,medium,True,False,4030.28,175.23,other
9876,32,Rejected,high,False,True,4489.35,140.29,office_equipment
9877,31,Rejected,high,False,False,5892.3,190.07,material_for_production
9878,26,Rejected,low,True,True,4048.74,155.72,material_for_production
9879,14,Rejected,low,True,True,4718.86,337.06,material_for_production
9880,6,Rejected,medium,True,True,5568.24,928.04,other
9881,34,Rejected,high,True,False,5485.5,161.34,material_for_production
9882,36,Rejected,high,True,True,6271.55,174.21,material_for_production
9883,27,Rejected,medium,True,True,2836.0,105.04,material_for_production
9884,22,Rejected,medium,False,True,2371.4,107.79,material_for_production
9885,33,Rejected,medium,False,True,4367.82,132.36,other
9886,17,Rejected,high,False,False,3091.32,181.84,material_for_production
9887,15,Rejected,high,False,True,6492.48,432.83,material_for_production
9888,9,Rejected,high,False,False,3343.51,371.5,material_for_production
9889,38,Rejected,medium,True,True,1772.57,46.65,material_for_production
9890,16,Rejected,medium,False,True,1873.15,117.07,other
9891,14,Rejected,medium,False,True,6742.45,481.6,material_for_production
9892,13,Rejected,medium,False,False,3296.48,253.58,other
9893,28,Rejected,medium,True,True,4660.66,166.45,office_equipment
9894,11,Rejected,high,False,True,1656.3,150.57,material_for_production
9895,10,Rejected,medium,True,True,4508.55,450.86,material_for_production
9896,22,Rejected,medium,True,True,3521.81,160.08,office_equipment
9897,24,Rejected,medium,True,True,6652.78,277.2,other
9898,16,Rejected,medium,True,False,4771.59,298.22,office_equipment
9899,33,Rejected,medium,True,True,3132.93,94.94,office_equipment
9900,32,Rejected,medium,False,True,2710.83,84.71,material_for_production
9901,33,Rejected,medium,True,False,2537.69,76.9,material_for_production
9902,24,Rejected,medium,True,False,2096.48,87.35,office_equipment
9903,12,Rejected,low,True,False,1936.38,161.37,material_for_production
9904,32,Rejected,high,True,True,3407.08,106.47,office_equipment
9905,21,Rejected,medium,False,True,5327.41,253.69,other
9906,26,Rejected,medium,True,True,2382.73,91.64,other
9907,38,Rejected,medium,True,True,4232.55,111.38,other
9908,23,Rejected,high,False,True,3581.36,155.71,other
9909,10,Rejected,medium,False,False,3387.37,338.74,material_for_production
9910,15,Rejected,low,True,False,6155.14,410.34,material_for_production
9911,13,Rejected,high,False,True,4975.51,382.73,material_for_production
9912,33,Rejected,high,True,True,6979.37,211.5,material_for_production
9913,40,Rejected,high,False,True,1847.66,46.19,other
9914,12,Rejected,medium,False,True,6995.19,582.93,office_equipment
9915,10,Rejected,medium,False,True,6382.63,638.26,office_equipment
9916,23,Rejected,high,False,True,4003.12,174.05,office_equipment
9917,18,Rejected,medium,False,True,5670.4,315.02,material_for_production
9918,24,Rejected,medium,False,False,2639.42,109.98,office_equipment
9919,14,Rejected,medium,True,True,6948.03,496.29,material_for_production
9920,9,Rejected,high,True,True,5480.89,608.99,office_equipment
9921,22,Rejected,high,False,True,4119.19,187.24,office_equipment
9922,23,Rejected,medium,True,True,5637.45,245.11,office_equipment
9923,39,Rejected,medium,True,True,3792.02,97.23,other
9924,22,Rejected,high,False,True,3817.35,173.52,office_equipment
9925,5,Rejected,medium,False,False,2138.05,427.61,other
9926,36,Rejected,medium,False,True,1775.49,49.32,material_for_production
9927,35,Rejected,high,True,False,6943.11,198.37,material_for_production
9928,13,Rejected,medium,True,True,4078.6,313.74,material_for_production
9929,31,Rejected,medium,False,True,4606.55,148.6,material_for_production
9930,7,Rejected,medium,False,True,5977.27,853.9,office_equipment
9931,35,Rejected,high,False,True,4645.44,132.73,material_for_production
9932,27,Rejected,medium,False,True,6825.18,252.78,material_for_production
9933,34,Rejected,high,False,True,6072.63,178.61,material_for_production
9934,19,Rejected,high,False,True,2648.97,139.42,material_for_production
9935,10,Rejected,high,False,False,5860.71,586.07,other
9936,13,Rejected,high,True,True,2657.27,204.41,other
9937,12,Rejected,medium,False,True,6723.82,560.32,office_equipment
9938,7,Rejected,high,False,True,6266.95,895.28,office_equipment
9939,38,Rejected,medium,False,True,4688.76,123.39,office_equipment
9940,20,Rejected,medium,False,True,2556.14,127.81,office_equipment
9941,32,Rejected,high,True,False,3565.59,111.42,other
9942,26,Rejected,medium,True,False,5922.16,227.78,office_equipment
9943,13,Rejected,medium,False,True,1875.17,144.24,material_for_production
9944,24,Rejected,high,False,False,3425.36,142.72,material_for_production
9945,15,Rejected,high,True,False,3266.27,217.75,other
9946,40,Rejected,medium,True,True,1777.83,44.45,office_equipment
9947,19,Rejected,medium,True,False,2457.27,129.33,material_for_production
9948,8,Rejected,medium,False,True,4891.93,611.49,material_for_production
9949,19,Rejected,medium,True,True,2386.46,125.6,office_equipment
9950,21,Rejected,medium,True,True,4153.44,197.78,material_for_production
9951,22,Rejected,high,False,True,2939.57,133.62,office_equipment
9952,38,Rejected,medium,False,False,3112.16,81.9,material_for_production
9953,28,Rejected,medium,True,True,4627.47,165.27,office_equipment
9954,38,Rejected,medium,False,True,5405.95,142.26,office_equipment
9955,28,Rejected,medium,False,False,2135.43,76.27,office_equipment
9956,23,Rejected,medium,False,True,4012.75,174.47,material_for_production
9957,39,Rejected,medium,False,True,4123.7,105.74,material_for_production
9958,36,Rejected,high,False,True,6873.25,190.92,office_equipment
9959,26,Rejected,medium,False,False,1628.78,62.65,material_for_production
9960,23,Rejected,medium,False,True,5681.35,247.02,material_for_production
9961,16,Rejected,medium,False,True,2737.5,171.09,material_for_production
9962,17,Rejected,medium,True,True,5572.47,327.79,material_for_production
9963,17,Rejected,high,False,False,5532.6,325.45,material_for_production
9964,40,Rejected,low,True,False,3399.07,84.98,other
9965,35,Rejected,medium,True,False,6735.28,192.44,material_for_production
9966,13,Rejected,high,False,False,6382.45,490.96,material_for_production
9967,12,Rejected,high,False,True,3877.67,323.14,material_for_production
9968,10,Rejected,medium,True,True,4443.2,444.32,office_equipment
9969,27,Rejected,medium,False,True,4087.38,151.38,material_for_production
9970,13,Rejected,medium,False,True,6703.25,515.63,other
9971,34,Rejected,medium,True,True,1968.5,57.9,material_for_production
9972,7,Rejected,medium,True,True,5771.01,824.43,office_equipment
9973,15,Rejected,medium,False,False,5552.78,370.19,other
9974,33,Rejected,high,True,True,3050.15,92.43,material_for_production
9975,23,Rejected,medium,True,True,2307.15,100.31,office_equipment
9976,25,Rejected,medium,True,False,3238.71,129.55,material_for_production
9977,35,Rejected,medium,False,True,3301.91,94.34,office_equipment
9978,6,Rejected,medium,True,True,4572.54,762.09,material_for_production
9979,40,Rejected,medium,False,False,5972.7,149.32,material_for_production
9980,30,Rejected,medium,True,True,2460.81,82.03,material_for_production
9981,14,Rejected,low,True,True,4504.15,321.72,material_for_production
9982,19,Rejected,medium,False,True,3968.5,208.87,material_for_production
9983,29,Rejected,medium,True,True,4844.22,167.04,material_for_production
9984,35,Rejected,high,True,True,2867.67,81.93,material_for_production
9985,16,Rejected,medium,False,False,3154.64,197.16,office_equipment
9986,15,Rejected,high,False,False,2499.62,166.64,other
9987,11,Rejected,medium,True,True,4694.88,426.81,office_equipment
9988,15,Rejected,medium,True,False,4497.33,299.82,material_for_production
9989,19,Rejected,medium,False,False,1991.47,104.81,material_for_production
9990,23,Rejected,low,True,True,5592.01,243.13,other
9991,35,Rejected,medium,False,True,6874.88,196.43,material_for_production
9992,6,Rejected,medium,False,True,6503.62,1083.94,material_for_production
9993,19,Rejected,medium,False,True,6962.11,366.43,other
9994,20,Rejected,medium,True,False,3729.48,186.47,office_equipment
9995,5,Rejected,medium,True,False,1604.26,320.85,office_equipment
9996,27,Rejected,medium,True,True,3004.52,111.28,other
9997,38,Rejected,medium,True,False,1693.99,44.58,material_for_production
9998,33,Rejected,high,False,True,2698.84,81.78,material_for_production
9999,15,Rejected,medium,True,True,4178.59,278.57,material_for_production
10000,33,Rejected,medium,False,True,6427.91,194.79,material_for_production
